-- phpMyAdmin SQL Dump
-- version 4.6.4
-- https://www.phpmyadmin.net/
--
-- Host: 127.0.0.1
-- Generation Time: Nov 01, 2017 at 06:38 AM
-- Server version: 5.7.14
-- PHP Version: 5.6.25

SET SQL_MODE = "NO_AUTO_VALUE_ON_ZERO";
SET time_zone = "+00:00";


/*!40101 SET @OLD_CHARACTER_SET_CLIENT=@@CHARACTER_SET_CLIENT */;
/*!40101 SET @OLD_CHARACTER_SET_RESULTS=@@CHARACTER_SET_RESULTS */;
/*!40101 SET @OLD_COLLATION_CONNECTION=@@COLLATION_CONNECTION */;
/*!40101 SET NAMES utf8mb4 */;

--
-- Database: `databizs_org_19374w`
--

-- --------------------------------------------------------

--
-- Table structure for table `app_screen_user`
--

CREATE TABLE `app_screen_user` (
  `tbl_id` int(10) UNSIGNED NOT NULL,
  `id` int(10) NOT NULL,
  `app_slug` tinytext COLLATE latin1_bin NOT NULL,
  `model` tinytext COLLATE latin1_bin NOT NULL,
  `method` text COLLATE latin1_bin NOT NULL
) ENGINE=InnoDB DEFAULT CHARSET=latin1 COLLATE=latin1_bin;

--
-- Dumping data for table `app_screen_user`
--

INSERT INTO `app_screen_user` (`tbl_id`, `id`, `app_slug`, `model`, `method`) VALUES
(1, 1, 'sysadmin', 'home', '{"index": "r"}'),
(2, 1, 'nsadmin', 'home', '{"index": "r"}');

-- --------------------------------------------------------

--
-- Table structure for table `group_class`
--

CREATE TABLE `group_class` (
  `id` tinyint(2) NOT NULL,
  `ext_id` smallint(3) DEFAULT NULL,
  `title` varchar(35) COLLATE utf8_bin NOT NULL,
  `title_eng_gae_variant` varchar(35) COLLATE utf8_bin DEFAULT NULL,
  `abbr` varchar(7) COLLATE utf8_bin NOT NULL,
  `group_super_id` tinyint(2) NOT NULL DEFAULT '0',
  `gender` enum('A','M','F') CHARACTER SET latin1 COLLATE latin1_bin NOT NULL DEFAULT 'A',
  `type_id` tinyint(2) UNSIGNED NOT NULL DEFAULT '0',
  `active` tinyint(1) NOT NULL DEFAULT '0',
  `weight` tinyint(2) UNSIGNED NOT NULL DEFAULT '0',
  `updated` datetime NOT NULL,
  `updated_by` int(6) NOT NULL
) ENGINE=InnoDB DEFAULT CHARSET=utf8 COLLATE=utf8_bin;

--
-- Dumping data for table `group_class`
--

INSERT INTO `group_class` (`id`, `ext_id`, `title`, `title_eng_gae_variant`, `abbr`, `group_super_id`, `gender`, `type_id`, `active`, `weight`, `updated`, `updated_by`) VALUES
(1, 5, '1-R5', NULL, '1st-5', 3, 'A', 0, 1, 4, '2017-10-29 12:12:59', -1),
(2, 6, '1-R6', NULL, '1st-6', 3, 'A', 0, 1, 5, '2017-10-29 12:12:59', -1),
(3, 7, '2-R7', NULL, '2nd-7', 4, 'A', 0, 1, 6, '2017-10-29 12:12:59', -1),
(4, 8, '2-R8', NULL, '2nd-8', 4, 'A', 0, 1, 7, '2017-10-29 12:12:59', -1),
(5, 9, '3-R10', NULL, '3rd-10', 5, 'A', 0, 1, 9, '2017-10-29 12:12:59', -1),
(6, 10, '3-R9', NULL, '3rd-9', 5, 'A', 0, 1, 8, '2017-10-29 12:12:59', -1),
(7, 11, '4-R12', NULL, '4th-12', 6, 'A', 0, 1, 11, '2017-10-29 12:12:59', -1),
(8, 12, '4-R11', NULL, '4th-11', 6, 'A', 0, 1, 10, '2017-10-29 12:12:59', -1),
(9, 13, '5-R14', NULL, '5th-14', 7, 'A', 0, 1, 13, '2017-10-29 12:12:59', -1),
(10, 14, '5-R13', NULL, '5th-13', 7, 'A', 0, 1, 12, '2017-10-29 12:12:59', -1),
(11, 15, '6-R15', NULL, '6th-15', 8, 'A', 0, 1, 14, '2017-10-29 12:12:59', -1),
(12, 16, 'JI-R1', NULL, 'JI-R1', 1, 'A', 0, 1, 0, '2017-10-29 12:12:59', -1),
(13, 17, 'JI-R2', NULL, 'JI-R2', 1, 'A', 0, 1, 1, '2017-10-29 12:12:59', -1),
(14, 18, 'SI-R4', NULL, 'SI-R4', 2, 'A', 0, 1, 3, '2017-10-29 12:12:59', -1),
(15, 19, 'SI-R3', NULL, 'SI-R3', 2, 'A', 0, 1, 2, '2017-10-29 12:12:59', -1),
(16, 20, '6-R16', NULL, '6th-16', 8, 'A', 0, 1, 15, '2017-10-29 12:12:59', -1);

-- --------------------------------------------------------

--
-- Table structure for table `group_leader`
--

CREATE TABLE `group_leader` (
  `tbl_id` int(6) UNSIGNED NOT NULL,
  `id` int(10) UNSIGNED NOT NULL,
  `group_class_id` smallint(5) UNSIGNED NOT NULL,
  `group_super_id` smallint(5) UNSIGNED NOT NULL,
  `leader_begin` date NOT NULL,
  `leader_end` date DEFAULT NULL,
  `updated` datetime NOT NULL,
  `updated_by` int(6) NOT NULL
) ENGINE=InnoDB DEFAULT CHARSET=latin1;

--
-- Dumping data for table `group_leader`
--

INSERT INTO `group_leader` (`tbl_id`, `id`, `group_class_id`, `group_super_id`, `leader_begin`, `leader_end`, `updated`, `updated_by`) VALUES
(1, 11, 1, 3, '2017-10-29', NULL, '2017-10-29 12:12:59', -1),
(2, 7, 2, 3, '2017-10-29', NULL, '2017-10-29 12:12:59', -1),
(3, 5, 3, 4, '2017-10-29', NULL, '2017-10-29 12:12:59', -1),
(4, 12, 4, 4, '2017-10-29', NULL, '2017-10-29 12:12:59', -1),
(5, 10, 5, 5, '2017-10-29', NULL, '2017-10-29 12:12:59', -1),
(6, 13, 6, 5, '2017-10-29', NULL, '2017-10-29 12:12:59', -1),
(7, 16, 7, 6, '2017-10-29', NULL, '2017-10-29 12:12:59', -1),
(8, 6, 8, 6, '2017-10-29', NULL, '2017-10-29 12:12:59', -1),
(9, 2, 9, 7, '2017-10-29', NULL, '2017-10-29 12:12:59', -1),
(10, 3, 10, 7, '2017-10-29', NULL, '2017-10-29 12:12:59', -1),
(11, 14, 11, 8, '2017-10-29', NULL, '2017-10-29 12:12:59', -1),
(12, 17, 12, 1, '2017-10-29', NULL, '2017-10-29 12:12:59', -1),
(13, 18, 12, 1, '2017-10-29', NULL, '2017-10-29 12:12:59', -1),
(14, 8, 13, 1, '2017-10-29', NULL, '2017-10-29 12:12:59', -1),
(15, 4, 14, 2, '2017-10-29', NULL, '2017-10-29 12:12:59', -1),
(16, 15, 15, 2, '2017-10-29', NULL, '2017-10-29 12:12:59', -1),
(17, 9, 16, 8, '2017-10-29', NULL, '2017-10-29 12:12:59', -1);

-- --------------------------------------------------------

--
-- Table structure for table `group_super`
--

CREATE TABLE `group_super` (
  `id` tinyint(2) NOT NULL,
  `ext_id` smallint(6) DEFAULT NULL,
  `title` varchar(35) COLLATE utf8_bin NOT NULL,
  `title_eng_gae_variant` varchar(35) COLLATE utf8_bin DEFAULT NULL,
  `abbr` varchar(5) COLLATE utf8_bin NOT NULL,
  `active` tinyint(1) UNSIGNED NOT NULL DEFAULT '0',
  `current` tinyint(1) UNSIGNED NOT NULL DEFAULT '1',
  `weight` tinyint(2) UNSIGNED NOT NULL DEFAULT '0',
  `updated` datetime NOT NULL,
  `updated_by` int(6) NOT NULL
) ENGINE=InnoDB DEFAULT CHARSET=utf8 COLLATE=utf8_bin;

--
-- Dumping data for table `group_super`
--

INSERT INTO `group_super` (`id`, `ext_id`, `title`, `title_eng_gae_variant`, `abbr`, `active`, `current`, `weight`, `updated`, `updated_by`) VALUES
(1, 1, 'Infants', NULL, 'Inf', 1, 1, 0, '2017-10-29 12:12:59', -1),
(2, 2, 'Senior Infants', NULL, 'SenIn', 1, 1, 0, '2017-10-29 12:12:59', -1),
(3, 3, 'First Class', NULL, 'FirCl', 1, 1, 0, '2017-10-29 12:12:59', -1),
(4, 4, 'Second Class', NULL, 'SecCl', 1, 1, 0, '2017-10-29 12:12:59', -1),
(5, 5, 'Third Class', NULL, 'ThiCl', 1, 1, 0, '2017-10-29 12:12:59', -1),
(6, 6, 'Fourth Class', NULL, 'FouCl', 1, 1, 0, '2017-10-29 12:12:59', -1),
(7, 7, 'Fifth Class', NULL, 'FifCl', 1, 1, 0, '2017-10-29 12:12:59', -1),
(8, 8, 'Sixth Class', NULL, 'SixCl', 1, 1, 0, '2017-10-29 12:12:59', -1),
(9, 9, 'Other', NULL, 'Oth', 1, 1, 0, '2017-10-29 12:12:59', -1);

-- --------------------------------------------------------

--
-- Table structure for table `member_assistant`
--

CREATE TABLE `member_assistant` (
  `tbl_id` int(6) UNSIGNED NOT NULL,
  `id` int(10) UNSIGNED NOT NULL,
  `assistant_id` int(10) UNSIGNED NOT NULL,
  `assistant_begin` date NOT NULL,
  `assistant_end` date DEFAULT NULL,
  `updated` datetime NOT NULL,
  `updated_by` int(6) NOT NULL
) ENGINE=InnoDB DEFAULT CHARSET=latin1;

--
-- Dumping data for table `member_assistant`
--

INSERT INTO `member_assistant` (`tbl_id`, `id`, `assistant_id`, `assistant_begin`, `assistant_end`, `updated`, `updated_by`) VALUES
(1, 27, 21, '2017-10-29', NULL, '2017-10-29 12:13:00', -1),
(2, 65, 19, '2017-10-29', NULL, '2017-10-29 12:13:00', -1),
(3, 77, 19, '2017-10-29', NULL, '2017-10-29 12:13:00', -1),
(4, 84, 19, '2017-10-29', NULL, '2017-10-29 12:13:00', -1),
(5, 87, 20, '2017-10-29', NULL, '2017-10-29 12:13:00', -1),
(6, 90, 20, '2017-10-29', NULL, '2017-10-29 12:13:00', -1),
(7, 93, 20, '2017-10-29', NULL, '2017-10-29 12:13:00', -1),
(8, 94, 20, '2017-10-29', NULL, '2017-10-29 12:13:00', -1),
(9, 99, 20, '2017-10-29', NULL, '2017-10-29 12:13:00', -1),
(10, 100, 20, '2017-10-29', NULL, '2017-10-29 12:13:00', -1),
(11, 103, 20, '2017-10-29', NULL, '2017-10-29 12:13:00', -1),
(12, 114, 23, '2017-10-29', NULL, '2017-10-29 12:13:00', -1),
(13, 117, 23, '2017-10-29', NULL, '2017-10-29 12:13:00', -1),
(14, 118, 20, '2017-10-29', NULL, '2017-10-29 12:13:00', -1),
(15, 121, 23, '2017-10-29', NULL, '2017-10-29 12:13:00', -1),
(16, 122, 23, '2017-10-29', NULL, '2017-10-29 12:13:00', -1),
(17, 124, 23, '2017-10-29', NULL, '2017-10-29 12:13:00', -1),
(18, 125, 23, '2017-10-29', NULL, '2017-10-29 12:13:00', -1),
(19, 129, 23, '2017-10-29', NULL, '2017-10-29 12:13:00', -1),
(20, 130, 20, '2017-10-29', NULL, '2017-10-29 12:13:00', -1),
(21, 132, 20, '2017-10-29', NULL, '2017-10-29 12:13:00', -1),
(22, 137, 20, '2017-10-29', NULL, '2017-10-29 12:13:00', -1),
(23, 138, 20, '2017-10-29', NULL, '2017-10-29 12:13:00', -1),
(24, 140, 23, '2017-10-29', NULL, '2017-10-29 12:13:00', -1),
(25, 141, 24, '2017-10-29', NULL, '2017-10-29 12:13:00', -1),
(26, 146, 21, '2017-10-29', NULL, '2017-10-29 12:13:00', -1),
(27, 147, 26, '2017-10-29', NULL, '2017-10-29 12:13:00', -1),
(28, 155, 21, '2017-10-29', NULL, '2017-10-29 12:13:00', -1),
(29, 156, 21, '2017-10-29', NULL, '2017-10-29 12:13:00', -1),
(30, 157, 26, '2017-10-29', NULL, '2017-10-29 12:13:00', -1),
(31, 161, 26, '2017-10-29', NULL, '2017-10-29 12:13:00', -1),
(32, 163, 26, '2017-10-29', NULL, '2017-10-29 12:13:00', -1),
(33, 164, 26, '2017-10-29', NULL, '2017-10-29 12:13:00', -1),
(34, 171, 21, '2017-10-29', NULL, '2017-10-29 12:13:00', -1),
(35, 173, 19, '2017-10-29', NULL, '2017-10-29 12:13:00', -1),
(36, 175, 19, '2017-10-29', NULL, '2017-10-29 12:13:00', -1),
(37, 177, 19, '2017-10-29', NULL, '2017-10-29 12:13:00', -1),
(38, 194, 19, '2017-10-29', NULL, '2017-10-29 12:13:00', -1),
(39, 197, 19, '2017-10-29', NULL, '2017-10-29 12:13:00', -1),
(40, 200, 19, '2017-10-29', NULL, '2017-10-29 12:13:00', -1),
(41, 201, 19, '2017-10-29', NULL, '2017-10-29 12:13:00', -1),
(42, 205, 21, '2017-10-29', NULL, '2017-10-29 12:13:00', -1),
(43, 208, 24, '2017-10-29', NULL, '2017-10-29 12:13:00', -1),
(44, 209, 24, '2017-10-29', NULL, '2017-10-29 12:13:00', -1),
(45, 210, 24, '2017-10-29', NULL, '2017-10-29 12:13:00', -1),
(46, 212, 24, '2017-10-29', NULL, '2017-10-29 12:13:00', -1),
(47, 214, 24, '2017-10-29', NULL, '2017-10-29 12:13:00', -1),
(48, 219, 24, '2017-10-29', NULL, '2017-10-29 12:13:00', -1),
(49, 230, 26, '2017-10-29', NULL, '2017-10-29 12:13:00', -1),
(50, 234, 19, '2017-10-29', NULL, '2017-10-29 12:13:00', -1),
(51, 236, 19, '2017-10-29', NULL, '2017-10-29 12:13:00', -1),
(52, 241, 19, '2017-10-29', NULL, '2017-10-29 12:13:00', -1),
(53, 244, 24, '2017-10-29', NULL, '2017-10-29 12:13:00', -1),
(54, 246, 24, '2017-10-29', NULL, '2017-10-29 12:13:00', -1),
(55, 250, 24, '2017-10-29', NULL, '2017-10-29 12:13:00', -1),
(56, 254, 26, '2017-10-29', NULL, '2017-10-29 12:13:00', -1),
(57, 257, 26, '2017-10-29', NULL, '2017-10-29 12:13:00', -1),
(58, 260, 26, '2017-10-29', NULL, '2017-10-29 12:13:00', -1),
(59, 267, 26, '2017-10-29', NULL, '2017-10-29 12:13:00', -1),
(60, 268, 26, '2017-10-29', NULL, '2017-10-29 12:13:00', -1),
(61, 270, 20, '2017-10-29', NULL, '2017-10-29 12:13:00', -1),
(62, 271, 20, '2017-10-29', NULL, '2017-10-29 12:13:00', -1),
(63, 274, 20, '2017-10-29', NULL, '2017-10-29 12:13:00', -1),
(64, 276, 20, '2017-10-29', NULL, '2017-10-29 12:13:00', -1),
(65, 282, 26, '2017-10-29', NULL, '2017-10-29 12:13:00', -1),
(66, 284, 20, '2017-10-29', NULL, '2017-10-29 12:13:00', -1),
(67, 290, 25, '2017-10-29', NULL, '2017-10-29 12:13:00', -1),
(68, 291, 22, '2017-10-29', NULL, '2017-10-29 12:13:00', -1),
(69, 296, 22, '2017-10-29', NULL, '2017-10-29 12:13:00', -1),
(70, 299, 22, '2017-10-29', NULL, '2017-10-29 12:13:00', -1),
(71, 300, 22, '2017-10-29', NULL, '2017-10-29 12:13:00', -1),
(72, 302, 22, '2017-10-29', NULL, '2017-10-29 12:13:00', -1),
(73, 310, 22, '2017-10-29', NULL, '2017-10-29 12:13:00', -1),
(74, 316, 22, '2017-10-29', NULL, '2017-10-29 12:13:00', -1),
(75, 317, 22, '2017-10-29', NULL, '2017-10-29 12:13:00', -1),
(76, 320, 22, '2017-10-29', NULL, '2017-10-29 12:13:00', -1),
(77, 324, 22, '2017-10-29', NULL, '2017-10-29 12:13:00', -1),
(78, 329, 22, '2017-10-29', NULL, '2017-10-29 12:13:00', -1),
(79, 330, 22, '2017-10-29', NULL, '2017-10-29 12:13:00', -1),
(80, 333, 22, '2017-10-29', NULL, '2017-10-29 12:13:00', -1),
(81, 337, 22, '2017-10-29', NULL, '2017-10-29 12:13:00', -1),
(82, 342, 21, '2017-10-29', NULL, '2017-10-29 12:13:00', -1),
(83, 352, 21, '2017-10-29', NULL, '2017-10-29 12:13:00', -1),
(84, 364, 21, '2017-10-29', NULL, '2017-10-29 12:13:00', -1),
(85, 393, 24, '2017-10-29', NULL, '2017-10-29 12:13:00', -1),
(86, 399, 25, '2017-10-29', NULL, '2017-10-29 12:13:00', -1),
(87, 410, 25, '2017-10-29', NULL, '2017-10-29 12:13:00', -1),
(88, 413, 25, '2017-10-29', NULL, '2017-10-29 12:13:00', -1),
(89, 415, 25, '2017-10-29', NULL, '2017-10-29 12:13:00', -1),
(90, 418, 25, '2017-10-29', NULL, '2017-10-29 12:13:00', -1),
(91, 419, 25, '2017-10-29', NULL, '2017-10-29 12:13:00', -1),
(92, 422, 25, '2017-10-29', NULL, '2017-10-29 12:13:00', -1),
(93, 424, 25, '2017-10-29', NULL, '2017-10-29 12:13:00', -1),
(94, 439, 23, '2017-10-29', NULL, '2017-10-29 12:13:00', -1),
(95, 440, 23, '2017-10-29', NULL, '2017-10-29 12:13:00', -1),
(96, 445, 25, '2017-10-29', NULL, '2017-10-29 12:13:00', -1),
(97, 455, 25, '2017-10-29', NULL, '2017-10-29 12:13:00', -1),
(98, 460, 25, '2017-10-29', NULL, '2017-10-29 12:13:00', -1),
(99, 469, 25, '2017-10-29', NULL, '2017-10-29 12:13:00', -1),
(100, 479, 23, '2017-10-29', NULL, '2017-10-29 12:13:00', -1);

-- --------------------------------------------------------

--
-- Table structure for table `member_group_class`
--

CREATE TABLE `member_group_class` (
  `tbl_id` int(6) UNSIGNED NOT NULL,
  `id` int(10) UNSIGNED NOT NULL,
  `group_class_id` smallint(5) UNSIGNED NOT NULL,
  `group_super_id` smallint(5) NOT NULL,
  `in_group_begin` date NOT NULL,
  `in_group_end` date DEFAULT NULL,
  `updated` datetime NOT NULL,
  `updated_by` int(6) NOT NULL
) ENGINE=InnoDB DEFAULT CHARSET=latin1;

--
-- Dumping data for table `member_group_class`
--

INSERT INTO `member_group_class` (`tbl_id`, `id`, `group_class_id`, `group_super_id`, `in_group_begin`, `in_group_end`, `updated`, `updated_by`) VALUES
(1, 27, 1, 3, '2017-10-29', NULL, '2017-10-29 12:12:59', -1),
(2, 28, 1, 3, '2017-10-29', NULL, '2017-10-29 12:12:59', -1),
(3, 29, 1, 3, '2017-10-29', NULL, '2017-10-29 12:12:59', -1),
(4, 30, 1, 3, '2017-10-29', NULL, '2017-10-29 12:12:59', -1),
(5, 31, 1, 3, '2017-10-29', NULL, '2017-10-29 12:12:59', -1),
(6, 32, 1, 3, '2017-10-29', NULL, '2017-10-29 12:12:59', -1),
(7, 33, 1, 3, '2017-10-29', NULL, '2017-10-29 12:12:59', -1),
(8, 34, 1, 3, '2017-10-29', NULL, '2017-10-29 12:12:59', -1),
(9, 35, 1, 3, '2017-10-29', NULL, '2017-10-29 12:12:59', -1),
(10, 36, 1, 3, '2017-10-29', NULL, '2017-10-29 12:12:59', -1),
(11, 37, 1, 3, '2017-10-29', NULL, '2017-10-29 12:12:59', -1),
(12, 38, 1, 3, '2017-10-29', NULL, '2017-10-29 12:12:59', -1),
(13, 39, 1, 3, '2017-10-29', NULL, '2017-10-29 12:12:59', -1),
(14, 40, 1, 3, '2017-10-29', NULL, '2017-10-29 12:12:59', -1),
(15, 41, 1, 3, '2017-10-29', NULL, '2017-10-29 12:12:59', -1),
(16, 42, 1, 3, '2017-10-29', NULL, '2017-10-29 12:12:59', -1),
(17, 43, 1, 3, '2017-10-29', NULL, '2017-10-29 12:12:59', -1),
(18, 44, 1, 3, '2017-10-29', NULL, '2017-10-29 12:12:59', -1),
(19, 45, 1, 3, '2017-10-29', NULL, '2017-10-29 12:12:59', -1),
(20, 46, 1, 3, '2017-10-29', NULL, '2017-10-29 12:12:59', -1),
(21, 47, 1, 3, '2017-10-29', NULL, '2017-10-29 12:12:59', -1),
(22, 48, 1, 3, '2017-10-29', NULL, '2017-10-29 12:12:59', -1),
(23, 49, 1, 3, '2017-10-29', NULL, '2017-10-29 12:12:59', -1),
(24, 50, 1, 3, '2017-10-29', NULL, '2017-10-29 12:12:59', -1),
(25, 51, 1, 3, '2017-10-29', NULL, '2017-10-29 12:12:59', -1),
(26, 52, 1, 3, '2017-10-29', NULL, '2017-10-29 12:12:59', -1),
(27, 53, 1, 3, '2017-10-29', NULL, '2017-10-29 12:12:59', -1),
(28, 54, 1, 3, '2017-10-29', NULL, '2017-10-29 12:12:59', -1),
(29, 55, 1, 3, '2017-10-29', NULL, '2017-10-29 12:12:59', -1),
(30, 56, 1, 3, '2017-10-29', NULL, '2017-10-29 12:12:59', -1),
(31, 57, 2, 3, '2017-10-29', NULL, '2017-10-29 12:12:59', -1),
(32, 58, 2, 3, '2017-10-29', NULL, '2017-10-29 12:12:59', -1),
(33, 59, 2, 3, '2017-10-29', NULL, '2017-10-29 12:12:59', -1),
(34, 60, 2, 3, '2017-10-29', NULL, '2017-10-29 12:12:59', -1),
(35, 61, 2, 3, '2017-10-29', NULL, '2017-10-29 12:12:59', -1),
(36, 62, 2, 3, '2017-10-29', NULL, '2017-10-29 12:12:59', -1),
(37, 63, 2, 3, '2017-10-29', NULL, '2017-10-29 12:12:59', -1),
(38, 64, 2, 3, '2017-10-29', NULL, '2017-10-29 12:12:59', -1),
(39, 65, 2, 3, '2017-10-29', NULL, '2017-10-29 12:12:59', -1),
(40, 66, 2, 3, '2017-10-29', NULL, '2017-10-29 12:12:59', -1),
(41, 67, 2, 3, '2017-10-29', NULL, '2017-10-29 12:12:59', -1),
(42, 68, 2, 3, '2017-10-29', NULL, '2017-10-29 12:12:59', -1),
(43, 69, 2, 3, '2017-10-29', NULL, '2017-10-29 12:12:59', -1),
(44, 70, 2, 3, '2017-10-29', NULL, '2017-10-29 12:12:59', -1),
(45, 71, 2, 3, '2017-10-29', NULL, '2017-10-29 12:12:59', -1),
(46, 72, 2, 3, '2017-10-29', NULL, '2017-10-29 12:12:59', -1),
(47, 73, 2, 3, '2017-10-29', NULL, '2017-10-29 12:12:59', -1),
(48, 74, 2, 3, '2017-10-29', NULL, '2017-10-29 12:12:59', -1),
(49, 75, 2, 3, '2017-10-29', NULL, '2017-10-29 12:12:59', -1),
(50, 76, 2, 3, '2017-10-29', NULL, '2017-10-29 12:12:59', -1),
(51, 77, 2, 3, '2017-10-29', NULL, '2017-10-29 12:12:59', -1),
(52, 78, 2, 3, '2017-10-29', NULL, '2017-10-29 12:12:59', -1),
(53, 79, 2, 3, '2017-10-29', NULL, '2017-10-29 12:12:59', -1),
(54, 80, 2, 3, '2017-10-29', NULL, '2017-10-29 12:12:59', -1),
(55, 81, 2, 3, '2017-10-29', NULL, '2017-10-29 12:12:59', -1),
(56, 82, 2, 3, '2017-10-29', NULL, '2017-10-29 12:12:59', -1),
(57, 83, 2, 3, '2017-10-29', NULL, '2017-10-29 12:12:59', -1),
(58, 84, 2, 3, '2017-10-29', NULL, '2017-10-29 12:12:59', -1),
(59, 85, 3, 4, '2017-10-29', NULL, '2017-10-29 12:12:59', -1),
(60, 86, 3, 4, '2017-10-29', NULL, '2017-10-29 12:12:59', -1),
(61, 87, 3, 4, '2017-10-29', NULL, '2017-10-29 12:12:59', -1),
(62, 88, 3, 4, '2017-10-29', NULL, '2017-10-29 12:12:59', -1),
(63, 89, 3, 4, '2017-10-29', NULL, '2017-10-29 12:12:59', -1),
(64, 90, 3, 4, '2017-10-29', NULL, '2017-10-29 12:12:59', -1),
(65, 91, 3, 4, '2017-10-29', NULL, '2017-10-29 12:12:59', -1),
(66, 92, 3, 4, '2017-10-29', NULL, '2017-10-29 12:12:59', -1),
(67, 93, 3, 4, '2017-10-29', NULL, '2017-10-29 12:12:59', -1),
(68, 94, 3, 4, '2017-10-29', NULL, '2017-10-29 12:12:59', -1),
(69, 95, 3, 4, '2017-10-29', NULL, '2017-10-29 12:12:59', -1),
(70, 96, 3, 4, '2017-10-29', NULL, '2017-10-29 12:12:59', -1),
(71, 97, 3, 4, '2017-10-29', NULL, '2017-10-29 12:12:59', -1),
(72, 98, 3, 4, '2017-10-29', NULL, '2017-10-29 12:12:59', -1),
(73, 99, 3, 4, '2017-10-29', NULL, '2017-10-29 12:12:59', -1),
(74, 100, 3, 4, '2017-10-29', NULL, '2017-10-29 12:12:59', -1),
(75, 101, 3, 4, '2017-10-29', NULL, '2017-10-29 12:12:59', -1),
(76, 102, 3, 4, '2017-10-29', NULL, '2017-10-29 12:12:59', -1),
(77, 103, 3, 4, '2017-10-29', NULL, '2017-10-29 12:12:59', -1),
(78, 104, 3, 4, '2017-10-29', NULL, '2017-10-29 12:12:59', -1),
(79, 105, 3, 4, '2017-10-29', NULL, '2017-10-29 12:12:59', -1),
(80, 106, 3, 4, '2017-10-29', NULL, '2017-10-29 12:12:59', -1),
(81, 107, 3, 4, '2017-10-29', NULL, '2017-10-29 12:12:59', -1),
(82, 108, 3, 4, '2017-10-29', NULL, '2017-10-29 12:12:59', -1),
(83, 109, 3, 4, '2017-10-29', NULL, '2017-10-29 12:12:59', -1),
(84, 110, 3, 4, '2017-10-29', NULL, '2017-10-29 12:12:59', -1),
(85, 111, 3, 4, '2017-10-29', NULL, '2017-10-29 12:12:59', -1),
(86, 112, 3, 4, '2017-10-29', NULL, '2017-10-29 12:12:59', -1),
(87, 113, 3, 4, '2017-10-29', NULL, '2017-10-29 12:12:59', -1),
(88, 114, 4, 4, '2017-10-29', NULL, '2017-10-29 12:12:59', -1),
(89, 115, 4, 4, '2017-10-29', NULL, '2017-10-29 12:12:59', -1),
(90, 116, 4, 4, '2017-10-29', NULL, '2017-10-29 12:12:59', -1),
(91, 117, 4, 4, '2017-10-29', NULL, '2017-10-29 12:12:59', -1),
(92, 118, 4, 4, '2017-10-29', NULL, '2017-10-29 12:12:59', -1),
(93, 119, 4, 4, '2017-10-29', NULL, '2017-10-29 12:12:59', -1),
(94, 120, 4, 4, '2017-10-29', NULL, '2017-10-29 12:12:59', -1),
(95, 121, 4, 4, '2017-10-29', NULL, '2017-10-29 12:12:59', -1),
(96, 122, 4, 4, '2017-10-29', NULL, '2017-10-29 12:12:59', -1),
(97, 123, 4, 4, '2017-10-29', NULL, '2017-10-29 12:12:59', -1),
(98, 124, 4, 4, '2017-10-29', NULL, '2017-10-29 12:12:59', -1),
(99, 125, 4, 4, '2017-10-29', NULL, '2017-10-29 12:12:59', -1),
(100, 126, 4, 4, '2017-10-29', NULL, '2017-10-29 12:12:59', -1),
(101, 127, 4, 4, '2017-10-29', NULL, '2017-10-29 12:12:59', -1),
(102, 128, 4, 4, '2017-10-29', NULL, '2017-10-29 12:12:59', -1),
(103, 129, 4, 4, '2017-10-29', NULL, '2017-10-29 12:12:59', -1),
(104, 130, 4, 4, '2017-10-29', NULL, '2017-10-29 12:12:59', -1),
(105, 131, 4, 4, '2017-10-29', NULL, '2017-10-29 12:12:59', -1),
(106, 132, 4, 4, '2017-10-29', NULL, '2017-10-29 12:12:59', -1),
(107, 133, 4, 4, '2017-10-29', NULL, '2017-10-29 12:12:59', -1),
(108, 134, 4, 4, '2017-10-29', NULL, '2017-10-29 12:12:59', -1),
(109, 135, 4, 4, '2017-10-29', NULL, '2017-10-29 12:12:59', -1),
(110, 136, 4, 4, '2017-10-29', NULL, '2017-10-29 12:12:59', -1),
(111, 137, 4, 4, '2017-10-29', NULL, '2017-10-29 12:12:59', -1),
(112, 138, 4, 4, '2017-10-29', NULL, '2017-10-29 12:12:59', -1),
(113, 139, 4, 4, '2017-10-29', NULL, '2017-10-29 12:12:59', -1),
(114, 140, 4, 4, '2017-10-29', NULL, '2017-10-29 12:12:59', -1),
(115, 141, 4, 4, '2017-10-29', NULL, '2017-10-29 12:12:59', -1),
(116, 142, 4, 4, '2017-10-29', NULL, '2017-10-29 12:12:59', -1),
(117, 143, 4, 4, '2017-10-29', NULL, '2017-10-29 12:12:59', -1),
(118, 144, 5, 5, '2017-10-29', NULL, '2017-10-29 12:12:59', -1),
(119, 145, 5, 5, '2017-10-29', NULL, '2017-10-29 12:12:59', -1),
(120, 146, 5, 5, '2017-10-29', NULL, '2017-10-29 12:12:59', -1),
(121, 147, 5, 5, '2017-10-29', NULL, '2017-10-29 12:12:59', -1),
(122, 148, 5, 5, '2017-10-29', NULL, '2017-10-29 12:12:59', -1),
(123, 149, 5, 5, '2017-10-29', NULL, '2017-10-29 12:12:59', -1),
(124, 150, 5, 5, '2017-10-29', NULL, '2017-10-29 12:12:59', -1),
(125, 151, 5, 5, '2017-10-29', NULL, '2017-10-29 12:12:59', -1),
(126, 152, 5, 5, '2017-10-29', NULL, '2017-10-29 12:12:59', -1),
(127, 153, 5, 5, '2017-10-29', NULL, '2017-10-29 12:12:59', -1),
(128, 154, 5, 5, '2017-10-29', NULL, '2017-10-29 12:12:59', -1),
(129, 155, 5, 5, '2017-10-29', NULL, '2017-10-29 12:12:59', -1),
(130, 156, 5, 5, '2017-10-29', NULL, '2017-10-29 12:12:59', -1),
(131, 157, 5, 5, '2017-10-29', NULL, '2017-10-29 12:12:59', -1),
(132, 158, 5, 5, '2017-10-29', NULL, '2017-10-29 12:12:59', -1),
(133, 159, 5, 5, '2017-10-29', NULL, '2017-10-29 12:12:59', -1),
(134, 160, 5, 5, '2017-10-29', NULL, '2017-10-29 12:12:59', -1),
(135, 161, 5, 5, '2017-10-29', NULL, '2017-10-29 12:12:59', -1),
(136, 162, 5, 5, '2017-10-29', NULL, '2017-10-29 12:12:59', -1),
(137, 163, 5, 5, '2017-10-29', NULL, '2017-10-29 12:12:59', -1),
(138, 164, 5, 5, '2017-10-29', NULL, '2017-10-29 12:12:59', -1),
(139, 165, 5, 5, '2017-10-29', NULL, '2017-10-29 12:12:59', -1),
(140, 166, 5, 5, '2017-10-29', NULL, '2017-10-29 12:12:59', -1),
(141, 167, 5, 5, '2017-10-29', NULL, '2017-10-29 12:12:59', -1),
(142, 168, 5, 5, '2017-10-29', NULL, '2017-10-29 12:12:59', -1),
(143, 169, 5, 5, '2017-10-29', NULL, '2017-10-29 12:12:59', -1),
(144, 170, 5, 5, '2017-10-29', NULL, '2017-10-29 12:12:59', -1),
(145, 171, 5, 5, '2017-10-29', NULL, '2017-10-29 12:12:59', -1),
(146, 172, 5, 5, '2017-10-29', NULL, '2017-10-29 12:12:59', -1),
(147, 173, 6, 5, '2017-10-29', NULL, '2017-10-29 12:12:59', -1),
(148, 174, 6, 5, '2017-10-29', NULL, '2017-10-29 12:12:59', -1),
(149, 175, 6, 5, '2017-10-29', NULL, '2017-10-29 12:12:59', -1),
(150, 176, 6, 5, '2017-10-29', NULL, '2017-10-29 12:12:59', -1),
(151, 177, 6, 5, '2017-10-29', NULL, '2017-10-29 12:12:59', -1),
(152, 178, 6, 5, '2017-10-29', NULL, '2017-10-29 12:12:59', -1),
(153, 179, 6, 5, '2017-10-29', NULL, '2017-10-29 12:12:59', -1),
(154, 180, 6, 5, '2017-10-29', NULL, '2017-10-29 12:12:59', -1),
(155, 181, 6, 5, '2017-10-29', NULL, '2017-10-29 12:12:59', -1),
(156, 182, 6, 5, '2017-10-29', NULL, '2017-10-29 12:12:59', -1),
(157, 183, 6, 5, '2017-10-29', NULL, '2017-10-29 12:12:59', -1),
(158, 184, 6, 5, '2017-10-29', NULL, '2017-10-29 12:12:59', -1),
(159, 185, 6, 5, '2017-10-29', NULL, '2017-10-29 12:12:59', -1),
(160, 186, 6, 5, '2017-10-29', NULL, '2017-10-29 12:12:59', -1),
(161, 187, 6, 5, '2017-10-29', NULL, '2017-10-29 12:12:59', -1),
(162, 188, 6, 5, '2017-10-29', NULL, '2017-10-29 12:12:59', -1),
(163, 189, 6, 5, '2017-10-29', NULL, '2017-10-29 12:12:59', -1),
(164, 190, 6, 5, '2017-10-29', NULL, '2017-10-29 12:13:00', -1),
(165, 191, 6, 5, '2017-10-29', NULL, '2017-10-29 12:13:00', -1),
(166, 192, 6, 5, '2017-10-29', NULL, '2017-10-29 12:13:00', -1),
(167, 193, 6, 5, '2017-10-29', NULL, '2017-10-29 12:13:00', -1),
(168, 194, 6, 5, '2017-10-29', NULL, '2017-10-29 12:13:00', -1),
(169, 195, 6, 5, '2017-10-29', NULL, '2017-10-29 12:13:00', -1),
(170, 196, 6, 5, '2017-10-29', NULL, '2017-10-29 12:13:00', -1),
(171, 197, 6, 5, '2017-10-29', NULL, '2017-10-29 12:13:00', -1),
(172, 198, 6, 5, '2017-10-29', NULL, '2017-10-29 12:13:00', -1),
(173, 199, 6, 5, '2017-10-29', NULL, '2017-10-29 12:13:00', -1),
(174, 200, 6, 5, '2017-10-29', NULL, '2017-10-29 12:13:00', -1),
(175, 201, 6, 5, '2017-10-29', NULL, '2017-10-29 12:13:00', -1),
(176, 202, 7, 6, '2017-10-29', NULL, '2017-10-29 12:13:00', -1),
(177, 203, 7, 6, '2017-10-29', NULL, '2017-10-29 12:13:00', -1),
(178, 204, 7, 6, '2017-10-29', NULL, '2017-10-29 12:13:00', -1),
(179, 205, 7, 6, '2017-10-29', NULL, '2017-10-29 12:13:00', -1),
(180, 206, 7, 6, '2017-10-29', NULL, '2017-10-29 12:13:00', -1),
(181, 207, 7, 6, '2017-10-29', NULL, '2017-10-29 12:13:00', -1),
(182, 208, 7, 6, '2017-10-29', NULL, '2017-10-29 12:13:00', -1),
(183, 209, 7, 6, '2017-10-29', NULL, '2017-10-29 12:13:00', -1),
(184, 210, 7, 6, '2017-10-29', NULL, '2017-10-29 12:13:00', -1),
(185, 211, 7, 6, '2017-10-29', NULL, '2017-10-29 12:13:00', -1),
(186, 212, 7, 6, '2017-10-29', NULL, '2017-10-29 12:13:00', -1),
(187, 213, 7, 6, '2017-10-29', NULL, '2017-10-29 12:13:00', -1),
(188, 214, 7, 6, '2017-10-29', NULL, '2017-10-29 12:13:00', -1),
(189, 215, 7, 6, '2017-10-29', NULL, '2017-10-29 12:13:00', -1),
(190, 216, 7, 6, '2017-10-29', NULL, '2017-10-29 12:13:00', -1),
(191, 217, 7, 6, '2017-10-29', NULL, '2017-10-29 12:13:00', -1),
(192, 218, 7, 6, '2017-10-29', NULL, '2017-10-29 12:13:00', -1),
(193, 219, 7, 6, '2017-10-29', NULL, '2017-10-29 12:13:00', -1),
(194, 220, 7, 6, '2017-10-29', NULL, '2017-10-29 12:13:00', -1),
(195, 221, 7, 6, '2017-10-29', NULL, '2017-10-29 12:13:00', -1),
(196, 222, 7, 6, '2017-10-29', NULL, '2017-10-29 12:13:00', -1),
(197, 223, 7, 6, '2017-10-29', NULL, '2017-10-29 12:13:00', -1),
(198, 224, 7, 6, '2017-10-29', NULL, '2017-10-29 12:13:00', -1),
(199, 225, 7, 6, '2017-10-29', NULL, '2017-10-29 12:13:00', -1),
(200, 226, 7, 6, '2017-10-29', NULL, '2017-10-29 12:13:00', -1),
(201, 227, 7, 6, '2017-10-29', NULL, '2017-10-29 12:13:00', -1),
(202, 228, 7, 6, '2017-10-29', NULL, '2017-10-29 12:13:00', -1),
(203, 229, 7, 6, '2017-10-29', NULL, '2017-10-29 12:13:00', -1),
(204, 230, 7, 6, '2017-10-29', NULL, '2017-10-29 12:13:00', -1),
(205, 231, 8, 6, '2017-10-29', NULL, '2017-10-29 12:13:00', -1),
(206, 232, 8, 6, '2017-10-29', NULL, '2017-10-29 12:13:00', -1),
(207, 233, 8, 6, '2017-10-29', NULL, '2017-10-29 12:13:00', -1),
(208, 234, 8, 6, '2017-10-29', NULL, '2017-10-29 12:13:00', -1),
(209, 235, 8, 6, '2017-10-29', NULL, '2017-10-29 12:13:00', -1),
(210, 236, 8, 6, '2017-10-29', NULL, '2017-10-29 12:13:00', -1),
(211, 237, 8, 6, '2017-10-29', NULL, '2017-10-29 12:13:00', -1),
(212, 238, 8, 6, '2017-10-29', NULL, '2017-10-29 12:13:00', -1),
(213, 239, 8, 6, '2017-10-29', NULL, '2017-10-29 12:13:00', -1),
(214, 240, 8, 6, '2017-10-29', NULL, '2017-10-29 12:13:00', -1),
(215, 241, 8, 6, '2017-10-29', NULL, '2017-10-29 12:13:00', -1),
(216, 242, 8, 6, '2017-10-29', NULL, '2017-10-29 12:13:00', -1),
(217, 243, 8, 6, '2017-10-29', NULL, '2017-10-29 12:13:00', -1),
(218, 244, 8, 6, '2017-10-29', NULL, '2017-10-29 12:13:00', -1),
(219, 245, 8, 6, '2017-10-29', NULL, '2017-10-29 12:13:00', -1),
(220, 246, 8, 6, '2017-10-29', NULL, '2017-10-29 12:13:00', -1),
(221, 247, 8, 6, '2017-10-29', NULL, '2017-10-29 12:13:00', -1),
(222, 248, 8, 6, '2017-10-29', NULL, '2017-10-29 12:13:00', -1),
(223, 249, 8, 6, '2017-10-29', NULL, '2017-10-29 12:13:00', -1),
(224, 250, 8, 6, '2017-10-29', NULL, '2017-10-29 12:13:00', -1),
(225, 251, 8, 6, '2017-10-29', NULL, '2017-10-29 12:13:00', -1),
(226, 252, 8, 6, '2017-10-29', NULL, '2017-10-29 12:13:00', -1),
(227, 253, 8, 6, '2017-10-29', NULL, '2017-10-29 12:13:00', -1),
(228, 254, 8, 6, '2017-10-29', NULL, '2017-10-29 12:13:00', -1),
(229, 255, 8, 6, '2017-10-29', NULL, '2017-10-29 12:13:00', -1),
(230, 256, 8, 6, '2017-10-29', NULL, '2017-10-29 12:13:00', -1),
(231, 257, 8, 6, '2017-10-29', NULL, '2017-10-29 12:13:00', -1),
(232, 258, 8, 6, '2017-10-29', NULL, '2017-10-29 12:13:00', -1),
(233, 259, 9, 7, '2017-10-29', NULL, '2017-10-29 12:13:00', -1),
(234, 260, 9, 7, '2017-10-29', NULL, '2017-10-29 12:13:00', -1),
(235, 261, 9, 7, '2017-10-29', NULL, '2017-10-29 12:13:00', -1),
(236, 262, 9, 7, '2017-10-29', NULL, '2017-10-29 12:13:00', -1),
(237, 263, 9, 7, '2017-10-29', NULL, '2017-10-29 12:13:00', -1),
(238, 264, 9, 7, '2017-10-29', NULL, '2017-10-29 12:13:00', -1),
(239, 265, 9, 7, '2017-10-29', NULL, '2017-10-29 12:13:00', -1),
(240, 266, 9, 7, '2017-10-29', NULL, '2017-10-29 12:13:00', -1),
(241, 267, 9, 7, '2017-10-29', NULL, '2017-10-29 12:13:00', -1),
(242, 268, 9, 7, '2017-10-29', NULL, '2017-10-29 12:13:00', -1),
(243, 269, 9, 7, '2017-10-29', NULL, '2017-10-29 12:13:00', -1),
(244, 270, 9, 7, '2017-10-29', NULL, '2017-10-29 12:13:00', -1),
(245, 271, 9, 7, '2017-10-29', NULL, '2017-10-29 12:13:00', -1),
(246, 272, 9, 7, '2017-10-29', NULL, '2017-10-29 12:13:00', -1),
(247, 273, 9, 7, '2017-10-29', NULL, '2017-10-29 12:13:00', -1),
(248, 274, 9, 7, '2017-10-29', NULL, '2017-10-29 12:13:00', -1),
(249, 275, 9, 7, '2017-10-29', NULL, '2017-10-29 12:13:00', -1),
(250, 276, 9, 7, '2017-10-29', NULL, '2017-10-29 12:13:00', -1),
(251, 277, 9, 7, '2017-10-29', NULL, '2017-10-29 12:13:00', -1),
(252, 278, 9, 7, '2017-10-29', NULL, '2017-10-29 12:13:00', -1),
(253, 279, 9, 7, '2017-10-29', NULL, '2017-10-29 12:13:00', -1),
(254, 280, 9, 7, '2017-10-29', NULL, '2017-10-29 12:13:00', -1),
(255, 281, 9, 7, '2017-10-29', NULL, '2017-10-29 12:13:00', -1),
(256, 282, 9, 7, '2017-10-29', NULL, '2017-10-29 12:13:00', -1),
(257, 283, 9, 7, '2017-10-29', NULL, '2017-10-29 12:13:00', -1),
(258, 284, 9, 7, '2017-10-29', NULL, '2017-10-29 12:13:00', -1),
(259, 285, 9, 7, '2017-10-29', NULL, '2017-10-29 12:13:00', -1),
(260, 286, 9, 7, '2017-10-29', NULL, '2017-10-29 12:13:00', -1),
(261, 287, 9, 7, '2017-10-29', NULL, '2017-10-29 12:13:00', -1),
(262, 288, 10, 7, '2017-10-29', NULL, '2017-10-29 12:13:00', -1),
(263, 289, 10, 7, '2017-10-29', NULL, '2017-10-29 12:13:00', -1),
(264, 290, 10, 7, '2017-10-29', NULL, '2017-10-29 12:13:00', -1),
(265, 291, 10, 7, '2017-10-29', NULL, '2017-10-29 12:13:00', -1),
(266, 292, 10, 7, '2017-10-29', NULL, '2017-10-29 12:13:00', -1),
(267, 293, 10, 7, '2017-10-29', NULL, '2017-10-29 12:13:00', -1),
(268, 294, 10, 7, '2017-10-29', NULL, '2017-10-29 12:13:00', -1),
(269, 295, 10, 7, '2017-10-29', NULL, '2017-10-29 12:13:00', -1),
(270, 296, 10, 7, '2017-10-29', NULL, '2017-10-29 12:13:00', -1),
(271, 297, 10, 7, '2017-10-29', NULL, '2017-10-29 12:13:00', -1),
(272, 298, 10, 7, '2017-10-29', NULL, '2017-10-29 12:13:00', -1),
(273, 299, 10, 7, '2017-10-29', NULL, '2017-10-29 12:13:00', -1),
(274, 300, 10, 7, '2017-10-29', NULL, '2017-10-29 12:13:00', -1),
(275, 301, 10, 7, '2017-10-29', NULL, '2017-10-29 12:13:00', -1),
(276, 302, 10, 7, '2017-10-29', NULL, '2017-10-29 12:13:00', -1),
(277, 303, 10, 7, '2017-10-29', NULL, '2017-10-29 12:13:00', -1),
(278, 304, 10, 7, '2017-10-29', NULL, '2017-10-29 12:13:00', -1),
(279, 305, 10, 7, '2017-10-29', NULL, '2017-10-29 12:13:00', -1),
(280, 306, 10, 7, '2017-10-29', NULL, '2017-10-29 12:13:00', -1),
(281, 307, 10, 7, '2017-10-29', NULL, '2017-10-29 12:13:00', -1),
(282, 308, 10, 7, '2017-10-29', NULL, '2017-10-29 12:13:00', -1),
(283, 309, 10, 7, '2017-10-29', NULL, '2017-10-29 12:13:00', -1),
(284, 310, 10, 7, '2017-10-29', NULL, '2017-10-29 12:13:00', -1),
(285, 311, 10, 7, '2017-10-29', NULL, '2017-10-29 12:13:00', -1),
(286, 312, 10, 7, '2017-10-29', NULL, '2017-10-29 12:13:00', -1),
(287, 313, 11, 8, '2017-10-29', NULL, '2017-10-29 12:13:00', -1),
(288, 314, 11, 8, '2017-10-29', NULL, '2017-10-29 12:13:00', -1),
(289, 315, 11, 8, '2017-10-29', NULL, '2017-10-29 12:13:00', -1),
(290, 316, 11, 8, '2017-10-29', NULL, '2017-10-29 12:13:00', -1),
(291, 317, 11, 8, '2017-10-29', NULL, '2017-10-29 12:13:00', -1),
(292, 318, 11, 8, '2017-10-29', NULL, '2017-10-29 12:13:00', -1),
(293, 319, 11, 8, '2017-10-29', NULL, '2017-10-29 12:13:00', -1),
(294, 320, 11, 8, '2017-10-29', NULL, '2017-10-29 12:13:00', -1),
(295, 321, 11, 8, '2017-10-29', NULL, '2017-10-29 12:13:00', -1),
(296, 322, 11, 8, '2017-10-29', NULL, '2017-10-29 12:13:00', -1),
(297, 323, 11, 8, '2017-10-29', NULL, '2017-10-29 12:13:00', -1),
(298, 324, 11, 8, '2017-10-29', NULL, '2017-10-29 12:13:00', -1),
(299, 325, 11, 8, '2017-10-29', NULL, '2017-10-29 12:13:00', -1),
(300, 326, 11, 8, '2017-10-29', NULL, '2017-10-29 12:13:00', -1),
(301, 327, 11, 8, '2017-10-29', NULL, '2017-10-29 12:13:00', -1),
(302, 328, 11, 8, '2017-10-29', NULL, '2017-10-29 12:13:00', -1),
(303, 329, 11, 8, '2017-10-29', NULL, '2017-10-29 12:13:00', -1),
(304, 330, 11, 8, '2017-10-29', NULL, '2017-10-29 12:13:00', -1),
(305, 331, 11, 8, '2017-10-29', NULL, '2017-10-29 12:13:00', -1),
(306, 332, 11, 8, '2017-10-29', NULL, '2017-10-29 12:13:00', -1),
(307, 333, 11, 8, '2017-10-29', NULL, '2017-10-29 12:13:00', -1),
(308, 334, 11, 8, '2017-10-29', NULL, '2017-10-29 12:13:00', -1),
(309, 335, 11, 8, '2017-10-29', NULL, '2017-10-29 12:13:00', -1),
(310, 336, 11, 8, '2017-10-29', NULL, '2017-10-29 12:13:00', -1),
(311, 337, 11, 8, '2017-10-29', NULL, '2017-10-29 12:13:00', -1),
(312, 338, 11, 8, '2017-10-29', NULL, '2017-10-29 12:13:00', -1),
(313, 339, 11, 8, '2017-10-29', NULL, '2017-10-29 12:13:00', -1),
(314, 340, 11, 8, '2017-10-29', NULL, '2017-10-29 12:13:00', -1),
(315, 341, 11, 8, '2017-10-29', NULL, '2017-10-29 12:13:00', -1),
(316, 342, 12, 1, '2017-10-29', NULL, '2017-10-29 12:13:00', -1),
(317, 343, 12, 1, '2017-10-29', NULL, '2017-10-29 12:13:00', -1),
(318, 344, 12, 1, '2017-10-29', NULL, '2017-10-29 12:13:00', -1),
(319, 345, 12, 1, '2017-10-29', NULL, '2017-10-29 12:13:00', -1),
(320, 346, 12, 1, '2017-10-29', NULL, '2017-10-29 12:13:00', -1),
(321, 347, 12, 1, '2017-10-29', NULL, '2017-10-29 12:13:00', -1),
(322, 348, 12, 1, '2017-10-29', NULL, '2017-10-29 12:13:00', -1),
(323, 349, 12, 1, '2017-10-29', NULL, '2017-10-29 12:13:00', -1),
(324, 350, 12, 1, '2017-10-29', NULL, '2017-10-29 12:13:00', -1),
(325, 351, 12, 1, '2017-10-29', NULL, '2017-10-29 12:13:00', -1),
(326, 352, 12, 1, '2017-10-29', NULL, '2017-10-29 12:13:00', -1),
(327, 353, 12, 1, '2017-10-29', NULL, '2017-10-29 12:13:00', -1),
(328, 354, 12, 1, '2017-10-29', NULL, '2017-10-29 12:13:00', -1),
(329, 355, 12, 1, '2017-10-29', NULL, '2017-10-29 12:13:00', -1),
(330, 356, 12, 1, '2017-10-29', NULL, '2017-10-29 12:13:00', -1),
(331, 357, 12, 1, '2017-10-29', NULL, '2017-10-29 12:13:00', -1),
(332, 358, 12, 1, '2017-10-29', NULL, '2017-10-29 12:13:00', -1),
(333, 359, 12, 1, '2017-10-29', NULL, '2017-10-29 12:13:00', -1),
(334, 360, 12, 1, '2017-10-29', NULL, '2017-10-29 12:13:00', -1),
(335, 361, 12, 1, '2017-10-29', NULL, '2017-10-29 12:13:00', -1),
(336, 362, 12, 1, '2017-10-29', NULL, '2017-10-29 12:13:00', -1),
(337, 363, 12, 1, '2017-10-29', NULL, '2017-10-29 12:13:00', -1),
(338, 364, 12, 1, '2017-10-29', NULL, '2017-10-29 12:13:00', -1),
(339, 365, 12, 1, '2017-10-29', NULL, '2017-10-29 12:13:00', -1),
(340, 366, 12, 1, '2017-10-29', NULL, '2017-10-29 12:13:00', -1),
(341, 367, 12, 1, '2017-10-29', NULL, '2017-10-29 12:13:00', -1),
(342, 368, 12, 1, '2017-10-29', NULL, '2017-10-29 12:13:00', -1),
(343, 369, 13, 1, '2017-10-29', NULL, '2017-10-29 12:13:00', -1),
(344, 370, 13, 1, '2017-10-29', NULL, '2017-10-29 12:13:00', -1),
(345, 371, 13, 1, '2017-10-29', NULL, '2017-10-29 12:13:00', -1),
(346, 372, 13, 1, '2017-10-29', NULL, '2017-10-29 12:13:00', -1),
(347, 373, 13, 1, '2017-10-29', NULL, '2017-10-29 12:13:00', -1),
(348, 374, 13, 1, '2017-10-29', NULL, '2017-10-29 12:13:00', -1),
(349, 375, 13, 1, '2017-10-29', NULL, '2017-10-29 12:13:00', -1),
(350, 376, 13, 1, '2017-10-29', NULL, '2017-10-29 12:13:00', -1),
(351, 377, 13, 1, '2017-10-29', NULL, '2017-10-29 12:13:00', -1),
(352, 378, 13, 1, '2017-10-29', NULL, '2017-10-29 12:13:00', -1),
(353, 379, 13, 1, '2017-10-29', NULL, '2017-10-29 12:13:00', -1),
(354, 380, 13, 1, '2017-10-29', NULL, '2017-10-29 12:13:00', -1),
(355, 381, 13, 1, '2017-10-29', NULL, '2017-10-29 12:13:00', -1),
(356, 382, 13, 1, '2017-10-29', NULL, '2017-10-29 12:13:00', -1),
(357, 383, 13, 1, '2017-10-29', NULL, '2017-10-29 12:13:00', -1),
(358, 384, 13, 1, '2017-10-29', NULL, '2017-10-29 12:13:00', -1),
(359, 385, 13, 1, '2017-10-29', NULL, '2017-10-29 12:13:00', -1),
(360, 386, 13, 1, '2017-10-29', NULL, '2017-10-29 12:13:00', -1),
(361, 387, 13, 1, '2017-10-29', NULL, '2017-10-29 12:13:00', -1),
(362, 388, 13, 1, '2017-10-29', NULL, '2017-10-29 12:13:00', -1),
(363, 389, 13, 1, '2017-10-29', NULL, '2017-10-29 12:13:00', -1),
(364, 390, 13, 1, '2017-10-29', NULL, '2017-10-29 12:13:00', -1),
(365, 391, 13, 1, '2017-10-29', NULL, '2017-10-29 12:13:00', -1),
(366, 392, 13, 1, '2017-10-29', NULL, '2017-10-29 12:13:00', -1),
(367, 393, 13, 1, '2017-10-29', NULL, '2017-10-29 12:13:00', -1),
(368, 394, 13, 1, '2017-10-29', NULL, '2017-10-29 12:13:00', -1),
(369, 395, 13, 1, '2017-10-29', NULL, '2017-10-29 12:13:00', -1),
(370, 396, 13, 1, '2017-10-29', NULL, '2017-10-29 12:13:00', -1),
(371, 397, 14, 2, '2017-10-29', NULL, '2017-10-29 12:13:00', -1),
(372, 398, 14, 2, '2017-10-29', NULL, '2017-10-29 12:13:00', -1),
(373, 399, 14, 2, '2017-10-29', NULL, '2017-10-29 12:13:00', -1),
(374, 400, 14, 2, '2017-10-29', NULL, '2017-10-29 12:13:00', -1),
(375, 401, 14, 2, '2017-10-29', NULL, '2017-10-29 12:13:00', -1),
(376, 402, 14, 2, '2017-10-29', NULL, '2017-10-29 12:13:00', -1),
(377, 403, 14, 2, '2017-10-29', NULL, '2017-10-29 12:13:00', -1),
(378, 404, 14, 2, '2017-10-29', NULL, '2017-10-29 12:13:00', -1),
(379, 405, 14, 2, '2017-10-29', NULL, '2017-10-29 12:13:00', -1),
(380, 406, 14, 2, '2017-10-29', NULL, '2017-10-29 12:13:00', -1),
(381, 407, 14, 2, '2017-10-29', NULL, '2017-10-29 12:13:00', -1),
(382, 408, 14, 2, '2017-10-29', NULL, '2017-10-29 12:13:00', -1),
(383, 409, 14, 2, '2017-10-29', NULL, '2017-10-29 12:13:00', -1),
(384, 410, 14, 2, '2017-10-29', NULL, '2017-10-29 12:13:00', -1),
(385, 411, 14, 2, '2017-10-29', NULL, '2017-10-29 12:13:00', -1),
(386, 412, 14, 2, '2017-10-29', NULL, '2017-10-29 12:13:00', -1),
(387, 413, 14, 2, '2017-10-29', NULL, '2017-10-29 12:13:00', -1),
(388, 414, 14, 2, '2017-10-29', NULL, '2017-10-29 12:13:00', -1),
(389, 415, 14, 2, '2017-10-29', NULL, '2017-10-29 12:13:00', -1),
(390, 416, 14, 2, '2017-10-29', NULL, '2017-10-29 12:13:00', -1),
(391, 417, 14, 2, '2017-10-29', NULL, '2017-10-29 12:13:00', -1),
(392, 418, 14, 2, '2017-10-29', NULL, '2017-10-29 12:13:00', -1),
(393, 419, 14, 2, '2017-10-29', NULL, '2017-10-29 12:13:00', -1),
(394, 420, 14, 2, '2017-10-29', NULL, '2017-10-29 12:13:00', -1),
(395, 421, 14, 2, '2017-10-29', NULL, '2017-10-29 12:13:00', -1),
(396, 422, 14, 2, '2017-10-29', NULL, '2017-10-29 12:13:00', -1),
(397, 423, 14, 2, '2017-10-29', NULL, '2017-10-29 12:13:00', -1),
(398, 424, 14, 2, '2017-10-29', NULL, '2017-10-29 12:13:00', -1),
(399, 425, 15, 2, '2017-10-29', NULL, '2017-10-29 12:13:00', -1),
(400, 426, 15, 2, '2017-10-29', NULL, '2017-10-29 12:13:00', -1),
(401, 427, 15, 2, '2017-10-29', NULL, '2017-10-29 12:13:00', -1),
(402, 428, 15, 2, '2017-10-29', NULL, '2017-10-29 12:13:00', -1),
(403, 429, 15, 2, '2017-10-29', NULL, '2017-10-29 12:13:00', -1),
(404, 430, 15, 2, '2017-10-29', NULL, '2017-10-29 12:13:00', -1),
(405, 431, 15, 2, '2017-10-29', NULL, '2017-10-29 12:13:00', -1),
(406, 432, 15, 2, '2017-10-29', NULL, '2017-10-29 12:13:00', -1),
(407, 433, 15, 2, '2017-10-29', NULL, '2017-10-29 12:13:00', -1),
(408, 434, 15, 2, '2017-10-29', NULL, '2017-10-29 12:13:00', -1),
(409, 435, 15, 2, '2017-10-29', NULL, '2017-10-29 12:13:00', -1),
(410, 436, 15, 2, '2017-10-29', NULL, '2017-10-29 12:13:00', -1),
(411, 437, 15, 2, '2017-10-29', NULL, '2017-10-29 12:13:00', -1),
(412, 438, 15, 2, '2017-10-29', NULL, '2017-10-29 12:13:00', -1),
(413, 439, 15, 2, '2017-10-29', NULL, '2017-10-29 12:13:00', -1),
(414, 440, 15, 2, '2017-10-29', NULL, '2017-10-29 12:13:00', -1),
(415, 441, 15, 2, '2017-10-29', NULL, '2017-10-29 12:13:00', -1),
(416, 442, 15, 2, '2017-10-29', NULL, '2017-10-29 12:13:00', -1),
(417, 443, 15, 2, '2017-10-29', NULL, '2017-10-29 12:13:00', -1),
(418, 444, 15, 2, '2017-10-29', NULL, '2017-10-29 12:13:00', -1),
(419, 445, 15, 2, '2017-10-29', NULL, '2017-10-29 12:13:00', -1),
(420, 446, 15, 2, '2017-10-29', NULL, '2017-10-29 12:13:00', -1),
(421, 447, 15, 2, '2017-10-29', NULL, '2017-10-29 12:13:00', -1),
(422, 448, 15, 2, '2017-10-29', NULL, '2017-10-29 12:13:00', -1),
(423, 449, 15, 2, '2017-10-29', NULL, '2017-10-29 12:13:00', -1),
(424, 450, 15, 2, '2017-10-29', NULL, '2017-10-29 12:13:00', -1),
(425, 451, 15, 2, '2017-10-29', NULL, '2017-10-29 12:13:00', -1),
(426, 452, 16, 8, '2017-10-29', NULL, '2017-10-29 12:13:00', -1),
(427, 453, 16, 8, '2017-10-29', NULL, '2017-10-29 12:13:00', -1),
(428, 454, 16, 8, '2017-10-29', NULL, '2017-10-29 12:13:00', -1),
(429, 455, 16, 8, '2017-10-29', NULL, '2017-10-29 12:13:00', -1),
(430, 456, 16, 8, '2017-10-29', NULL, '2017-10-29 12:13:00', -1),
(431, 457, 16, 8, '2017-10-29', NULL, '2017-10-29 12:13:00', -1),
(432, 458, 16, 8, '2017-10-29', NULL, '2017-10-29 12:13:00', -1),
(433, 459, 16, 8, '2017-10-29', NULL, '2017-10-29 12:13:00', -1),
(434, 460, 16, 8, '2017-10-29', NULL, '2017-10-29 12:13:00', -1),
(435, 461, 16, 8, '2017-10-29', NULL, '2017-10-29 12:13:00', -1),
(436, 462, 16, 8, '2017-10-29', NULL, '2017-10-29 12:13:00', -1),
(437, 463, 16, 8, '2017-10-29', NULL, '2017-10-29 12:13:00', -1),
(438, 464, 16, 8, '2017-10-29', NULL, '2017-10-29 12:13:00', -1),
(439, 465, 16, 8, '2017-10-29', NULL, '2017-10-29 12:13:00', -1),
(440, 466, 16, 8, '2017-10-29', NULL, '2017-10-29 12:13:00', -1),
(441, 467, 16, 8, '2017-10-29', NULL, '2017-10-29 12:13:00', -1),
(442, 468, 16, 8, '2017-10-29', NULL, '2017-10-29 12:13:00', -1),
(443, 469, 16, 8, '2017-10-29', NULL, '2017-10-29 12:13:00', -1),
(444, 470, 16, 8, '2017-10-29', NULL, '2017-10-29 12:13:00', -1),
(445, 471, 16, 8, '2017-10-29', NULL, '2017-10-29 12:13:00', -1),
(446, 472, 16, 8, '2017-10-29', NULL, '2017-10-29 12:13:00', -1),
(447, 473, 16, 8, '2017-10-29', NULL, '2017-10-29 12:13:00', -1),
(448, 474, 16, 8, '2017-10-29', NULL, '2017-10-29 12:13:00', -1),
(449, 475, 16, 8, '2017-10-29', NULL, '2017-10-29 12:13:00', -1),
(450, 476, 16, 8, '2017-10-29', NULL, '2017-10-29 12:13:00', -1),
(451, 477, 16, 8, '2017-10-29', NULL, '2017-10-29 12:13:00', -1),
(452, 478, 16, 8, '2017-10-29', NULL, '2017-10-29 12:13:00', -1),
(453, 479, 16, 8, '2017-10-29', NULL, '2017-10-29 12:13:00', -1),
(454, 480, 16, 8, '2017-10-29', NULL, '2017-10-29 12:13:00', -1),
(455, 481, 16, 8, '2017-10-29', NULL, '2017-10-29 12:13:00', -1);

-- --------------------------------------------------------

--
-- Table structure for table `member_guardian`
--

CREATE TABLE `member_guardian` (
  `tbl_id` int(6) UNSIGNED NOT NULL,
  `id` int(10) UNSIGNED NOT NULL,
  `guardian_id` int(10) UNSIGNED NOT NULL,
  `guardian_begin` date NOT NULL,
  `guardian_end` date DEFAULT NULL,
  `is_default` tinyint(1) UNSIGNED NOT NULL DEFAULT '0',
  `updated` datetime NOT NULL,
  `updated_by` int(6) NOT NULL
) ENGINE=InnoDB DEFAULT CHARSET=latin1;

--
-- Dumping data for table `member_guardian`
--

INSERT INTO `member_guardian` (`tbl_id`, `id`, `guardian_id`, `guardian_begin`, `guardian_end`, `is_default`, `updated`, `updated_by`) VALUES
(1, 27, 693, '2017-10-29', NULL, 0, '2017-10-29 12:13:00', -1),
(2, 27, 623, '2017-10-29', NULL, 1, '2017-10-29 12:13:00', -1),
(3, 28, 704, '2017-10-29', NULL, 0, '2017-10-29 12:13:00', -1),
(4, 28, 814, '2017-10-29', NULL, 1, '2017-10-29 12:13:00', -1),
(5, 29, 705, '2017-10-29', NULL, 0, '2017-10-29 12:13:00', -1),
(6, 29, 815, '2017-10-29', NULL, 1, '2017-10-29 12:13:00', -1),
(7, 30, 709, '2017-10-29', NULL, 0, '2017-10-29 12:13:00', -1),
(8, 30, 710, '2017-10-29', NULL, 0, '2017-10-29 12:13:00', -1),
(9, 30, 816, '2017-10-29', NULL, 1, '2017-10-29 12:13:00', -1),
(10, 31, 668, '2017-10-29', NULL, 1, '2017-10-29 12:13:00', -1),
(11, 32, 713, '2017-10-29', NULL, 0, '2017-10-29 12:13:00', -1),
(12, 32, 817, '2017-10-29', NULL, 1, '2017-10-29 12:13:00', -1),
(13, 33, 714, '2017-10-29', NULL, 0, '2017-10-29 12:13:00', -1),
(14, 33, 818, '2017-10-29', NULL, 1, '2017-10-29 12:13:00', -1),
(15, 34, 716, '2017-10-29', NULL, 0, '2017-10-29 12:13:00', -1),
(16, 34, 819, '2017-10-29', NULL, 1, '2017-10-29 12:13:00', -1),
(17, 35, 720, '2017-10-29', NULL, 0, '2017-10-29 12:13:00', -1),
(18, 35, 820, '2017-10-29', NULL, 1, '2017-10-29 12:13:00', -1),
(19, 36, 722, '2017-10-29', NULL, 0, '2017-10-29 12:13:00', -1),
(20, 36, 821, '2017-10-29', NULL, 1, '2017-10-29 12:13:00', -1),
(21, 37, 822, '2017-10-29', NULL, 1, '2017-10-29 12:13:00', -1),
(22, 38, 823, '2017-10-29', NULL, 1, '2017-10-29 12:13:00', -1),
(23, 39, 727, '2017-10-29', NULL, 0, '2017-10-29 12:13:00', -1),
(24, 39, 647, '2017-10-29', NULL, 1, '2017-10-29 12:13:00', -1),
(25, 40, 824, '2017-10-29', NULL, 1, '2017-10-29 12:13:00', -1),
(26, 41, 825, '2017-10-29', NULL, 1, '2017-10-29 12:13:00', -1),
(27, 42, 729, '2017-10-29', NULL, 0, '2017-10-29 12:13:00', -1),
(28, 42, 629, '2017-10-29', NULL, 1, '2017-10-29 12:13:00', -1),
(29, 43, 733, '2017-10-29', NULL, 0, '2017-10-29 12:13:00', -1),
(30, 43, 19, '2017-10-29', NULL, 1, '2017-10-29 12:13:00', -1),
(31, 44, 734, '2017-10-29', NULL, 0, '2017-10-29 12:13:00', -1),
(32, 44, 826, '2017-10-29', NULL, 1, '2017-10-29 12:13:00', -1),
(33, 45, 827, '2017-10-29', NULL, 1, '2017-10-29 12:13:00', -1),
(34, 46, 828, '2017-10-29', NULL, 1, '2017-10-29 12:13:00', -1),
(35, 47, 736, '2017-10-29', NULL, 0, '2017-10-29 12:13:00', -1),
(36, 47, 829, '2017-10-29', NULL, 1, '2017-10-29 12:13:00', -1),
(37, 48, 830, '2017-10-29', NULL, 1, '2017-10-29 12:13:00', -1),
(38, 49, 830, '2017-10-29', NULL, 1, '2017-10-29 12:13:00', -1),
(39, 50, 737, '2017-10-29', NULL, 0, '2017-10-29 12:13:00', -1),
(40, 50, 831, '2017-10-29', NULL, 1, '2017-10-29 12:13:00', -1),
(41, 51, 738, '2017-10-29', NULL, 0, '2017-10-29 12:13:00', -1),
(42, 51, 832, '2017-10-29', NULL, 1, '2017-10-29 12:13:00', -1),
(43, 52, 833, '2017-10-29', NULL, 1, '2017-10-29 12:13:00', -1),
(44, 53, 739, '2017-10-29', NULL, 1, '2017-10-29 12:13:00', -1),
(45, 53, 739, '2017-10-29', NULL, 1, '2017-10-29 12:13:00', -1),
(46, 54, 759, '2017-10-29', NULL, 0, '2017-10-29 12:13:00', -1),
(47, 54, 834, '2017-10-29', NULL, 1, '2017-10-29 12:13:00', -1),
(48, 55, 777, '2017-10-29', NULL, 0, '2017-10-29 12:13:00', -1),
(49, 55, 835, '2017-10-29', NULL, 1, '2017-10-29 12:13:00', -1),
(50, 56, 782, '2017-10-29', NULL, 0, '2017-10-29 12:13:00', -1),
(51, 56, 836, '2017-10-29', NULL, 1, '2017-10-29 12:13:00', -1),
(52, 57, 703, '2017-10-29', NULL, 0, '2017-10-29 12:13:00', -1),
(53, 57, 837, '2017-10-29', NULL, 1, '2017-10-29 12:13:00', -1),
(54, 58, 707, '2017-10-29', NULL, 0, '2017-10-29 12:13:00', -1),
(55, 58, 708, '2017-10-29', NULL, 0, '2017-10-29 12:13:00', -1),
(56, 58, 838, '2017-10-29', NULL, 1, '2017-10-29 12:13:00', -1),
(57, 59, 711, '2017-10-29', NULL, 0, '2017-10-29 12:13:00', -1),
(58, 59, 839, '2017-10-29', NULL, 1, '2017-10-29 12:13:00', -1),
(59, 60, 712, '2017-10-29', NULL, 0, '2017-10-29 12:13:00', -1),
(60, 60, 840, '2017-10-29', NULL, 1, '2017-10-29 12:13:00', -1),
(61, 61, 715, '2017-10-29', NULL, 0, '2017-10-29 12:13:00', -1),
(62, 61, 841, '2017-10-29', NULL, 1, '2017-10-29 12:13:00', -1),
(63, 62, 717, '2017-10-29', NULL, 0, '2017-10-29 12:13:00', -1),
(64, 62, 842, '2017-10-29', NULL, 1, '2017-10-29 12:13:00', -1),
(65, 63, 719, '2017-10-29', NULL, 0, '2017-10-29 12:13:00', -1),
(66, 63, 843, '2017-10-29', NULL, 1, '2017-10-29 12:13:00', -1),
(67, 64, 721, '2017-10-29', NULL, 1, '2017-10-29 12:13:00', -1),
(68, 64, 721, '2017-10-29', NULL, 1, '2017-10-29 12:13:00', -1),
(69, 65, 725, '2017-10-29', NULL, 0, '2017-10-29 12:13:00', -1),
(70, 65, 844, '2017-10-29', NULL, 1, '2017-10-29 12:13:00', -1),
(71, 66, 726, '2017-10-29', NULL, 0, '2017-10-29 12:13:00', -1),
(72, 66, 845, '2017-10-29', NULL, 1, '2017-10-29 12:13:00', -1),
(73, 67, 846, '2017-10-29', NULL, 1, '2017-10-29 12:13:00', -1),
(74, 68, 728, '2017-10-29', NULL, 0, '2017-10-29 12:13:00', -1),
(75, 68, 847, '2017-10-29', NULL, 1, '2017-10-29 12:13:00', -1),
(76, 69, 848, '2017-10-29', NULL, 1, '2017-10-29 12:13:00', -1),
(77, 70, 730, '2017-10-29', NULL, 0, '2017-10-29 12:13:00', -1),
(78, 70, 849, '2017-10-29', NULL, 1, '2017-10-29 12:13:00', -1),
(79, 71, 731, '2017-10-29', NULL, 0, '2017-10-29 12:13:00', -1),
(80, 71, 850, '2017-10-29', NULL, 1, '2017-10-29 12:13:00', -1),
(81, 72, 851, '2017-10-29', NULL, 1, '2017-10-29 12:13:00', -1),
(82, 73, 852, '2017-10-29', NULL, 1, '2017-10-29 12:13:00', -1),
(83, 74, 732, '2017-10-29', NULL, 0, '2017-10-29 12:13:00', -1),
(84, 74, 853, '2017-10-29', NULL, 1, '2017-10-29 12:13:00', -1),
(85, 75, 854, '2017-10-29', NULL, 1, '2017-10-29 12:13:00', -1),
(86, 76, 855, '2017-10-29', NULL, 1, '2017-10-29 12:13:00', -1),
(87, 77, 735, '2017-10-29', NULL, 0, '2017-10-29 12:13:00', -1),
(88, 77, 856, '2017-10-29', NULL, 1, '2017-10-29 12:13:00', -1),
(89, 78, 857, '2017-10-29', NULL, 1, '2017-10-29 12:13:00', -1),
(90, 79, 858, '2017-10-29', NULL, 1, '2017-10-29 12:13:00', -1),
(91, 80, 740, '2017-10-29', NULL, 0, '2017-10-29 12:13:00', -1),
(92, 80, 859, '2017-10-29', NULL, 1, '2017-10-29 12:13:00', -1),
(93, 81, 860, '2017-10-29', NULL, 1, '2017-10-29 12:13:00', -1),
(94, 82, 861, '2017-10-29', NULL, 1, '2017-10-29 12:13:00', -1),
(95, 83, 862, '2017-10-29', NULL, 1, '2017-10-29 12:13:00', -1),
(96, 84, 807, '2017-10-29', NULL, 0, '2017-10-29 12:13:00', -1),
(97, 84, 863, '2017-10-29', NULL, 1, '2017-10-29 12:13:00', -1),
(98, 85, 663, '2017-10-29', NULL, 0, '2017-10-29 12:13:00', -1),
(99, 85, 864, '2017-10-29', NULL, 1, '2017-10-29 12:13:00', -1),
(100, 86, 665, '2017-10-29', NULL, 0, '2017-10-29 12:13:00', -1),
(101, 86, 865, '2017-10-29', NULL, 1, '2017-10-29 12:13:00', -1),
(102, 87, 666, '2017-10-29', NULL, 0, '2017-10-29 12:13:00', -1),
(103, 87, 866, '2017-10-29', NULL, 1, '2017-10-29 12:13:00', -1),
(104, 88, 669, '2017-10-29', NULL, 0, '2017-10-29 12:13:00', -1),
(105, 88, 867, '2017-10-29', NULL, 1, '2017-10-29 12:13:00', -1),
(106, 89, 674, '2017-10-29', NULL, 0, '2017-10-29 12:13:00', -1),
(107, 89, 868, '2017-10-29', NULL, 1, '2017-10-29 12:13:00', -1),
(108, 90, 675, '2017-10-29', NULL, 0, '2017-10-29 12:13:00', -1),
(109, 90, 869, '2017-10-29', NULL, 1, '2017-10-29 12:13:00', -1),
(110, 91, 677, '2017-10-29', NULL, 0, '2017-10-29 12:13:00', -1),
(111, 91, 870, '2017-10-29', NULL, 1, '2017-10-29 12:13:00', -1),
(112, 92, 682, '2017-10-29', NULL, 0, '2017-10-29 12:13:00', -1),
(113, 92, 21, '2017-10-29', NULL, 1, '2017-10-29 12:13:00', -1),
(114, 93, 683, '2017-10-29', NULL, 0, '2017-10-29 12:13:00', -1),
(115, 93, 871, '2017-10-29', NULL, 1, '2017-10-29 12:13:00', -1),
(116, 94, 872, '2017-10-29', NULL, 1, '2017-10-29 12:13:00', -1),
(117, 95, 873, '2017-10-29', NULL, 1, '2017-10-29 12:13:00', -1),
(118, 96, 684, '2017-10-29', NULL, 0, '2017-10-29 12:13:00', -1),
(119, 96, 874, '2017-10-29', NULL, 1, '2017-10-29 12:13:00', -1),
(120, 97, 875, '2017-10-29', NULL, 1, '2017-10-29 12:13:00', -1),
(121, 98, 876, '2017-10-29', NULL, 1, '2017-10-29 12:13:00', -1),
(122, 99, 685, '2017-10-29', NULL, 0, '2017-10-29 12:13:00', -1),
(123, 99, 877, '2017-10-29', NULL, 1, '2017-10-29 12:13:00', -1),
(124, 100, 686, '2017-10-29', NULL, 0, '2017-10-29 12:13:00', -1),
(125, 100, 878, '2017-10-29', NULL, 1, '2017-10-29 12:13:00', -1),
(126, 101, 687, '2017-10-29', NULL, 0, '2017-10-29 12:13:00', -1),
(127, 101, 879, '2017-10-29', NULL, 1, '2017-10-29 12:13:00', -1),
(128, 102, 880, '2017-10-29', NULL, 1, '2017-10-29 12:13:00', -1),
(129, 103, 688, '2017-10-29', NULL, 0, '2017-10-29 12:13:00', -1),
(130, 103, 881, '2017-10-29', NULL, 1, '2017-10-29 12:13:00', -1),
(131, 104, 882, '2017-10-29', NULL, 1, '2017-10-29 12:13:00', -1),
(132, 105, 883, '2017-10-29', NULL, 1, '2017-10-29 12:13:00', -1),
(133, 106, 884, '2017-10-29', NULL, 1, '2017-10-29 12:13:00', -1),
(134, 107, 691, '2017-10-29', NULL, 0, '2017-10-29 12:13:00', -1),
(135, 107, 885, '2017-10-29', NULL, 1, '2017-10-29 12:13:00', -1),
(136, 108, 692, '2017-10-29', NULL, 0, '2017-10-29 12:13:00', -1),
(137, 108, 886, '2017-10-29', NULL, 1, '2017-10-29 12:13:00', -1),
(138, 109, 887, '2017-10-29', NULL, 1, '2017-10-29 12:13:00', -1),
(139, 110, 694, '2017-10-29', NULL, 0, '2017-10-29 12:13:00', -1),
(140, 110, 888, '2017-10-29', NULL, 1, '2017-10-29 12:13:00', -1),
(141, 111, 889, '2017-10-29', NULL, 1, '2017-10-29 12:13:00', -1),
(142, 112, 810, '2017-10-29', NULL, 0, '2017-10-29 12:13:00', -1),
(143, 112, 890, '2017-10-29', NULL, 1, '2017-10-29 12:13:00', -1),
(144, 113, 891, '2017-10-29', NULL, 1, '2017-10-29 12:13:00', -1),
(145, 114, 892, '2017-10-29', NULL, 1, '2017-10-29 12:13:00', -1),
(146, 115, 664, '2017-10-29', NULL, 0, '2017-10-29 12:13:00', -1),
(147, 115, 893, '2017-10-29', NULL, 1, '2017-10-29 12:13:00', -1),
(148, 116, 865, '2017-10-29', NULL, 1, '2017-10-29 12:13:00', -1),
(149, 117, 667, '2017-10-29', NULL, 0, '2017-10-29 12:13:00', -1),
(150, 117, 894, '2017-10-29', NULL, 1, '2017-10-29 12:13:00', -1),
(151, 118, 668, '2017-10-29', NULL, 1, '2017-10-29 12:13:00', -1),
(152, 118, 668, '2017-10-29', NULL, 1, '2017-10-29 12:13:00', -1),
(153, 119, 670, '2017-10-29', NULL, 0, '2017-10-29 12:13:00', -1),
(154, 119, 895, '2017-10-29', NULL, 1, '2017-10-29 12:13:00', -1),
(155, 120, 671, '2017-10-29', NULL, 0, '2017-10-29 12:13:00', -1),
(156, 120, 896, '2017-10-29', NULL, 1, '2017-10-29 12:13:00', -1),
(157, 121, 672, '2017-10-29', NULL, 0, '2017-10-29 12:13:00', -1),
(158, 121, 897, '2017-10-29', NULL, 1, '2017-10-29 12:13:00', -1),
(159, 122, 673, '2017-10-29', NULL, 0, '2017-10-29 12:13:00', -1),
(160, 122, 898, '2017-10-29', NULL, 1, '2017-10-29 12:13:00', -1),
(161, 123, 676, '2017-10-29', NULL, 0, '2017-10-29 12:13:00', -1),
(162, 123, 899, '2017-10-29', NULL, 1, '2017-10-29 12:13:00', -1),
(163, 124, 678, '2017-10-29', NULL, 0, '2017-10-29 12:13:00', -1),
(164, 124, 900, '2017-10-29', NULL, 1, '2017-10-29 12:13:00', -1),
(165, 125, 679, '2017-10-29', NULL, 0, '2017-10-29 12:13:00', -1),
(166, 125, 901, '2017-10-29', NULL, 1, '2017-10-29 12:13:00', -1),
(167, 126, 680, '2017-10-29', NULL, 0, '2017-10-29 12:13:00', -1),
(168, 126, 902, '2017-10-29', NULL, 1, '2017-10-29 12:13:00', -1),
(169, 127, 681, '2017-10-29', NULL, 0, '2017-10-29 12:13:00', -1),
(170, 127, 903, '2017-10-29', NULL, 1, '2017-10-29 12:13:00', -1),
(171, 128, 904, '2017-10-29', NULL, 1, '2017-10-29 12:13:00', -1),
(172, 129, 905, '2017-10-29', NULL, 1, '2017-10-29 12:13:00', -1),
(173, 130, 875, '2017-10-29', NULL, 1, '2017-10-29 12:13:00', -1),
(174, 131, 689, '2017-10-29', NULL, 0, '2017-10-29 12:13:00', -1),
(175, 131, 906, '2017-10-29', NULL, 1, '2017-10-29 12:13:00', -1),
(176, 132, 690, '2017-10-29', NULL, 0, '2017-10-29 12:13:00', -1),
(177, 132, 907, '2017-10-29', NULL, 1, '2017-10-29 12:13:00', -1),
(178, 133, 908, '2017-10-29', NULL, 1, '2017-10-29 12:13:00', -1),
(179, 134, 695, '2017-10-29', NULL, 0, '2017-10-29 12:13:00', -1),
(180, 134, 909, '2017-10-29', NULL, 1, '2017-10-29 12:13:00', -1),
(181, 135, 910, '2017-10-29', NULL, 1, '2017-10-29 12:13:00', -1),
(182, 136, 698, '2017-10-29', NULL, 0, '2017-10-29 12:13:00', -1),
(183, 136, 911, '2017-10-29', NULL, 1, '2017-10-29 12:13:00', -1),
(184, 137, 699, '2017-10-29', NULL, 0, '2017-10-29 12:13:00', -1),
(185, 137, 912, '2017-10-29', NULL, 1, '2017-10-29 12:13:00', -1),
(186, 138, 700, '2017-10-29', NULL, 0, '2017-10-29 12:13:00', -1),
(187, 138, 913, '2017-10-29', NULL, 1, '2017-10-29 12:13:00', -1),
(188, 139, 701, '2017-10-29', NULL, 0, '2017-10-29 12:13:00', -1),
(189, 139, 914, '2017-10-29', NULL, 1, '2017-10-29 12:13:00', -1),
(190, 140, 743, '2017-10-29', NULL, 0, '2017-10-29 12:13:00', -1),
(191, 140, 915, '2017-10-29', NULL, 1, '2017-10-29 12:13:00', -1),
(192, 141, 776, '2017-10-29', NULL, 0, '2017-10-29 12:13:00', -1),
(193, 141, 916, '2017-10-29', NULL, 1, '2017-10-29 12:13:00', -1),
(194, 142, 784, '2017-10-29', NULL, 0, '2017-10-29 12:13:00', -1),
(195, 142, 917, '2017-10-29', NULL, 1, '2017-10-29 12:13:00', -1),
(196, 143, 806, '2017-10-29', NULL, 1, '2017-10-29 12:13:00', -1),
(197, 144, 618, '2017-10-29', NULL, 0, '2017-10-29 12:13:00', -1),
(198, 144, 918, '2017-10-29', NULL, 1, '2017-10-29 12:13:00', -1),
(199, 145, 918, '2017-10-29', NULL, 1, '2017-10-29 12:13:00', -1),
(200, 146, 919, '2017-10-29', NULL, 1, '2017-10-29 12:13:00', -1),
(201, 147, 920, '2017-10-29', NULL, 1, '2017-10-29 12:13:00', -1),
(202, 148, 921, '2017-10-29', NULL, 1, '2017-10-29 12:13:00', -1),
(203, 149, 922, '2017-10-29', NULL, 1, '2017-10-29 12:13:00', -1),
(204, 150, 923, '2017-10-29', NULL, 1, '2017-10-29 12:13:00', -1),
(205, 151, 633, '2017-10-29', NULL, 0, '2017-10-29 12:13:00', -1),
(206, 151, 908, '2017-10-29', NULL, 1, '2017-10-29 12:13:00', -1),
(207, 152, 924, '2017-10-29', NULL, 1, '2017-10-29 12:13:00', -1),
(208, 153, 925, '2017-10-29', NULL, 1, '2017-10-29 12:13:00', -1),
(209, 154, 926, '2017-10-29', NULL, 1, '2017-10-29 12:13:00', -1),
(210, 155, 634, '2017-10-29', NULL, 0, '2017-10-29 12:13:00', -1),
(211, 155, 860, '2017-10-29', NULL, 1, '2017-10-29 12:13:00', -1),
(212, 156, 635, '2017-10-29', NULL, 0, '2017-10-29 12:13:00', -1),
(213, 156, 927, '2017-10-29', NULL, 1, '2017-10-29 12:13:00', -1),
(214, 157, 928, '2017-10-29', NULL, 1, '2017-10-29 12:13:00', -1),
(215, 158, 857, '2017-10-29', NULL, 1, '2017-10-29 12:13:00', -1),
(216, 159, 929, '2017-10-29', NULL, 1, '2017-10-29 12:13:00', -1),
(217, 160, 637, '2017-10-29', NULL, 0, '2017-10-29 12:13:00', -1),
(218, 160, 930, '2017-10-29', NULL, 1, '2017-10-29 12:13:00', -1),
(219, 161, 640, '2017-10-29', NULL, 0, '2017-10-29 12:13:00', -1),
(220, 161, 931, '2017-10-29', NULL, 1, '2017-10-29 12:13:00', -1),
(221, 162, 643, '2017-10-29', NULL, 0, '2017-10-29 12:13:00', -1),
(222, 162, 845, '2017-10-29', NULL, 1, '2017-10-29 12:13:00', -1),
(223, 163, 644, '2017-10-29', NULL, 0, '2017-10-29 12:13:00', -1),
(224, 163, 828, '2017-10-29', NULL, 1, '2017-10-29 12:13:00', -1),
(225, 164, 647, '2017-10-29', NULL, 1, '2017-10-29 12:13:00', -1),
(226, 164, 647, '2017-10-29', NULL, 1, '2017-10-29 12:13:00', -1),
(227, 165, 648, '2017-10-29', NULL, 0, '2017-10-29 12:13:00', -1),
(228, 165, 852, '2017-10-29', NULL, 1, '2017-10-29 12:13:00', -1),
(229, 166, 649, '2017-10-29', NULL, 0, '2017-10-29 12:13:00', -1),
(230, 166, 827, '2017-10-29', NULL, 1, '2017-10-29 12:13:00', -1),
(231, 167, 650, '2017-10-29', NULL, 0, '2017-10-29 12:13:00', -1),
(232, 167, 932, '2017-10-29', NULL, 1, '2017-10-29 12:13:00', -1),
(233, 168, 933, '2017-10-29', NULL, 1, '2017-10-29 12:13:00', -1),
(234, 169, 761, '2017-10-29', NULL, 0, '2017-10-29 12:13:00', -1),
(235, 169, 934, '2017-10-29', NULL, 1, '2017-10-29 12:13:00', -1),
(236, 170, 935, '2017-10-29', NULL, 1, '2017-10-29 12:13:00', -1),
(237, 171, 780, '2017-10-29', NULL, 0, '2017-10-29 12:13:00', -1),
(238, 171, 862, '2017-10-29', NULL, 1, '2017-10-29 12:13:00', -1),
(239, 172, 813, '2017-10-29', NULL, 0, '2017-10-29 12:13:00', -1),
(240, 172, 891, '2017-10-29', NULL, 1, '2017-10-29 12:13:00', -1),
(241, 173, 936, '2017-10-29', NULL, 1, '2017-10-29 12:13:00', -1),
(242, 174, 937, '2017-10-29', NULL, 1, '2017-10-29 12:13:00', -1),
(243, 175, 938, '2017-10-29', NULL, 1, '2017-10-29 12:13:00', -1),
(244, 176, 939, '2017-10-29', NULL, 1, '2017-10-29 12:13:00', -1),
(245, 177, 940, '2017-10-29', NULL, 1, '2017-10-29 12:13:00', -1),
(246, 178, 629, '2017-10-29', NULL, 1, '2017-10-29 12:13:00', -1),
(247, 178, 629, '2017-10-29', NULL, 1, '2017-10-29 12:13:00', -1),
(248, 179, 630, '2017-10-29', NULL, 0, '2017-10-29 12:13:00', -1),
(249, 179, 941, '2017-10-29', NULL, 1, '2017-10-29 12:13:00', -1),
(250, 180, 631, '2017-10-29', NULL, 0, '2017-10-29 12:13:00', -1),
(251, 180, 942, '2017-10-29', NULL, 1, '2017-10-29 12:13:00', -1),
(252, 181, 943, '2017-10-29', NULL, 1, '2017-10-29 12:13:00', -1),
(253, 182, 632, '2017-10-29', NULL, 0, '2017-10-29 12:13:00', -1),
(254, 182, 944, '2017-10-29', NULL, 1, '2017-10-29 12:13:00', -1),
(255, 183, 848, '2017-10-29', NULL, 1, '2017-10-29 12:13:00', -1),
(256, 184, 945, '2017-10-29', NULL, 1, '2017-10-29 12:13:00', -1),
(257, 185, 833, '2017-10-29', NULL, 1, '2017-10-29 12:13:00', -1),
(258, 186, 946, '2017-10-29', NULL, 1, '2017-10-29 12:13:00', -1),
(259, 187, 636, '2017-10-29', NULL, 0, '2017-10-29 12:13:00', -1),
(260, 187, 947, '2017-10-29', NULL, 1, '2017-10-29 12:13:00', -1),
(261, 188, 948, '2017-10-29', NULL, 1, '2017-10-29 12:13:00', -1),
(262, 189, 638, '2017-10-29', NULL, 0, '2017-10-29 12:13:00', -1),
(263, 189, 830, '2017-10-29', NULL, 1, '2017-10-29 12:13:00', -1),
(264, 190, 639, '2017-10-29', NULL, 0, '2017-10-29 12:13:00', -1),
(265, 190, 949, '2017-10-29', NULL, 1, '2017-10-29 12:13:00', -1),
(266, 191, 641, '2017-10-29', NULL, 0, '2017-10-29 12:13:00', -1),
(267, 191, 855, '2017-10-29', NULL, 1, '2017-10-29 12:13:00', -1),
(268, 192, 642, '2017-10-29', NULL, 0, '2017-10-29 12:13:00', -1),
(269, 192, 950, '2017-10-29', NULL, 1, '2017-10-29 12:13:00', -1),
(270, 193, 645, '2017-10-29', NULL, 0, '2017-10-29 12:13:00', -1),
(271, 193, 951, '2017-10-29', NULL, 1, '2017-10-29 12:13:00', -1),
(272, 194, 646, '2017-10-29', NULL, 0, '2017-10-29 12:13:00', -1),
(273, 194, 952, '2017-10-29', NULL, 1, '2017-10-29 12:13:00', -1),
(274, 195, 654, '2017-10-29', NULL, 0, '2017-10-29 12:13:00', -1),
(275, 195, 849, '2017-10-29', NULL, 1, '2017-10-29 12:13:00', -1),
(276, 196, 655, '2017-10-29', NULL, 0, '2017-10-29 12:13:00', -1),
(277, 196, 953, '2017-10-29', NULL, 1, '2017-10-29 12:13:00', -1),
(278, 197, 656, '2017-10-29', NULL, 0, '2017-10-29 12:13:00', -1),
(279, 197, 861, '2017-10-29', NULL, 1, '2017-10-29 12:13:00', -1),
(280, 198, 659, '2017-10-29', NULL, 0, '2017-10-29 12:13:00', -1),
(281, 198, 954, '2017-10-29', NULL, 1, '2017-10-29 12:13:00', -1),
(282, 199, 660, '2017-10-29', NULL, 0, '2017-10-29 12:13:00', -1),
(283, 199, 955, '2017-10-29', NULL, 1, '2017-10-29 12:13:00', -1),
(284, 200, 661, '2017-10-29', NULL, 0, '2017-10-29 12:13:00', -1),
(285, 200, 851, '2017-10-29', NULL, 1, '2017-10-29 12:13:00', -1),
(286, 201, 662, '2017-10-29', NULL, 0, '2017-10-29 12:13:00', -1),
(287, 201, 824, '2017-10-29', NULL, 1, '2017-10-29 12:13:00', -1),
(288, 202, 600, '2017-10-29', NULL, 0, '2017-10-29 12:13:00', -1),
(289, 202, 846, '2017-10-29', NULL, 1, '2017-10-29 12:13:00', -1),
(290, 203, 602, '2017-10-29', NULL, 0, '2017-10-29 12:13:00', -1),
(291, 203, 956, '2017-10-29', NULL, 1, '2017-10-29 12:13:00', -1),
(292, 204, 957, '2017-10-29', NULL, 1, '2017-10-29 12:13:00', -1),
(293, 205, 697, '2017-10-29', NULL, 0, '2017-10-29 12:13:00', -1),
(294, 205, 823, '2017-10-29', NULL, 1, '2017-10-29 12:13:00', -1),
(295, 206, 587, '2017-10-29', NULL, 0, '2017-10-29 12:13:00', -1),
(296, 206, 958, '2017-10-29', NULL, 1, '2017-10-29 12:13:00', -1),
(297, 207, 589, '2017-10-29', NULL, 1, '2017-10-29 12:13:00', -1),
(298, 207, 589, '2017-10-29', NULL, 1, '2017-10-29 12:13:00', -1),
(299, 208, 959, '2017-10-29', NULL, 1, '2017-10-29 12:13:00', -1),
(300, 209, 590, '2017-10-29', NULL, 0, '2017-10-29 12:13:00', -1),
(301, 209, 937, '2017-10-29', NULL, 1, '2017-10-29 12:13:00', -1),
(302, 210, 592, '2017-10-29', NULL, 1, '2017-10-29 12:13:00', -1),
(303, 210, 592, '2017-10-29', NULL, 1, '2017-10-29 12:13:00', -1),
(304, 211, 593, '2017-10-29', NULL, 0, '2017-10-29 12:13:00', -1),
(305, 211, 960, '2017-10-29', NULL, 1, '2017-10-29 12:13:00', -1),
(306, 212, 594, '2017-10-29', NULL, 0, '2017-10-29 12:13:00', -1),
(307, 212, 961, '2017-10-29', NULL, 1, '2017-10-29 12:13:00', -1),
(308, 213, 595, '2017-10-29', NULL, 0, '2017-10-29 12:13:00', -1),
(309, 213, 962, '2017-10-29', NULL, 1, '2017-10-29 12:13:00', -1),
(310, 214, 963, '2017-10-29', NULL, 1, '2017-10-29 12:13:00', -1),
(311, 215, 603, '2017-10-29', NULL, 0, '2017-10-29 12:13:00', -1),
(312, 215, 964, '2017-10-29', NULL, 1, '2017-10-29 12:13:00', -1),
(313, 216, 604, '2017-10-29', NULL, 0, '2017-10-29 12:13:00', -1),
(314, 216, 965, '2017-10-29', NULL, 1, '2017-10-29 12:13:00', -1),
(315, 217, 605, '2017-10-29', NULL, 0, '2017-10-29 12:13:00', -1),
(316, 217, 926, '2017-10-29', NULL, 1, '2017-10-29 12:13:00', -1),
(317, 218, 966, '2017-10-29', NULL, 1, '2017-10-29 12:13:00', -1),
(318, 219, 614, '2017-10-29', NULL, 0, '2017-10-29 12:13:00', -1),
(319, 219, 967, '2017-10-29', NULL, 1, '2017-10-29 12:13:00', -1),
(320, 220, 858, '2017-10-29', NULL, 1, '2017-10-29 12:13:00', -1),
(321, 221, 616, '2017-10-29', NULL, 0, '2017-10-29 12:13:00', -1),
(322, 221, 873, '2017-10-29', NULL, 1, '2017-10-29 12:13:00', -1),
(323, 222, 617, '2017-10-29', NULL, 0, '2017-10-29 12:13:00', -1),
(324, 222, 968, '2017-10-29', NULL, 1, '2017-10-29 12:13:00', -1),
(325, 223, 969, '2017-10-29', NULL, 1, '2017-10-29 12:13:00', -1),
(326, 224, 970, '2017-10-29', NULL, 1, '2017-10-29 12:13:00', -1),
(327, 225, 622, '2017-10-29', NULL, 0, '2017-10-29 12:13:00', -1),
(328, 225, 971, '2017-10-29', NULL, 1, '2017-10-29 12:13:00', -1),
(329, 226, 623, '2017-10-29', NULL, 0, '2017-10-29 12:13:00', -1),
(330, 226, 693, '2017-10-29', NULL, 1, '2017-10-29 12:13:00', -1),
(331, 227, 657, '2017-10-29', NULL, 0, '2017-10-29 12:13:00', -1),
(332, 227, 658, '2017-10-29', NULL, 0, '2017-10-29 12:13:00', -1),
(333, 227, 972, '2017-10-29', NULL, 1, '2017-10-29 12:13:00', -1),
(334, 228, 723, '2017-10-29', NULL, 0, '2017-10-29 12:13:00', -1),
(335, 228, 822, '2017-10-29', NULL, 1, '2017-10-29 12:13:00', -1),
(336, 229, 744, '2017-10-29', NULL, 0, '2017-10-29 12:13:00', -1),
(337, 229, 973, '2017-10-29', NULL, 1, '2017-10-29 12:13:00', -1),
(338, 230, 974, '2017-10-29', NULL, 1, '2017-10-29 12:13:00', -1),
(339, 231, 601, '2017-10-29', NULL, 0, '2017-10-29 12:13:00', -1),
(340, 231, 975, '2017-10-29', NULL, 1, '2017-10-29 12:13:00', -1),
(341, 232, 885, '2017-10-29', NULL, 1, '2017-10-29 12:13:00', -1),
(342, 233, 588, '2017-10-29', NULL, 0, '2017-10-29 12:13:00', -1),
(343, 233, 976, '2017-10-29', NULL, 1, '2017-10-29 12:13:00', -1),
(344, 234, 591, '2017-10-29', NULL, 0, '2017-10-29 12:13:00', -1),
(345, 234, 977, '2017-10-29', NULL, 1, '2017-10-29 12:13:00', -1),
(346, 235, 596, '2017-10-29', NULL, 0, '2017-10-29 12:13:00', -1),
(347, 235, 889, '2017-10-29', NULL, 1, '2017-10-29 12:13:00', -1),
(348, 236, 597, '2017-10-29', NULL, 0, '2017-10-29 12:13:00', -1),
(349, 236, 978, '2017-10-29', NULL, 1, '2017-10-29 12:13:00', -1),
(350, 237, 979, '2017-10-29', NULL, 1, '2017-10-29 12:13:00', -1),
(351, 238, 598, '2017-10-29', NULL, 0, '2017-10-29 12:13:00', -1),
(352, 238, 980, '2017-10-29', NULL, 1, '2017-10-29 12:13:00', -1),
(353, 239, 599, '2017-10-29', NULL, 0, '2017-10-29 12:13:00', -1),
(354, 239, 883, '2017-10-29', NULL, 1, '2017-10-29 12:13:00', -1),
(355, 240, 606, '2017-10-29', NULL, 0, '2017-10-29 12:13:00', -1),
(356, 240, 892, '2017-10-29', NULL, 1, '2017-10-29 12:13:00', -1),
(357, 241, 607, '2017-10-29', NULL, 0, '2017-10-29 12:13:00', -1),
(358, 241, 981, '2017-10-29', NULL, 1, '2017-10-29 12:13:00', -1),
(359, 242, 608, '2017-10-29', NULL, 0, '2017-10-29 12:13:00', -1),
(360, 242, 982, '2017-10-29', NULL, 1, '2017-10-29 12:13:00', -1),
(361, 243, 609, '2017-10-29', NULL, 0, '2017-10-29 12:13:00', -1),
(362, 243, 882, '2017-10-29', NULL, 1, '2017-10-29 12:13:00', -1),
(363, 244, 610, '2017-10-29', NULL, 0, '2017-10-29 12:13:00', -1),
(364, 244, 611, '2017-10-29', NULL, 0, '2017-10-29 12:13:00', -1),
(365, 244, 983, '2017-10-29', NULL, 1, '2017-10-29 12:13:00', -1),
(366, 245, 612, '2017-10-29', NULL, 0, '2017-10-29 12:13:00', -1),
(367, 245, 984, '2017-10-29', NULL, 1, '2017-10-29 12:13:00', -1),
(368, 246, 985, '2017-10-29', NULL, 1, '2017-10-29 12:13:00', -1),
(369, 247, 613, '2017-10-29', NULL, 0, '2017-10-29 12:13:00', -1),
(370, 247, 928, '2017-10-29', NULL, 1, '2017-10-29 12:13:00', -1),
(371, 248, 615, '2017-10-29', NULL, 0, '2017-10-29 12:13:00', -1),
(372, 248, 986, '2017-10-29', NULL, 1, '2017-10-29 12:13:00', -1),
(373, 249, 619, '2017-10-29', NULL, 0, '2017-10-29 12:13:00', -1),
(374, 249, 874, '2017-10-29', NULL, 1, '2017-10-29 12:13:00', -1),
(375, 250, 620, '2017-10-29', NULL, 0, '2017-10-29 12:13:00', -1),
(376, 250, 933, '2017-10-29', NULL, 1, '2017-10-29 12:13:00', -1),
(377, 251, 621, '2017-10-29', NULL, 0, '2017-10-29 12:13:00', -1),
(378, 251, 987, '2017-10-29', NULL, 1, '2017-10-29 12:13:00', -1),
(379, 252, 624, '2017-10-29', NULL, 0, '2017-10-29 12:13:00', -1),
(380, 252, 988, '2017-10-29', NULL, 1, '2017-10-29 12:13:00', -1),
(381, 253, 625, '2017-10-29', NULL, 0, '2017-10-29 12:13:00', -1),
(382, 253, 881, '2017-10-29', NULL, 1, '2017-10-29 12:13:00', -1),
(383, 254, 628, '2017-10-29', NULL, 0, '2017-10-29 12:13:00', -1),
(384, 254, 989, '2017-10-29', NULL, 1, '2017-10-29 12:13:00', -1),
(385, 255, 652, '2017-10-29', NULL, 0, '2017-10-29 12:13:00', -1),
(386, 255, 653, '2017-10-29', NULL, 0, '2017-10-29 12:13:00', -1),
(387, 255, 990, '2017-10-29', NULL, 1, '2017-10-29 12:13:00', -1),
(388, 256, 821, '2017-10-29', NULL, 1, '2017-10-29 12:13:00', -1),
(389, 257, 741, '2017-10-29', NULL, 0, '2017-10-29 12:13:00', -1),
(390, 257, 991, '2017-10-29', NULL, 1, '2017-10-29 12:13:00', -1),
(391, 258, 742, '2017-10-29', NULL, 0, '2017-10-29 12:13:00', -1),
(392, 258, 992, '2017-10-29', NULL, 1, '2017-10-29 12:13:00', -1),
(393, 259, 542, '2017-10-29', NULL, 0, '2017-10-29 12:13:00', -1),
(394, 259, 993, '2017-10-29', NULL, 1, '2017-10-29 12:13:00', -1),
(395, 260, 543, '2017-10-29', NULL, 0, '2017-10-29 12:13:00', -1),
(396, 260, 994, '2017-10-29', NULL, 1, '2017-10-29 12:13:00', -1),
(397, 261, 544, '2017-10-29', NULL, 0, '2017-10-29 12:13:00', -1),
(398, 261, 995, '2017-10-29', NULL, 1, '2017-10-29 12:13:00', -1),
(399, 262, 547, '2017-10-29', NULL, 0, '2017-10-29 12:13:00', -1),
(400, 262, 996, '2017-10-29', NULL, 1, '2017-10-29 12:13:00', -1),
(401, 263, 548, '2017-10-29', NULL, 0, '2017-10-29 12:13:00', -1),
(402, 263, 997, '2017-10-29', NULL, 1, '2017-10-29 12:13:00', -1),
(403, 264, 552, '2017-10-29', NULL, 0, '2017-10-29 12:13:00', -1),
(404, 264, 998, '2017-10-29', NULL, 1, '2017-10-29 12:13:00', -1),
(405, 265, 555, '2017-10-29', NULL, 0, '2017-10-29 12:13:00', -1),
(406, 265, 880, '2017-10-29', NULL, 1, '2017-10-29 12:13:00', -1),
(407, 266, 556, '2017-10-29', NULL, 0, '2017-10-29 12:13:00', -1),
(408, 266, 875, '2017-10-29', NULL, 1, '2017-10-29 12:13:00', -1),
(409, 267, 561, '2017-10-29', NULL, 0, '2017-10-29 12:13:00', -1),
(410, 267, 904, '2017-10-29', NULL, 1, '2017-10-29 12:13:00', -1),
(411, 268, 562, '2017-10-29', NULL, 0, '2017-10-29 12:13:00', -1),
(412, 268, 925, '2017-10-29', NULL, 1, '2017-10-29 12:13:00', -1),
(413, 269, 566, '2017-10-29', NULL, 0, '2017-10-29 12:13:00', -1),
(414, 269, 848, '2017-10-29', NULL, 1, '2017-10-29 12:13:00', -1),
(415, 270, 567, '2017-10-29', NULL, 0, '2017-10-29 12:13:00', -1),
(416, 270, 999, '2017-10-29', NULL, 1, '2017-10-29 12:13:00', -1),
(417, 271, 568, '2017-10-29', NULL, 0, '2017-10-29 12:13:00', -1),
(418, 271, 1000, '2017-10-29', NULL, 1, '2017-10-29 12:13:00', -1),
(419, 272, 569, '2017-10-29', NULL, 0, '2017-10-29 12:13:00', -1),
(420, 272, 825, '2017-10-29', NULL, 1, '2017-10-29 12:13:00', -1),
(421, 273, 571, '2017-10-29', NULL, 0, '2017-10-29 12:13:00', -1),
(422, 273, 1001, '2017-10-29', NULL, 1, '2017-10-29 12:13:00', -1),
(423, 274, 572, '2017-10-29', NULL, 0, '2017-10-29 12:13:00', -1),
(424, 274, 1002, '2017-10-29', NULL, 1, '2017-10-29 12:13:00', -1),
(425, 275, 574, '2017-10-29', NULL, 0, '2017-10-29 12:13:00', -1),
(426, 275, 910, '2017-10-29', NULL, 1, '2017-10-29 12:13:00', -1),
(427, 276, 575, '2017-10-29', NULL, 0, '2017-10-29 12:13:00', -1),
(428, 276, 1003, '2017-10-29', NULL, 1, '2017-10-29 12:13:00', -1),
(429, 277, 577, '2017-10-29', NULL, 0, '2017-10-29 12:13:00', -1),
(430, 277, 1004, '2017-10-29', NULL, 1, '2017-10-29 12:13:00', -1),
(431, 278, 582, '2017-10-29', NULL, 0, '2017-10-29 12:13:00', -1),
(432, 278, 857, '2017-10-29', NULL, 1, '2017-10-29 12:13:00', -1),
(433, 279, 583, '2017-10-29', NULL, 0, '2017-10-29 12:13:00', -1),
(434, 279, 584, '2017-10-29', NULL, 0, '2017-10-29 12:13:00', -1),
(435, 279, 1005, '2017-10-29', NULL, 1, '2017-10-29 12:13:00', -1),
(436, 280, 585, '2017-10-29', NULL, 0, '2017-10-29 12:13:00', -1),
(437, 280, 1006, '2017-10-29', NULL, 1, '2017-10-29 12:13:00', -1),
(438, 281, 702, '2017-10-29', NULL, 0, '2017-10-29 12:13:00', -1),
(439, 281, 1007, '2017-10-29', NULL, 1, '2017-10-29 12:13:00', -1),
(440, 282, 755, '2017-10-29', NULL, 0, '2017-10-29 12:13:00', -1),
(441, 282, 1008, '2017-10-29', NULL, 1, '2017-10-29 12:13:00', -1),
(442, 283, 767, '2017-10-29', NULL, 0, '2017-10-29 12:13:00', -1),
(443, 283, 935, '2017-10-29', NULL, 1, '2017-10-29 12:13:00', -1),
(444, 284, 779, '2017-10-29', NULL, 0, '2017-10-29 12:13:00', -1),
(445, 284, 1009, '2017-10-29', NULL, 1, '2017-10-29 12:13:00', -1),
(446, 285, 1010, '2017-10-29', NULL, 1, '2017-10-29 12:13:00', -1),
(447, 286, 808, '2017-10-29', NULL, 0, '2017-10-29 12:13:00', -1),
(448, 286, 1011, '2017-10-29', NULL, 1, '2017-10-29 12:13:00', -1),
(449, 287, 811, '2017-10-29', NULL, 0, '2017-10-29 12:13:00', -1),
(450, 287, 1012, '2017-10-29', NULL, 1, '2017-10-29 12:13:00', -1),
(451, 288, 495, '2017-10-29', NULL, 0, '2017-10-29 12:13:00', -1),
(452, 288, 884, '2017-10-29', NULL, 1, '2017-10-29 12:13:00', -1),
(453, 289, 545, '2017-10-29', NULL, 0, '2017-10-29 12:13:00', -1),
(454, 289, 1013, '2017-10-29', NULL, 1, '2017-10-29 12:13:00', -1),
(455, 290, 546, '2017-10-29', NULL, 0, '2017-10-29 12:13:00', -1),
(456, 290, 920, '2017-10-29', NULL, 1, '2017-10-29 12:13:00', -1),
(457, 291, 549, '2017-10-29', NULL, 0, '2017-10-29 12:13:00', -1),
(458, 291, 948, '2017-10-29', NULL, 1, '2017-10-29 12:13:00', -1),
(459, 292, 550, '2017-10-29', NULL, 0, '2017-10-29 12:13:00', -1),
(460, 292, 1014, '2017-10-29', NULL, 1, '2017-10-29 12:13:00', -1),
(461, 293, 551, '2017-10-29', NULL, 0, '2017-10-29 12:13:00', -1),
(462, 293, 943, '2017-10-29', NULL, 1, '2017-10-29 12:13:00', -1),
(463, 294, 553, '2017-10-29', NULL, 0, '2017-10-29 12:13:00', -1),
(464, 294, 968, '2017-10-29', NULL, 1, '2017-10-29 12:13:00', -1),
(465, 295, 554, '2017-10-29', NULL, 0, '2017-10-29 12:13:00', -1),
(466, 295, 858, '2017-10-29', NULL, 1, '2017-10-29 12:13:00', -1),
(467, 296, 557, '2017-10-29', NULL, 0, '2017-10-29 12:13:00', -1),
(468, 296, 1015, '2017-10-29', NULL, 1, '2017-10-29 12:13:00', -1),
(469, 297, 558, '2017-10-29', NULL, 0, '2017-10-29 12:13:00', -1),
(470, 297, 559, '2017-10-29', NULL, 0, '2017-10-29 12:13:00', -1),
(471, 297, 1016, '2017-10-29', NULL, 1, '2017-10-29 12:13:00', -1),
(472, 298, 560, '2017-10-29', NULL, 0, '2017-10-29 12:13:00', -1),
(473, 298, 1017, '2017-10-29', NULL, 1, '2017-10-29 12:13:00', -1),
(474, 299, 563, '2017-10-29', NULL, 0, '2017-10-29 12:13:00', -1),
(475, 299, 564, '2017-10-29', NULL, 0, '2017-10-29 12:13:00', -1),
(476, 299, 1018, '2017-10-29', NULL, 1, '2017-10-29 12:13:00', -1),
(477, 300, 565, '2017-10-29', NULL, 0, '2017-10-29 12:13:00', -1),
(478, 300, 1019, '2017-10-29', NULL, 1, '2017-10-29 12:13:00', -1),
(479, 301, 570, '2017-10-29', NULL, 0, '2017-10-29 12:13:00', -1),
(480, 301, 833, '2017-10-29', NULL, 1, '2017-10-29 12:13:00', -1),
(481, 302, 573, '2017-10-29', NULL, 0, '2017-10-29 12:13:00', -1),
(482, 302, 1020, '2017-10-29', NULL, 1, '2017-10-29 12:13:00', -1),
(483, 303, 576, '2017-10-29', NULL, 0, '2017-10-29 12:13:00', -1),
(484, 303, 1021, '2017-10-29', NULL, 1, '2017-10-29 12:13:00', -1),
(485, 304, 578, '2017-10-29', NULL, 0, '2017-10-29 12:13:00', -1),
(486, 304, 1022, '2017-10-29', NULL, 1, '2017-10-29 12:13:00', -1),
(487, 305, 579, '2017-10-29', NULL, 0, '2017-10-29 12:13:00', -1),
(488, 305, 1023, '2017-10-29', NULL, 1, '2017-10-29 12:13:00', -1),
(489, 306, 580, '2017-10-29', NULL, 0, '2017-10-29 12:13:00', -1),
(490, 306, 921, '2017-10-29', NULL, 1, '2017-10-29 12:13:00', -1),
(491, 307, 581, '2017-10-29', NULL, 0, '2017-10-29 12:13:00', -1),
(492, 307, 1024, '2017-10-29', NULL, 1, '2017-10-29 12:13:00', -1),
(493, 308, 586, '2017-10-29', NULL, 0, '2017-10-29 12:13:00', -1),
(494, 308, 1025, '2017-10-29', NULL, 1, '2017-10-29 12:13:00', -1),
(495, 309, 651, '2017-10-29', NULL, 0, '2017-10-29 12:13:00', -1),
(496, 309, 905, '2017-10-29', NULL, 1, '2017-10-29 12:13:00', -1),
(497, 310, 758, '2017-10-29', NULL, 0, '2017-10-29 12:13:00', -1),
(498, 310, 1026, '2017-10-29', NULL, 1, '2017-10-29 12:13:00', -1),
(499, 311, 805, '2017-10-29', NULL, 0, '2017-10-29 12:13:00', -1),
(500, 311, 1027, '2017-10-29', NULL, 1, '2017-10-29 12:13:00', -1),
(501, 312, 809, '2017-10-29', NULL, 0, '2017-10-29 12:13:00', -1),
(502, 312, 1028, '2017-10-29', NULL, 1, '2017-10-29 12:13:00', -1),
(503, 313, 696, '2017-10-29', NULL, 0, '2017-10-29 12:13:00', -1),
(504, 313, 957, '2017-10-29', NULL, 1, '2017-10-29 12:13:00', -1),
(505, 314, 482, '2017-10-29', NULL, 0, '2017-10-29 12:13:00', -1),
(506, 314, 1029, '2017-10-29', NULL, 1, '2017-10-29 12:13:00', -1),
(507, 315, 483, '2017-10-29', NULL, 0, '2017-10-29 12:13:00', -1),
(508, 315, 1030, '2017-10-29', NULL, 1, '2017-10-29 12:13:00', -1),
(509, 316, 486, '2017-10-29', NULL, 0, '2017-10-29 12:13:00', -1),
(510, 316, 487, '2017-10-29', NULL, 0, '2017-10-29 12:13:00', -1),
(511, 316, 488, '2017-10-29', NULL, 0, '2017-10-29 12:13:00', -1),
(512, 316, 1031, '2017-10-29', NULL, 1, '2017-10-29 12:13:00', -1),
(513, 317, 489, '2017-10-29', NULL, 0, '2017-10-29 12:13:00', -1),
(514, 317, 490, '2017-10-29', NULL, 0, '2017-10-29 12:13:00', -1),
(515, 317, 1032, '2017-10-29', NULL, 1, '2017-10-29 12:13:00', -1),
(516, 318, 491, '2017-10-29', NULL, 0, '2017-10-29 12:13:00', -1),
(517, 318, 1033, '2017-10-29', NULL, 1, '2017-10-29 12:13:00', -1),
(518, 319, 492, '2017-10-29', NULL, 0, '2017-10-29 12:13:00', -1),
(519, 319, 959, '2017-10-29', NULL, 1, '2017-10-29 12:13:00', -1),
(520, 320, 497, '2017-10-29', NULL, 0, '2017-10-29 12:13:00', -1),
(521, 320, 1034, '2017-10-29', NULL, 1, '2017-10-29 12:13:00', -1),
(522, 321, 498, '2017-10-29', NULL, 0, '2017-10-29 12:13:00', -1),
(523, 321, 854, '2017-10-29', NULL, 1, '2017-10-29 12:13:00', -1),
(524, 322, 501, '2017-10-29', NULL, 0, '2017-10-29 12:13:00', -1),
(525, 322, 979, '2017-10-29', NULL, 1, '2017-10-29 12:13:00', -1),
(526, 323, 502, '2017-10-29', NULL, 0, '2017-10-29 12:13:00', -1),
(527, 323, 876, '2017-10-29', NULL, 1, '2017-10-29 12:13:00', -1),
(528, 324, 504, '2017-10-29', NULL, 0, '2017-10-29 12:13:00', -1),
(529, 324, 1035, '2017-10-29', NULL, 1, '2017-10-29 12:13:00', -1),
(530, 325, 505, '2017-10-29', NULL, 0, '2017-10-29 12:13:00', -1),
(531, 325, 936, '2017-10-29', NULL, 1, '2017-10-29 12:13:00', -1),
(532, 326, 507, '2017-10-29', NULL, 0, '2017-10-29 12:13:00', -1),
(533, 326, 885, '2017-10-29', NULL, 1, '2017-10-29 12:13:00', -1),
(534, 327, 513, '2017-10-29', NULL, 0, '2017-10-29 12:13:00', -1),
(535, 327, 887, '2017-10-29', NULL, 1, '2017-10-29 12:13:00', -1),
(536, 328, 515, '2017-10-29', NULL, 0, '2017-10-29 12:13:00', -1),
(537, 328, 1036, '2017-10-29', NULL, 1, '2017-10-29 12:13:00', -1),
(538, 329, 516, '2017-10-29', NULL, 0, '2017-10-29 12:13:00', -1),
(539, 329, 1037, '2017-10-29', NULL, 1, '2017-10-29 12:13:00', -1),
(540, 330, 517, '2017-10-29', NULL, 0, '2017-10-29 12:13:00', -1),
(541, 330, 1038, '2017-10-29', NULL, 1, '2017-10-29 12:13:00', -1),
(542, 331, 519, '2017-10-29', NULL, 0, '2017-10-29 12:13:00', -1),
(543, 331, 1039, '2017-10-29', NULL, 1, '2017-10-29 12:13:00', -1),
(544, 332, 524, '2017-10-29', NULL, 0, '2017-10-29 12:13:00', -1),
(545, 332, 966, '2017-10-29', NULL, 1, '2017-10-29 12:13:00', -1),
(546, 333, 526, '2017-10-29', NULL, 1, '2017-10-29 12:13:00', -1),
(547, 333, 526, '2017-10-29', NULL, 1, '2017-10-29 12:13:00', -1),
(548, 334, 533, '2017-10-29', NULL, 0, '2017-10-29 12:13:00', -1),
(549, 334, 969, '2017-10-29', NULL, 1, '2017-10-29 12:13:00', -1),
(550, 335, 534, '2017-10-29', NULL, 0, '2017-10-29 12:13:00', -1),
(551, 335, 1040, '2017-10-29', NULL, 1, '2017-10-29 12:13:00', -1),
(552, 336, 535, '2017-10-29', NULL, 0, '2017-10-29 12:13:00', -1),
(553, 336, 929, '2017-10-29', NULL, 1, '2017-10-29 12:13:00', -1),
(554, 337, 537, '2017-10-29', NULL, 0, '2017-10-29 12:13:00', -1),
(555, 337, 872, '2017-10-29', NULL, 1, '2017-10-29 12:13:00', -1),
(556, 338, 538, '2017-10-29', NULL, 0, '2017-10-29 12:13:00', -1),
(557, 338, 1041, '2017-10-29', NULL, 1, '2017-10-29 12:13:00', -1),
(558, 339, 539, '2017-10-29', NULL, 0, '2017-10-29 12:13:00', -1),
(559, 339, 879, '2017-10-29', NULL, 1, '2017-10-29 12:13:00', -1),
(560, 340, 540, '2017-10-29', NULL, 0, '2017-10-29 12:13:00', -1),
(561, 340, 946, '2017-10-29', NULL, 1, '2017-10-29 12:13:00', -1),
(562, 341, 626, '2017-10-29', NULL, 0, '2017-10-29 12:13:00', -1),
(563, 341, 627, '2017-10-29', NULL, 0, '2017-10-29 12:13:00', -1),
(564, 341, 1042, '2017-10-29', NULL, 1, '2017-10-29 12:13:00', -1),
(565, 342, 724, '2017-10-29', NULL, 0, '2017-10-29 12:13:00', -1),
(566, 342, 1043, '2017-10-29', NULL, 1, '2017-10-29 12:13:00', -1),
(567, 343, 746, '2017-10-29', NULL, 0, '2017-10-29 12:13:00', -1),
(568, 343, 1044, '2017-10-29', NULL, 1, '2017-10-29 12:13:00', -1),
(569, 344, 957, '2017-10-29', NULL, 1, '2017-10-29 12:13:00', -1),
(570, 345, 750, '2017-10-29', NULL, 0, '2017-10-29 12:13:00', -1),
(571, 345, 912, '2017-10-29', NULL, 1, '2017-10-29 12:13:00', -1),
(572, 346, 756, '2017-10-29', NULL, 0, '2017-10-29 12:13:00', -1),
(573, 346, 1045, '2017-10-29', NULL, 1, '2017-10-29 12:13:00', -1),
(574, 347, 916, '2017-10-29', NULL, 1, '2017-10-29 12:13:00', -1),
(575, 348, 834, '2017-10-29', NULL, 1, '2017-10-29 12:13:00', -1),
(576, 349, 985, '2017-10-29', NULL, 1, '2017-10-29 12:13:00', -1),
(577, 350, 19, '2017-10-29', NULL, 1, '2017-10-29 12:13:00', -1),
(578, 351, 852, '2017-10-29', NULL, 1, '2017-10-29 12:13:00', -1),
(579, 352, 783, '2017-10-29', NULL, 0, '2017-10-29 12:13:00', -1),
(580, 352, 841, '2017-10-29', NULL, 1, '2017-10-29 12:13:00', -1),
(581, 353, 785, '2017-10-29', NULL, 0, '2017-10-29 12:13:00', -1),
(582, 353, 1046, '2017-10-29', NULL, 1, '2017-10-29 12:13:00', -1),
(583, 354, 793, '2017-10-29', NULL, 0, '2017-10-29 12:13:00', -1),
(584, 354, 1047, '2017-10-29', NULL, 1, '2017-10-29 12:13:00', -1),
(585, 355, 794, '2017-10-29', NULL, 0, '2017-10-29 12:13:00', -1),
(586, 355, 1048, '2017-10-29', NULL, 1, '2017-10-29 12:13:00', -1),
(587, 356, 983, '2017-10-29', NULL, 1, '2017-10-29 12:13:00', -1),
(588, 357, 795, '2017-10-29', NULL, 0, '2017-10-29 12:13:00', -1),
(589, 357, 1049, '2017-10-29', NULL, 1, '2017-10-29 12:13:00', -1),
(590, 358, 816, '2017-10-29', NULL, 1, '2017-10-29 12:13:00', -1),
(591, 359, 796, '2017-10-29', NULL, 0, '2017-10-29 12:13:00', -1),
(592, 359, 1050, '2017-10-29', NULL, 1, '2017-10-29 12:13:00', -1),
(593, 360, 739, '2017-10-29', NULL, 1, '2017-10-29 12:13:00', -1),
(594, 361, 831, '2017-10-29', NULL, 1, '2017-10-29 12:13:00', -1),
(595, 362, 798, '2017-10-29', NULL, 0, '2017-10-29 12:13:00', -1),
(596, 362, 1051, '2017-10-29', NULL, 1, '2017-10-29 12:13:00', -1),
(597, 363, 964, '2017-10-29', NULL, 1, '2017-10-29 12:13:00', -1),
(598, 364, 872, '2017-10-29', NULL, 1, '2017-10-29 12:13:00', -1),
(599, 365, 802, '2017-10-29', NULL, 0, '2017-10-29 12:13:00', -1),
(600, 365, 1052, '2017-10-29', NULL, 1, '2017-10-29 12:13:00', -1),
(601, 366, 905, '2017-10-29', NULL, 1, '2017-10-29 12:13:00', -1),
(602, 367, 804, '2017-10-29', NULL, 0, '2017-10-29 12:13:00', -1),
(603, 367, 1053, '2017-10-29', NULL, 1, '2017-10-29 12:13:00', -1),
(604, 368, 806, '2017-10-29', NULL, 1, '2017-10-29 12:13:00', -1),
(605, 369, 629, '2017-10-29', NULL, 1, '2017-10-29 12:13:00', -1),
(606, 370, 846, '2017-10-29', NULL, 1, '2017-10-29 12:13:00', -1),
(607, 371, 900, '2017-10-29', NULL, 1, '2017-10-29 12:13:00', -1),
(608, 372, 772, '2017-10-29', NULL, 0, '2017-10-29 12:13:00', -1),
(609, 372, 1054, '2017-10-29', NULL, 1, '2017-10-29 12:13:00', -1),
(610, 373, 908, '2017-10-29', NULL, 1, '2017-10-29 12:13:00', -1),
(611, 374, 982, '2017-10-29', NULL, 1, '2017-10-29 12:13:00', -1),
(612, 375, 931, '2017-10-29', NULL, 1, '2017-10-29 12:13:00', -1),
(613, 376, 818, '2017-10-29', NULL, 1, '2017-10-29 12:13:00', -1),
(614, 377, 840, '2017-10-29', NULL, 1, '2017-10-29 12:13:00', -1),
(615, 378, 786, '2017-10-29', NULL, 0, '2017-10-29 12:13:00', -1),
(616, 378, 832, '2017-10-29', NULL, 1, '2017-10-29 12:13:00', -1),
(617, 379, 787, '2017-10-29', NULL, 0, '2017-10-29 12:13:00', -1),
(618, 379, 1055, '2017-10-29', NULL, 1, '2017-10-29 12:13:00', -1),
(619, 380, 788, '2017-10-29', NULL, 0, '2017-10-29 12:13:00', -1),
(620, 380, 1056, '2017-10-29', NULL, 1, '2017-10-29 12:13:00', -1),
(621, 381, 789, '2017-10-29', NULL, 0, '2017-10-29 12:13:00', -1),
(622, 381, 859, '2017-10-29', NULL, 1, '2017-10-29 12:13:00', -1),
(623, 382, 790, '2017-10-29', NULL, 0, '2017-10-29 12:13:00', -1),
(624, 382, 1057, '2017-10-29', NULL, 1, '2017-10-29 12:13:00', -1),
(625, 383, 791, '2017-10-29', NULL, 0, '2017-10-29 12:13:00', -1),
(626, 383, 1058, '2017-10-29', NULL, 1, '2017-10-29 12:13:00', -1),
(627, 384, 792, '2017-10-29', NULL, 0, '2017-10-29 12:13:00', -1),
(628, 384, 1059, '2017-10-29', NULL, 1, '2017-10-29 12:13:00', -1),
(629, 385, 853, '2017-10-29', NULL, 1, '2017-10-29 12:13:00', -1),
(630, 386, 842, '2017-10-29', NULL, 1, '2017-10-29 12:13:00', -1),
(631, 387, 797, '2017-10-29', NULL, 0, '2017-10-29 12:13:00', -1),
(632, 387, 1060, '2017-10-29', NULL, 1, '2017-10-29 12:13:00', -1),
(633, 388, 739, '2017-10-29', NULL, 1, '2017-10-29 12:13:00', -1),
(634, 389, 1061, '2017-10-29', NULL, 1, '2017-10-29 12:13:00', -1),
(635, 390, 871, '2017-10-29', NULL, 1, '2017-10-29 12:13:00', -1),
(636, 391, 799, '2017-10-29', NULL, 0, '2017-10-29 12:13:00', -1),
(637, 391, 1062, '2017-10-29', NULL, 1, '2017-10-29 12:13:00', -1),
(638, 392, 800, '2017-10-29', NULL, 0, '2017-10-29 12:13:00', -1),
(639, 392, 1063, '2017-10-29', NULL, 1, '2017-10-29 12:13:00', -1),
(640, 393, 801, '2017-10-29', NULL, 0, '2017-10-29 12:13:00', -1),
(641, 393, 1064, '2017-10-29', NULL, 1, '2017-10-29 12:13:00', -1),
(642, 394, 803, '2017-10-29', NULL, 0, '2017-10-29 12:13:00', -1),
(643, 394, 1052, '2017-10-29', NULL, 1, '2017-10-29 12:13:00', -1),
(644, 395, 901, '2017-10-29', NULL, 1, '2017-10-29 12:13:00', -1),
(645, 396, 806, '2017-10-29', NULL, 1, '2017-10-29 12:13:00', -1),
(646, 397, 718, '2017-10-29', NULL, 0, '2017-10-29 12:13:00', -1),
(647, 397, 1065, '2017-10-29', NULL, 1, '2017-10-29 12:13:00', -1),
(648, 398, 963, '2017-10-29', NULL, 1, '2017-10-29 12:13:00', -1),
(649, 399, 982, '2017-10-29', NULL, 1, '2017-10-29 12:13:00', -1),
(650, 400, 914, '2017-10-29', NULL, 1, '2017-10-29 12:13:00', -1),
(651, 401, 749, '2017-10-29', NULL, 0, '2017-10-29 12:13:00', -1),
(652, 401, 7, '2017-10-29', NULL, 1, '2017-10-29 12:13:00', -1),
(653, 402, 895, '2017-10-29', NULL, 1, '2017-10-29 12:13:00', -1),
(654, 403, 949, '2017-10-29', NULL, 1, '2017-10-29 12:13:00', -1),
(655, 404, 954, '2017-10-29', NULL, 1, '2017-10-29 12:13:00', -1),
(656, 405, 753, '2017-10-29', NULL, 0, '2017-10-29 12:13:00', -1),
(657, 405, 18, '2017-10-29', NULL, 1, '2017-10-29 12:13:00', -1),
(658, 406, 873, '2017-10-29', NULL, 1, '2017-10-29 12:13:00', -1),
(659, 407, 904, '2017-10-29', NULL, 1, '2017-10-29 12:13:00', -1),
(660, 408, 754, '2017-10-29', NULL, 0, '2017-10-29 12:13:00', -1),
(661, 408, 1066, '2017-10-29', NULL, 1, '2017-10-29 12:13:00', -1),
(662, 409, 874, '2017-10-29', NULL, 1, '2017-10-29 12:13:00', -1),
(663, 410, 760, '2017-10-29', NULL, 0, '2017-10-29 12:13:00', -1),
(664, 410, 1067, '2017-10-29', NULL, 1, '2017-10-29 12:13:00', -1),
(665, 411, 763, '2017-10-29', NULL, 0, '2017-10-29 12:13:00', -1),
(666, 411, 1068, '2017-10-29', NULL, 1, '2017-10-29 12:13:00', -1),
(667, 412, 765, '2017-10-29', NULL, 0, '2017-10-29 12:13:00', -1),
(668, 412, 1069, '2017-10-29', NULL, 1, '2017-10-29 12:13:00', -1),
(669, 413, 991, '2017-10-29', NULL, 1, '2017-10-29 12:13:00', -1),
(670, 414, 842, '2017-10-29', NULL, 1, '2017-10-29 12:13:00', -1),
(671, 415, 934, '2017-10-29', NULL, 1, '2017-10-29 12:13:00', -1),
(672, 416, 1001, '2017-10-29', NULL, 1, '2017-10-29 12:13:00', -1),
(673, 417, 907, '2017-10-29', NULL, 1, '2017-10-29 12:13:00', -1),
(674, 418, 1004, '2017-10-29', NULL, 1, '2017-10-29 12:13:00', -1),
(675, 419, 768, '2017-10-29', NULL, 0, '2017-10-29 12:13:00', -1),
(676, 419, 1070, '2017-10-29', NULL, 1, '2017-10-29 12:13:00', -1),
(677, 420, 771, '2017-10-29', NULL, 0, '2017-10-29 12:13:00', -1),
(678, 420, 1071, '2017-10-29', NULL, 1, '2017-10-29 12:13:00', -1),
(679, 421, 773, '2017-10-29', NULL, 0, '2017-10-29 12:13:00', -1),
(680, 421, 1061, '2017-10-29', NULL, 1, '2017-10-29 12:13:00', -1),
(681, 422, 774, '2017-10-29', NULL, 1, '2017-10-29 12:13:00', -1),
(682, 422, 774, '2017-10-29', NULL, 1, '2017-10-29 12:13:00', -1),
(683, 423, 775, '2017-10-29', NULL, 0, '2017-10-29 12:13:00', -1),
(684, 423, 1072, '2017-10-29', NULL, 1, '2017-10-29 12:13:00', -1),
(685, 424, 781, '2017-10-29', NULL, 0, '2017-10-29 12:13:00', -1),
(686, 424, 1073, '2017-10-29', NULL, 1, '2017-10-29 12:13:00', -1),
(687, 425, 706, '2017-10-29', NULL, 0, '2017-10-29 12:13:00', -1),
(688, 425, 1074, '2017-10-29', NULL, 1, '2017-10-29 12:13:00', -1),
(689, 426, 903, '2017-10-29', NULL, 1, '2017-10-29 12:13:00', -1),
(690, 427, 953, '2017-10-29', NULL, 1, '2017-10-29 12:13:00', -1),
(691, 428, 976, '2017-10-29', NULL, 1, '2017-10-29 12:13:00', -1),
(692, 429, 745, '2017-10-29', NULL, 0, '2017-10-29 12:13:00', -1),
(693, 429, 888, '2017-10-29', NULL, 1, '2017-10-29 12:13:00', -1),
(694, 430, 747, '2017-10-29', NULL, 0, '2017-10-29 12:13:00', -1),
(695, 430, 1075, '2017-10-29', NULL, 1, '2017-10-29 12:13:00', -1),
(696, 431, 979, '2017-10-29', NULL, 1, '2017-10-29 12:13:00', -1),
(697, 432, 1076, '2017-10-29', NULL, 1, '2017-10-29 12:13:00', -1),
(698, 433, 21, '2017-10-29', NULL, 1, '2017-10-29 12:13:00', -1),
(699, 434, 748, '2017-10-29', NULL, 0, '2017-10-29 12:13:00', -1),
(700, 434, 1077, '2017-10-29', NULL, 1, '2017-10-29 12:13:00', -1),
(701, 435, 882, '2017-10-29', NULL, 1, '2017-10-29 12:13:00', -1),
(702, 436, 751, '2017-10-29', NULL, 0, '2017-10-29 12:13:00', -1),
(703, 436, 819, '2017-10-29', NULL, 1, '2017-10-29 12:13:00', -1),
(704, 437, 1078, '2017-10-29', NULL, 1, '2017-10-29 12:13:00', -1),
(705, 438, 947, '2017-10-29', NULL, 1, '2017-10-29 12:13:00', -1),
(706, 439, 752, '2017-10-29', NULL, 0, '2017-10-29 12:13:00', -1),
(707, 439, 1079, '2017-10-29', NULL, 1, '2017-10-29 12:13:00', -1),
(708, 440, 910, '2017-10-29', NULL, 1, '2017-10-29 12:13:00', -1),
(709, 441, 757, '2017-10-29', NULL, 0, '2017-10-29 12:13:00', -1),
(710, 441, 1080, '2017-10-29', NULL, 1, '2017-10-29 12:13:00', -1),
(711, 442, 896, '2017-10-29', NULL, 1, '2017-10-29 12:13:00', -1),
(712, 443, 893, '2017-10-29', NULL, 1, '2017-10-29 12:13:00', -1),
(713, 444, 764, '2017-10-29', NULL, 0, '2017-10-29 12:13:00', -1),
(714, 444, 1081, '2017-10-29', NULL, 1, '2017-10-29 12:13:00', -1),
(715, 445, 766, '2017-10-29', NULL, 0, '2017-10-29 12:13:00', -1),
(716, 445, 1008, '2017-10-29', NULL, 1, '2017-10-29 12:13:00', -1),
(717, 446, 821, '2017-10-29', NULL, 1, '2017-10-29 12:13:00', -1),
(718, 447, 894, '2017-10-29', NULL, 1, '2017-10-29 12:13:00', -1),
(719, 448, 769, '2017-10-29', NULL, 0, '2017-10-29 12:13:00', -1),
(720, 448, 1082, '2017-10-29', NULL, 1, '2017-10-29 12:13:00', -1),
(721, 449, 770, '2017-10-29', NULL, 0, '2017-10-29 12:13:00', -1),
(722, 449, 1083, '2017-10-29', NULL, 1, '2017-10-29 12:13:00', -1),
(723, 450, 778, '2017-10-29', NULL, 0, '2017-10-29 12:13:00', -1),
(724, 450, 1084, '2017-10-29', NULL, 1, '2017-10-29 12:13:00', -1),
(725, 451, 806, '2017-10-29', NULL, 1, '2017-10-29 12:13:00', -1),
(726, 451, 806, '2017-10-29', NULL, 1, '2017-10-29 12:13:00', -1),
(727, 452, 484, '2017-10-29', NULL, 0, '2017-10-29 12:13:00', -1),
(728, 452, 919, '2017-10-29', NULL, 1, '2017-10-29 12:13:00', -1),
(729, 453, 485, '2017-10-29', NULL, 0, '2017-10-29 12:13:00', -1),
(730, 453, 1085, '2017-10-29', NULL, 1, '2017-10-29 12:13:00', -1),
(731, 454, 493, '2017-10-29', NULL, 0, '2017-10-29 12:13:00', -1),
(732, 454, 1086, '2017-10-29', NULL, 1, '2017-10-29 12:13:00', -1),
(733, 455, 494, '2017-10-29', NULL, 0, '2017-10-29 12:13:00', -1),
(734, 455, 939, '2017-10-29', NULL, 1, '2017-10-29 12:13:00', -1),
(735, 456, 496, '2017-10-29', NULL, 0, '2017-10-29 12:13:00', -1),
(736, 456, 922, '2017-10-29', NULL, 1, '2017-10-29 12:13:00', -1),
(737, 457, 499, '2017-10-29', NULL, 0, '2017-10-29 12:13:00', -1),
(738, 457, 923, '2017-10-29', NULL, 1, '2017-10-29 12:13:00', -1),
(739, 458, 500, '2017-10-29', NULL, 0, '2017-10-29 12:13:00', -1),
(740, 458, 963, '2017-10-29', NULL, 1, '2017-10-29 12:13:00', -1),
(741, 459, 503, '2017-10-29', NULL, 0, '2017-10-29 12:13:00', -1),
(742, 459, 970, '2017-10-29', NULL, 1, '2017-10-29 12:13:00', -1),
(743, 460, 1035, '2017-10-29', NULL, 1, '2017-10-29 12:13:00', -1),
(744, 461, 506, '2017-10-29', NULL, 0, '2017-10-29 12:13:00', -1),
(745, 461, 945, '2017-10-29', NULL, 1, '2017-10-29 12:13:00', -1),
(746, 462, 508, '2017-10-29', NULL, 0, '2017-10-29 12:13:00', -1),
(747, 462, 1087, '2017-10-29', NULL, 1, '2017-10-29 12:13:00', -1),
(748, 463, 509, '2017-10-29', NULL, 0, '2017-10-29 12:13:00', -1),
(749, 463, 924, '2017-10-29', NULL, 1, '2017-10-29 12:13:00', -1),
(750, 464, 510, '2017-10-29', NULL, 0, '2017-10-29 12:13:00', -1),
(751, 464, 1088, '2017-10-29', NULL, 1, '2017-10-29 12:13:00', -1),
(752, 465, 511, '2017-10-29', NULL, 0, '2017-10-29 12:13:00', -1),
(753, 465, 1089, '2017-10-29', NULL, 1, '2017-10-29 12:13:00', -1),
(754, 466, 512, '2017-10-29', NULL, 0, '2017-10-29 12:13:00', -1),
(755, 466, 1090, '2017-10-29', NULL, 1, '2017-10-29 12:13:00', -1),
(756, 467, 514, '2017-10-29', NULL, 0, '2017-10-29 12:13:00', -1),
(757, 467, 1091, '2017-10-29', NULL, 1, '2017-10-29 12:13:00', -1),
(758, 468, 518, '2017-10-29', NULL, 0, '2017-10-29 12:13:00', -1),
(759, 468, 1092, '2017-10-29', NULL, 1, '2017-10-29 12:13:00', -1),
(760, 469, 520, '2017-10-29', NULL, 0, '2017-10-29 12:13:00', -1),
(761, 469, 1093, '2017-10-29', NULL, 1, '2017-10-29 12:13:00', -1),
(762, 470, 521, '2017-10-29', NULL, 0, '2017-10-29 12:13:00', -1),
(763, 470, 985, '2017-10-29', NULL, 1, '2017-10-29 12:13:00', -1),
(764, 471, 522, '2017-10-29', NULL, 0, '2017-10-29 12:13:00', -1),
(765, 471, 938, '2017-10-29', NULL, 1, '2017-10-29 12:13:00', -1),
(766, 472, 523, '2017-10-29', NULL, 0, '2017-10-29 12:13:00', -1),
(767, 472, 1094, '2017-10-29', NULL, 1, '2017-10-29 12:13:00', -1),
(768, 473, 525, '2017-10-29', NULL, 0, '2017-10-29 12:13:00', -1),
(769, 473, 1095, '2017-10-29', NULL, 1, '2017-10-29 12:13:00', -1);
INSERT INTO `member_guardian` (`tbl_id`, `id`, `guardian_id`, `guardian_begin`, `guardian_end`, `is_default`, `updated`, `updated_by`) VALUES
(770, 474, 527, '2017-10-29', NULL, 0, '2017-10-29 12:13:00', -1),
(771, 474, 528, '2017-10-29', NULL, 0, '2017-10-29 12:13:00', -1),
(772, 474, 529, '2017-10-29', NULL, 0, '2017-10-29 12:13:00', -1),
(773, 474, 530, '2017-10-29', NULL, 0, '2017-10-29 12:13:00', -1),
(774, 474, 1096, '2017-10-29', NULL, 1, '2017-10-29 12:13:00', -1),
(775, 475, 531, '2017-10-29', NULL, 0, '2017-10-29 12:13:00', -1),
(776, 475, 1097, '2017-10-29', NULL, 1, '2017-10-29 12:13:00', -1),
(777, 476, 532, '2017-10-29', NULL, 0, '2017-10-29 12:13:00', -1),
(778, 476, 1098, '2017-10-29', NULL, 1, '2017-10-29 12:13:00', -1),
(779, 477, 536, '2017-10-29', NULL, 0, '2017-10-29 12:13:00', -1),
(780, 477, 1099, '2017-10-29', NULL, 1, '2017-10-29 12:13:00', -1),
(781, 478, 1030, '2017-10-29', NULL, 1, '2017-10-29 12:13:00', -1),
(782, 479, 541, '2017-10-29', NULL, 0, '2017-10-29 12:13:00', -1),
(783, 479, 940, '2017-10-29', NULL, 1, '2017-10-29 12:13:00', -1),
(784, 480, 762, '2017-10-29', NULL, 0, '2017-10-29 12:13:00', -1),
(785, 480, 1100, '2017-10-29', NULL, 1, '2017-10-29 12:13:00', -1),
(786, 481, 812, '2017-10-29', NULL, 0, '2017-10-29 12:13:00', -1),
(787, 481, 974, '2017-10-29', NULL, 1, '2017-10-29 12:13:00', -1);

-- --------------------------------------------------------

--
-- Table structure for table `member_sibling`
--

CREATE TABLE `member_sibling` (
  `tbl_id` int(6) UNSIGNED NOT NULL,
  `id` int(10) UNSIGNED NOT NULL,
  `sibling_id` int(10) UNSIGNED NOT NULL,
  `sibling_begin` date NOT NULL,
  `sibling_end` date DEFAULT NULL,
  `updated` datetime NOT NULL,
  `updated_by` int(6) NOT NULL
) ENGINE=InnoDB DEFAULT CHARSET=latin1;

--
-- Dumping data for table `member_sibling`
--

INSERT INTO `member_sibling` (`tbl_id`, `id`, `sibling_id`, `sibling_begin`, `sibling_end`, `updated`, `updated_by`) VALUES
(1, 27, 226, '2017-10-29', NULL, '2017-10-29 12:13:00', -1),
(2, 30, 358, '2017-10-29', NULL, '2017-10-29 12:13:00', -1),
(3, 31, 118, '2017-10-29', NULL, '2017-10-29 12:13:00', -1),
(4, 33, 376, '2017-10-29', NULL, '2017-10-29 12:13:00', -1),
(5, 34, 436, '2017-10-29', NULL, '2017-10-29 12:13:00', -1),
(6, 36, 256, '2017-10-29', NULL, '2017-10-29 12:13:00', -1),
(7, 36, 446, '2017-10-29', NULL, '2017-10-29 12:13:00', -1),
(8, 37, 228, '2017-10-29', NULL, '2017-10-29 12:13:00', -1),
(9, 38, 205, '2017-10-29', NULL, '2017-10-29 12:13:00', -1),
(10, 39, 164, '2017-10-29', NULL, '2017-10-29 12:13:00', -1),
(11, 40, 201, '2017-10-29', NULL, '2017-10-29 12:13:00', -1),
(12, 41, 272, '2017-10-29', NULL, '2017-10-29 12:13:00', -1),
(13, 42, 178, '2017-10-29', NULL, '2017-10-29 12:13:00', -1),
(14, 42, 369, '2017-10-29', NULL, '2017-10-29 12:13:00', -1),
(15, 43, 350, '2017-10-29', NULL, '2017-10-29 12:13:00', -1),
(16, 45, 166, '2017-10-29', NULL, '2017-10-29 12:13:00', -1),
(17, 46, 163, '2017-10-29', NULL, '2017-10-29 12:13:00', -1),
(18, 48, 189, '2017-10-29', NULL, '2017-10-29 12:13:00', -1),
(19, 48, 49, '2017-10-29', NULL, '2017-10-29 12:13:00', -1),
(20, 49, 189, '2017-10-29', NULL, '2017-10-29 12:13:00', -1),
(21, 49, 48, '2017-10-29', NULL, '2017-10-29 12:13:00', -1),
(22, 50, 361, '2017-10-29', NULL, '2017-10-29 12:13:00', -1),
(23, 51, 378, '2017-10-29', NULL, '2017-10-29 12:13:00', -1),
(24, 52, 301, '2017-10-29', NULL, '2017-10-29 12:13:00', -1),
(25, 52, 185, '2017-10-29', NULL, '2017-10-29 12:13:00', -1),
(26, 53, 360, '2017-10-29', NULL, '2017-10-29 12:13:00', -1),
(27, 53, 388, '2017-10-29', NULL, '2017-10-29 12:13:00', -1),
(28, 54, 348, '2017-10-29', NULL, '2017-10-29 12:13:00', -1),
(29, 60, 377, '2017-10-29', NULL, '2017-10-29 12:13:00', -1),
(30, 61, 352, '2017-10-29', NULL, '2017-10-29 12:13:00', -1),
(31, 62, 414, '2017-10-29', NULL, '2017-10-29 12:13:00', -1),
(32, 62, 386, '2017-10-29', NULL, '2017-10-29 12:13:00', -1),
(33, 66, 162, '2017-10-29', NULL, '2017-10-29 12:13:00', -1),
(34, 67, 202, '2017-10-29', NULL, '2017-10-29 12:13:00', -1),
(35, 67, 370, '2017-10-29', NULL, '2017-10-29 12:13:00', -1),
(36, 69, 269, '2017-10-29', NULL, '2017-10-29 12:13:00', -1),
(37, 69, 183, '2017-10-29', NULL, '2017-10-29 12:13:00', -1),
(38, 70, 195, '2017-10-29', NULL, '2017-10-29 12:13:00', -1),
(39, 72, 200, '2017-10-29', NULL, '2017-10-29 12:13:00', -1),
(40, 73, 165, '2017-10-29', NULL, '2017-10-29 12:13:00', -1),
(41, 73, 351, '2017-10-29', NULL, '2017-10-29 12:13:00', -1),
(42, 74, 385, '2017-10-29', NULL, '2017-10-29 12:13:00', -1),
(43, 75, 321, '2017-10-29', NULL, '2017-10-29 12:13:00', -1),
(44, 76, 191, '2017-10-29', NULL, '2017-10-29 12:13:00', -1),
(45, 78, 278, '2017-10-29', NULL, '2017-10-29 12:13:00', -1),
(46, 78, 158, '2017-10-29', NULL, '2017-10-29 12:13:00', -1),
(47, 79, 295, '2017-10-29', NULL, '2017-10-29 12:13:00', -1),
(48, 79, 220, '2017-10-29', NULL, '2017-10-29 12:13:00', -1),
(49, 81, 155, '2017-10-29', NULL, '2017-10-29 12:13:00', -1),
(50, 82, 197, '2017-10-29', NULL, '2017-10-29 12:13:00', -1),
(51, 83, 171, '2017-10-29', NULL, '2017-10-29 12:13:00', -1),
(52, 86, 116, '2017-10-29', NULL, '2017-10-29 12:13:00', -1),
(53, 92, 433, '2017-10-29', NULL, '2017-10-29 12:13:00', -1),
(54, 93, 390, '2017-10-29', NULL, '2017-10-29 12:13:00', -1),
(55, 94, 337, '2017-10-29', NULL, '2017-10-29 12:13:00', -1),
(56, 94, 364, '2017-10-29', NULL, '2017-10-29 12:13:00', -1),
(57, 95, 221, '2017-10-29', NULL, '2017-10-29 12:13:00', -1),
(58, 95, 406, '2017-10-29', NULL, '2017-10-29 12:13:00', -1),
(59, 96, 249, '2017-10-29', NULL, '2017-10-29 12:13:00', -1),
(60, 96, 409, '2017-10-29', NULL, '2017-10-29 12:13:00', -1),
(61, 97, 266, '2017-10-29', NULL, '2017-10-29 12:13:00', -1),
(62, 97, 130, '2017-10-29', NULL, '2017-10-29 12:13:00', -1),
(63, 98, 323, '2017-10-29', NULL, '2017-10-29 12:13:00', -1),
(64, 101, 339, '2017-10-29', NULL, '2017-10-29 12:13:00', -1),
(65, 102, 265, '2017-10-29', NULL, '2017-10-29 12:13:00', -1),
(66, 103, 253, '2017-10-29', NULL, '2017-10-29 12:13:00', -1),
(67, 104, 243, '2017-10-29', NULL, '2017-10-29 12:13:00', -1),
(68, 104, 435, '2017-10-29', NULL, '2017-10-29 12:13:00', -1),
(69, 105, 239, '2017-10-29', NULL, '2017-10-29 12:13:00', -1),
(70, 106, 288, '2017-10-29', NULL, '2017-10-29 12:13:00', -1),
(71, 107, 232, '2017-10-29', NULL, '2017-10-29 12:13:00', -1),
(72, 107, 326, '2017-10-29', NULL, '2017-10-29 12:13:00', -1),
(73, 109, 327, '2017-10-29', NULL, '2017-10-29 12:13:00', -1),
(74, 110, 429, '2017-10-29', NULL, '2017-10-29 12:13:00', -1),
(75, 111, 235, '2017-10-29', NULL, '2017-10-29 12:13:00', -1),
(76, 113, 172, '2017-10-29', NULL, '2017-10-29 12:13:00', -1),
(77, 114, 240, '2017-10-29', NULL, '2017-10-29 12:13:00', -1),
(78, 115, 443, '2017-10-29', NULL, '2017-10-29 12:13:00', -1),
(79, 116, 86, '2017-10-29', NULL, '2017-10-29 12:13:00', -1),
(80, 117, 447, '2017-10-29', NULL, '2017-10-29 12:13:00', -1),
(81, 118, 31, '2017-10-29', NULL, '2017-10-29 12:13:00', -1),
(82, 119, 402, '2017-10-29', NULL, '2017-10-29 12:13:00', -1),
(83, 120, 442, '2017-10-29', NULL, '2017-10-29 12:13:00', -1),
(84, 124, 371, '2017-10-29', NULL, '2017-10-29 12:13:00', -1),
(85, 125, 395, '2017-10-29', NULL, '2017-10-29 12:13:00', -1),
(86, 127, 426, '2017-10-29', NULL, '2017-10-29 12:13:00', -1),
(87, 128, 267, '2017-10-29', NULL, '2017-10-29 12:13:00', -1),
(88, 128, 407, '2017-10-29', NULL, '2017-10-29 12:13:00', -1),
(89, 129, 309, '2017-10-29', NULL, '2017-10-29 12:13:00', -1),
(90, 129, 366, '2017-10-29', NULL, '2017-10-29 12:13:00', -1),
(91, 130, 266, '2017-10-29', NULL, '2017-10-29 12:13:00', -1),
(92, 130, 97, '2017-10-29', NULL, '2017-10-29 12:13:00', -1),
(93, 132, 417, '2017-10-29', NULL, '2017-10-29 12:13:00', -1),
(94, 133, 151, '2017-10-29', NULL, '2017-10-29 12:13:00', -1),
(95, 133, 373, '2017-10-29', NULL, '2017-10-29 12:13:00', -1),
(96, 135, 275, '2017-10-29', NULL, '2017-10-29 12:13:00', -1),
(97, 135, 440, '2017-10-29', NULL, '2017-10-29 12:13:00', -1),
(98, 137, 345, '2017-10-29', NULL, '2017-10-29 12:13:00', -1),
(99, 139, 400, '2017-10-29', NULL, '2017-10-29 12:13:00', -1),
(100, 141, 347, '2017-10-29', NULL, '2017-10-29 12:13:00', -1),
(101, 143, 451, '2017-10-29', NULL, '2017-10-29 12:13:00', -1),
(102, 143, 396, '2017-10-29', NULL, '2017-10-29 12:13:00', -1),
(103, 143, 368, '2017-10-29', NULL, '2017-10-29 12:13:00', -1),
(104, 144, 145, '2017-10-29', NULL, '2017-10-29 12:13:00', -1),
(105, 145, 144, '2017-10-29', NULL, '2017-10-29 12:13:00', -1),
(106, 146, 452, '2017-10-29', NULL, '2017-10-29 12:13:00', -1),
(107, 147, 290, '2017-10-29', NULL, '2017-10-29 12:13:00', -1),
(108, 148, 306, '2017-10-29', NULL, '2017-10-29 12:13:00', -1),
(109, 149, 456, '2017-10-29', NULL, '2017-10-29 12:13:00', -1),
(110, 150, 457, '2017-10-29', NULL, '2017-10-29 12:13:00', -1),
(111, 151, 133, '2017-10-29', NULL, '2017-10-29 12:13:00', -1),
(112, 151, 373, '2017-10-29', NULL, '2017-10-29 12:13:00', -1),
(113, 152, 463, '2017-10-29', NULL, '2017-10-29 12:13:00', -1),
(114, 153, 268, '2017-10-29', NULL, '2017-10-29 12:13:00', -1),
(115, 154, 217, '2017-10-29', NULL, '2017-10-29 12:13:00', -1),
(116, 155, 81, '2017-10-29', NULL, '2017-10-29 12:13:00', -1),
(117, 157, 247, '2017-10-29', NULL, '2017-10-29 12:13:00', -1),
(118, 158, 278, '2017-10-29', NULL, '2017-10-29 12:13:00', -1),
(119, 158, 78, '2017-10-29', NULL, '2017-10-29 12:13:00', -1),
(120, 159, 336, '2017-10-29', NULL, '2017-10-29 12:13:00', -1),
(121, 161, 375, '2017-10-29', NULL, '2017-10-29 12:13:00', -1),
(122, 162, 66, '2017-10-29', NULL, '2017-10-29 12:13:00', -1),
(123, 163, 46, '2017-10-29', NULL, '2017-10-29 12:13:00', -1),
(124, 164, 39, '2017-10-29', NULL, '2017-10-29 12:13:00', -1),
(125, 165, 73, '2017-10-29', NULL, '2017-10-29 12:13:00', -1),
(126, 165, 351, '2017-10-29', NULL, '2017-10-29 12:13:00', -1),
(127, 166, 45, '2017-10-29', NULL, '2017-10-29 12:13:00', -1),
(128, 168, 250, '2017-10-29', NULL, '2017-10-29 12:13:00', -1),
(129, 169, 415, '2017-10-29', NULL, '2017-10-29 12:13:00', -1),
(130, 170, 283, '2017-10-29', NULL, '2017-10-29 12:13:00', -1),
(131, 171, 83, '2017-10-29', NULL, '2017-10-29 12:13:00', -1),
(132, 172, 113, '2017-10-29', NULL, '2017-10-29 12:13:00', -1),
(133, 173, 325, '2017-10-29', NULL, '2017-10-29 12:13:00', -1),
(134, 174, 209, '2017-10-29', NULL, '2017-10-29 12:13:00', -1),
(135, 175, 471, '2017-10-29', NULL, '2017-10-29 12:13:00', -1),
(136, 176, 455, '2017-10-29', NULL, '2017-10-29 12:13:00', -1),
(137, 177, 479, '2017-10-29', NULL, '2017-10-29 12:13:00', -1),
(138, 178, 42, '2017-10-29', NULL, '2017-10-29 12:13:00', -1),
(139, 178, 369, '2017-10-29', NULL, '2017-10-29 12:13:00', -1),
(140, 181, 293, '2017-10-29', NULL, '2017-10-29 12:13:00', -1),
(141, 183, 269, '2017-10-29', NULL, '2017-10-29 12:13:00', -1),
(142, 183, 69, '2017-10-29', NULL, '2017-10-29 12:13:00', -1),
(143, 184, 461, '2017-10-29', NULL, '2017-10-29 12:13:00', -1),
(144, 185, 301, '2017-10-29', NULL, '2017-10-29 12:13:00', -1),
(145, 185, 52, '2017-10-29', NULL, '2017-10-29 12:13:00', -1),
(146, 186, 340, '2017-10-29', NULL, '2017-10-29 12:13:00', -1),
(147, 187, 438, '2017-10-29', NULL, '2017-10-29 12:13:00', -1),
(148, 188, 291, '2017-10-29', NULL, '2017-10-29 12:13:00', -1),
(149, 189, 48, '2017-10-29', NULL, '2017-10-29 12:13:00', -1),
(150, 189, 49, '2017-10-29', NULL, '2017-10-29 12:13:00', -1),
(151, 190, 403, '2017-10-29', NULL, '2017-10-29 12:13:00', -1),
(152, 191, 76, '2017-10-29', NULL, '2017-10-29 12:13:00', -1),
(153, 195, 70, '2017-10-29', NULL, '2017-10-29 12:13:00', -1),
(154, 196, 427, '2017-10-29', NULL, '2017-10-29 12:13:00', -1),
(155, 197, 82, '2017-10-29', NULL, '2017-10-29 12:13:00', -1),
(156, 198, 404, '2017-10-29', NULL, '2017-10-29 12:13:00', -1),
(157, 200, 72, '2017-10-29', NULL, '2017-10-29 12:13:00', -1),
(158, 201, 40, '2017-10-29', NULL, '2017-10-29 12:13:00', -1),
(159, 202, 67, '2017-10-29', NULL, '2017-10-29 12:13:00', -1),
(160, 202, 370, '2017-10-29', NULL, '2017-10-29 12:13:00', -1),
(161, 204, 313, '2017-10-29', NULL, '2017-10-29 12:13:00', -1),
(162, 204, 344, '2017-10-29', NULL, '2017-10-29 12:13:00', -1),
(163, 205, 38, '2017-10-29', NULL, '2017-10-29 12:13:00', -1),
(164, 208, 319, '2017-10-29', NULL, '2017-10-29 12:13:00', -1),
(165, 209, 174, '2017-10-29', NULL, '2017-10-29 12:13:00', -1),
(166, 214, 458, '2017-10-29', NULL, '2017-10-29 12:13:00', -1),
(167, 214, 398, '2017-10-29', NULL, '2017-10-29 12:13:00', -1),
(168, 215, 363, '2017-10-29', NULL, '2017-10-29 12:13:00', -1),
(169, 217, 154, '2017-10-29', NULL, '2017-10-29 12:13:00', -1),
(170, 218, 332, '2017-10-29', NULL, '2017-10-29 12:13:00', -1),
(171, 220, 295, '2017-10-29', NULL, '2017-10-29 12:13:00', -1),
(172, 220, 79, '2017-10-29', NULL, '2017-10-29 12:13:00', -1),
(173, 221, 95, '2017-10-29', NULL, '2017-10-29 12:13:00', -1),
(174, 221, 406, '2017-10-29', NULL, '2017-10-29 12:13:00', -1),
(175, 222, 294, '2017-10-29', NULL, '2017-10-29 12:13:00', -1),
(176, 223, 334, '2017-10-29', NULL, '2017-10-29 12:13:00', -1),
(177, 224, 459, '2017-10-29', NULL, '2017-10-29 12:13:00', -1),
(178, 226, 27, '2017-10-29', NULL, '2017-10-29 12:13:00', -1),
(179, 228, 37, '2017-10-29', NULL, '2017-10-29 12:13:00', -1),
(180, 230, 481, '2017-10-29', NULL, '2017-10-29 12:13:00', -1),
(181, 232, 326, '2017-10-29', NULL, '2017-10-29 12:13:00', -1),
(182, 232, 107, '2017-10-29', NULL, '2017-10-29 12:13:00', -1),
(183, 233, 428, '2017-10-29', NULL, '2017-10-29 12:13:00', -1),
(184, 235, 111, '2017-10-29', NULL, '2017-10-29 12:13:00', -1),
(185, 237, 322, '2017-10-29', NULL, '2017-10-29 12:13:00', -1),
(186, 237, 431, '2017-10-29', NULL, '2017-10-29 12:13:00', -1),
(187, 239, 105, '2017-10-29', NULL, '2017-10-29 12:13:00', -1),
(188, 240, 114, '2017-10-29', NULL, '2017-10-29 12:13:00', -1),
(189, 242, 399, '2017-10-29', NULL, '2017-10-29 12:13:00', -1),
(190, 242, 374, '2017-10-29', NULL, '2017-10-29 12:13:00', -1),
(191, 243, 104, '2017-10-29', NULL, '2017-10-29 12:13:00', -1),
(192, 243, 435, '2017-10-29', NULL, '2017-10-29 12:13:00', -1),
(193, 244, 356, '2017-10-29', NULL, '2017-10-29 12:13:00', -1),
(194, 246, 470, '2017-10-29', NULL, '2017-10-29 12:13:00', -1),
(195, 246, 349, '2017-10-29', NULL, '2017-10-29 12:13:00', -1),
(196, 247, 157, '2017-10-29', NULL, '2017-10-29 12:13:00', -1),
(197, 249, 96, '2017-10-29', NULL, '2017-10-29 12:13:00', -1),
(198, 249, 409, '2017-10-29', NULL, '2017-10-29 12:13:00', -1),
(199, 250, 168, '2017-10-29', NULL, '2017-10-29 12:13:00', -1),
(200, 253, 103, '2017-10-29', NULL, '2017-10-29 12:13:00', -1),
(201, 256, 36, '2017-10-29', NULL, '2017-10-29 12:13:00', -1),
(202, 256, 446, '2017-10-29', NULL, '2017-10-29 12:13:00', -1),
(203, 257, 413, '2017-10-29', NULL, '2017-10-29 12:13:00', -1),
(204, 265, 102, '2017-10-29', NULL, '2017-10-29 12:13:00', -1),
(205, 266, 97, '2017-10-29', NULL, '2017-10-29 12:13:00', -1),
(206, 266, 130, '2017-10-29', NULL, '2017-10-29 12:13:00', -1),
(207, 267, 128, '2017-10-29', NULL, '2017-10-29 12:13:00', -1),
(208, 267, 407, '2017-10-29', NULL, '2017-10-29 12:13:00', -1),
(209, 268, 153, '2017-10-29', NULL, '2017-10-29 12:13:00', -1),
(210, 269, 183, '2017-10-29', NULL, '2017-10-29 12:13:00', -1),
(211, 269, 69, '2017-10-29', NULL, '2017-10-29 12:13:00', -1),
(212, 272, 41, '2017-10-29', NULL, '2017-10-29 12:13:00', -1),
(213, 273, 416, '2017-10-29', NULL, '2017-10-29 12:13:00', -1),
(214, 275, 135, '2017-10-29', NULL, '2017-10-29 12:13:00', -1),
(215, 275, 440, '2017-10-29', NULL, '2017-10-29 12:13:00', -1),
(216, 277, 418, '2017-10-29', NULL, '2017-10-29 12:13:00', -1),
(217, 278, 158, '2017-10-29', NULL, '2017-10-29 12:13:00', -1),
(218, 278, 78, '2017-10-29', NULL, '2017-10-29 12:13:00', -1),
(219, 282, 445, '2017-10-29', NULL, '2017-10-29 12:13:00', -1),
(220, 283, 170, '2017-10-29', NULL, '2017-10-29 12:13:00', -1),
(221, 288, 106, '2017-10-29', NULL, '2017-10-29 12:13:00', -1),
(222, 290, 147, '2017-10-29', NULL, '2017-10-29 12:13:00', -1),
(223, 291, 188, '2017-10-29', NULL, '2017-10-29 12:13:00', -1),
(224, 293, 181, '2017-10-29', NULL, '2017-10-29 12:13:00', -1),
(225, 294, 222, '2017-10-29', NULL, '2017-10-29 12:13:00', -1),
(226, 295, 220, '2017-10-29', NULL, '2017-10-29 12:13:00', -1),
(227, 295, 79, '2017-10-29', NULL, '2017-10-29 12:13:00', -1),
(228, 301, 185, '2017-10-29', NULL, '2017-10-29 12:13:00', -1),
(229, 301, 52, '2017-10-29', NULL, '2017-10-29 12:13:00', -1),
(230, 306, 148, '2017-10-29', NULL, '2017-10-29 12:13:00', -1),
(231, 309, 129, '2017-10-29', NULL, '2017-10-29 12:13:00', -1),
(232, 309, 366, '2017-10-29', NULL, '2017-10-29 12:13:00', -1),
(233, 313, 204, '2017-10-29', NULL, '2017-10-29 12:13:00', -1),
(234, 313, 344, '2017-10-29', NULL, '2017-10-29 12:13:00', -1),
(235, 315, 478, '2017-10-29', NULL, '2017-10-29 12:13:00', -1),
(236, 319, 208, '2017-10-29', NULL, '2017-10-29 12:13:00', -1),
(237, 321, 75, '2017-10-29', NULL, '2017-10-29 12:13:00', -1),
(238, 322, 237, '2017-10-29', NULL, '2017-10-29 12:13:00', -1),
(239, 322, 431, '2017-10-29', NULL, '2017-10-29 12:13:00', -1),
(240, 323, 98, '2017-10-29', NULL, '2017-10-29 12:13:00', -1),
(241, 324, 460, '2017-10-29', NULL, '2017-10-29 12:13:00', -1),
(242, 325, 173, '2017-10-29', NULL, '2017-10-29 12:13:00', -1),
(243, 326, 232, '2017-10-29', NULL, '2017-10-29 12:13:00', -1),
(244, 326, 107, '2017-10-29', NULL, '2017-10-29 12:13:00', -1),
(245, 327, 109, '2017-10-29', NULL, '2017-10-29 12:13:00', -1),
(246, 332, 218, '2017-10-29', NULL, '2017-10-29 12:13:00', -1),
(247, 334, 223, '2017-10-29', NULL, '2017-10-29 12:13:00', -1),
(248, 336, 159, '2017-10-29', NULL, '2017-10-29 12:13:00', -1),
(249, 337, 94, '2017-10-29', NULL, '2017-10-29 12:13:00', -1),
(250, 337, 364, '2017-10-29', NULL, '2017-10-29 12:13:00', -1),
(251, 339, 101, '2017-10-29', NULL, '2017-10-29 12:13:00', -1),
(252, 340, 186, '2017-10-29', NULL, '2017-10-29 12:13:00', -1),
(253, 344, 313, '2017-10-29', NULL, '2017-10-29 12:13:00', -1),
(254, 344, 204, '2017-10-29', NULL, '2017-10-29 12:13:00', -1),
(255, 345, 137, '2017-10-29', NULL, '2017-10-29 12:13:00', -1),
(256, 347, 141, '2017-10-29', NULL, '2017-10-29 12:13:00', -1),
(257, 348, 54, '2017-10-29', NULL, '2017-10-29 12:13:00', -1),
(258, 349, 470, '2017-10-29', NULL, '2017-10-29 12:13:00', -1),
(259, 349, 246, '2017-10-29', NULL, '2017-10-29 12:13:00', -1),
(260, 350, 43, '2017-10-29', NULL, '2017-10-29 12:13:00', -1),
(261, 351, 165, '2017-10-29', NULL, '2017-10-29 12:13:00', -1),
(262, 351, 73, '2017-10-29', NULL, '2017-10-29 12:13:00', -1),
(263, 352, 61, '2017-10-29', NULL, '2017-10-29 12:13:00', -1),
(264, 356, 244, '2017-10-29', NULL, '2017-10-29 12:13:00', -1),
(265, 358, 30, '2017-10-29', NULL, '2017-10-29 12:13:00', -1),
(266, 360, 53, '2017-10-29', NULL, '2017-10-29 12:13:00', -1),
(267, 360, 388, '2017-10-29', NULL, '2017-10-29 12:13:00', -1),
(268, 361, 50, '2017-10-29', NULL, '2017-10-29 12:13:00', -1),
(269, 363, 215, '2017-10-29', NULL, '2017-10-29 12:13:00', -1),
(270, 364, 337, '2017-10-29', NULL, '2017-10-29 12:13:00', -1),
(271, 364, 94, '2017-10-29', NULL, '2017-10-29 12:13:00', -1),
(272, 365, 394, '2017-10-29', NULL, '2017-10-29 12:13:00', -1),
(273, 366, 309, '2017-10-29', NULL, '2017-10-29 12:13:00', -1),
(274, 366, 129, '2017-10-29', NULL, '2017-10-29 12:13:00', -1),
(275, 368, 451, '2017-10-29', NULL, '2017-10-29 12:13:00', -1),
(276, 368, 143, '2017-10-29', NULL, '2017-10-29 12:13:00', -1),
(277, 368, 396, '2017-10-29', NULL, '2017-10-29 12:13:00', -1),
(278, 369, 178, '2017-10-29', NULL, '2017-10-29 12:13:00', -1),
(279, 369, 42, '2017-10-29', NULL, '2017-10-29 12:13:00', -1),
(280, 370, 202, '2017-10-29', NULL, '2017-10-29 12:13:00', -1),
(281, 370, 67, '2017-10-29', NULL, '2017-10-29 12:13:00', -1),
(282, 371, 124, '2017-10-29', NULL, '2017-10-29 12:13:00', -1),
(283, 373, 151, '2017-10-29', NULL, '2017-10-29 12:13:00', -1),
(284, 373, 133, '2017-10-29', NULL, '2017-10-29 12:13:00', -1),
(285, 374, 242, '2017-10-29', NULL, '2017-10-29 12:13:00', -1),
(286, 374, 399, '2017-10-29', NULL, '2017-10-29 12:13:00', -1),
(287, 375, 161, '2017-10-29', NULL, '2017-10-29 12:13:00', -1),
(288, 376, 33, '2017-10-29', NULL, '2017-10-29 12:13:00', -1),
(289, 377, 60, '2017-10-29', NULL, '2017-10-29 12:13:00', -1),
(290, 378, 51, '2017-10-29', NULL, '2017-10-29 12:13:00', -1),
(291, 385, 74, '2017-10-29', NULL, '2017-10-29 12:13:00', -1),
(292, 386, 62, '2017-10-29', NULL, '2017-10-29 12:13:00', -1),
(293, 386, 414, '2017-10-29', NULL, '2017-10-29 12:13:00', -1),
(294, 388, 53, '2017-10-29', NULL, '2017-10-29 12:13:00', -1),
(295, 388, 360, '2017-10-29', NULL, '2017-10-29 12:13:00', -1),
(296, 389, 421, '2017-10-29', NULL, '2017-10-29 12:13:00', -1),
(297, 390, 93, '2017-10-29', NULL, '2017-10-29 12:13:00', -1),
(298, 394, 365, '2017-10-29', NULL, '2017-10-29 12:13:00', -1),
(299, 395, 125, '2017-10-29', NULL, '2017-10-29 12:13:00', -1),
(300, 396, 451, '2017-10-29', NULL, '2017-10-29 12:13:00', -1),
(301, 396, 143, '2017-10-29', NULL, '2017-10-29 12:13:00', -1),
(302, 396, 368, '2017-10-29', NULL, '2017-10-29 12:13:00', -1),
(303, 398, 458, '2017-10-29', NULL, '2017-10-29 12:13:00', -1),
(304, 398, 214, '2017-10-29', NULL, '2017-10-29 12:13:00', -1),
(305, 399, 242, '2017-10-29', NULL, '2017-10-29 12:13:00', -1),
(306, 399, 374, '2017-10-29', NULL, '2017-10-29 12:13:00', -1),
(307, 400, 139, '2017-10-29', NULL, '2017-10-29 12:13:00', -1),
(308, 402, 119, '2017-10-29', NULL, '2017-10-29 12:13:00', -1),
(309, 403, 190, '2017-10-29', NULL, '2017-10-29 12:13:00', -1),
(310, 404, 198, '2017-10-29', NULL, '2017-10-29 12:13:00', -1),
(311, 406, 221, '2017-10-29', NULL, '2017-10-29 12:13:00', -1),
(312, 406, 95, '2017-10-29', NULL, '2017-10-29 12:13:00', -1),
(313, 407, 267, '2017-10-29', NULL, '2017-10-29 12:13:00', -1),
(314, 407, 128, '2017-10-29', NULL, '2017-10-29 12:13:00', -1),
(315, 409, 249, '2017-10-29', NULL, '2017-10-29 12:13:00', -1),
(316, 409, 96, '2017-10-29', NULL, '2017-10-29 12:13:00', -1),
(317, 413, 257, '2017-10-29', NULL, '2017-10-29 12:13:00', -1),
(318, 414, 62, '2017-10-29', NULL, '2017-10-29 12:13:00', -1),
(319, 414, 386, '2017-10-29', NULL, '2017-10-29 12:13:00', -1),
(320, 415, 169, '2017-10-29', NULL, '2017-10-29 12:13:00', -1),
(321, 416, 273, '2017-10-29', NULL, '2017-10-29 12:13:00', -1),
(322, 417, 132, '2017-10-29', NULL, '2017-10-29 12:13:00', -1),
(323, 418, 277, '2017-10-29', NULL, '2017-10-29 12:13:00', -1),
(324, 421, 389, '2017-10-29', NULL, '2017-10-29 12:13:00', -1),
(325, 426, 127, '2017-10-29', NULL, '2017-10-29 12:13:00', -1),
(326, 427, 196, '2017-10-29', NULL, '2017-10-29 12:13:00', -1),
(327, 428, 233, '2017-10-29', NULL, '2017-10-29 12:13:00', -1),
(328, 429, 110, '2017-10-29', NULL, '2017-10-29 12:13:00', -1),
(329, 431, 322, '2017-10-29', NULL, '2017-10-29 12:13:00', -1),
(330, 431, 237, '2017-10-29', NULL, '2017-10-29 12:13:00', -1),
(331, 433, 92, '2017-10-29', NULL, '2017-10-29 12:13:00', -1),
(332, 435, 243, '2017-10-29', NULL, '2017-10-29 12:13:00', -1),
(333, 435, 104, '2017-10-29', NULL, '2017-10-29 12:13:00', -1),
(334, 436, 34, '2017-10-29', NULL, '2017-10-29 12:13:00', -1),
(335, 438, 187, '2017-10-29', NULL, '2017-10-29 12:13:00', -1),
(336, 440, 275, '2017-10-29', NULL, '2017-10-29 12:13:00', -1),
(337, 440, 135, '2017-10-29', NULL, '2017-10-29 12:13:00', -1),
(338, 442, 120, '2017-10-29', NULL, '2017-10-29 12:13:00', -1),
(339, 443, 115, '2017-10-29', NULL, '2017-10-29 12:13:00', -1),
(340, 445, 282, '2017-10-29', NULL, '2017-10-29 12:13:00', -1),
(341, 446, 36, '2017-10-29', NULL, '2017-10-29 12:13:00', -1),
(342, 446, 256, '2017-10-29', NULL, '2017-10-29 12:13:00', -1),
(343, 447, 117, '2017-10-29', NULL, '2017-10-29 12:13:00', -1),
(344, 451, 143, '2017-10-29', NULL, '2017-10-29 12:13:00', -1),
(345, 451, 396, '2017-10-29', NULL, '2017-10-29 12:13:00', -1),
(346, 451, 368, '2017-10-29', NULL, '2017-10-29 12:13:00', -1),
(347, 452, 146, '2017-10-29', NULL, '2017-10-29 12:13:00', -1),
(348, 455, 176, '2017-10-29', NULL, '2017-10-29 12:13:00', -1),
(349, 456, 149, '2017-10-29', NULL, '2017-10-29 12:13:00', -1),
(350, 457, 150, '2017-10-29', NULL, '2017-10-29 12:13:00', -1),
(351, 458, 214, '2017-10-29', NULL, '2017-10-29 12:13:00', -1),
(352, 458, 398, '2017-10-29', NULL, '2017-10-29 12:13:00', -1),
(353, 459, 224, '2017-10-29', NULL, '2017-10-29 12:13:00', -1),
(354, 460, 324, '2017-10-29', NULL, '2017-10-29 12:13:00', -1),
(355, 461, 184, '2017-10-29', NULL, '2017-10-29 12:13:00', -1),
(356, 463, 152, '2017-10-29', NULL, '2017-10-29 12:13:00', -1),
(357, 470, 246, '2017-10-29', NULL, '2017-10-29 12:13:00', -1),
(358, 470, 349, '2017-10-29', NULL, '2017-10-29 12:13:00', -1),
(359, 471, 175, '2017-10-29', NULL, '2017-10-29 12:13:00', -1),
(360, 478, 315, '2017-10-29', NULL, '2017-10-29 12:13:00', -1),
(361, 479, 177, '2017-10-29', NULL, '2017-10-29 12:13:00', -1),
(362, 481, 230, '2017-10-29', NULL, '2017-10-29 12:13:00', -1);

-- --------------------------------------------------------

--
-- Table structure for table `nsadmin_pm_day`
--

CREATE TABLE `nsadmin_pm_day` (
  `id` smallint(5) UNSIGNED NOT NULL,
  `event_id` smallint(5) UNSIGNED NOT NULL,
  `day_date` date NOT NULL,
  `day_start` time NOT NULL,
  `day_end` time NOT NULL,
  `venue` varchar(35) NOT NULL,
  `slot_mins` tinyint(2) UNSIGNED NOT NULL,
  `num_slots` tinyint(2) UNSIGNED NOT NULL DEFAULT '1'
) ENGINE=InnoDB DEFAULT CHARSET=utf8;

--
-- Dumping data for table `nsadmin_pm_day`
--

INSERT INTO `nsadmin_pm_day` (`id`, `event_id`, `day_date`, `day_start`, `day_end`, `venue`, `slot_mins`, `num_slots`) VALUES
(16, 1, '2017-11-22', '14:40:00', '17:40:00', 'School', 10, 18),
(17, 1, '2017-11-30', '14:40:00', '17:40:00', 'School', 10, 18),
(18, 2, '2017-11-10', '14:30:00', '17:30:00', 'School', 10, 18);

-- --------------------------------------------------------

--
-- Table structure for table `nsadmin_pm_event`
--

CREATE TABLE `nsadmin_pm_event` (
  `id` smallint(5) UNSIGNED NOT NULL,
  `title` varchar(50) NOT NULL,
  `year_starting` year(4) NOT NULL,
  `event_starting` date NOT NULL,
  `active` tinyint(1) UNSIGNED NOT NULL DEFAULT '0',
  `require_registration` tinyint(1) UNSIGNED NOT NULL DEFAULT '1',
  `group_id` tinytext CHARACTER SET latin1 COLLATE latin1_bin NOT NULL,
  `staff_option` tinytext CHARACTER SET latin1 COLLATE latin1_bin NOT NULL,
  `updated` datetime NOT NULL,
  `updated_by` int(10) NOT NULL
) ENGINE=InnoDB DEFAULT CHARSET=utf8;

--
-- Dumping data for table `nsadmin_pm_event`
--

INSERT INTO `nsadmin_pm_event` (`id`, `title`, `year_starting`, `event_starting`, `active`, `require_registration`, `group_id`, `staff_option`, `updated`, `updated_by`) VALUES
(1, 'PT Meeting T1 2017-18', 2017, '2017-11-22', 1, 1, '["1","2","3","4","5","6","7","8","9","10","11","12","13","14","15","16"]', 'class_leaders_assistants', '2017-10-29 12:15:00', 1),
(2, 'Test Event', 2017, '2017-11-10', 1, 1, '["1","2","3","4","5","6","7","8","9","10","11","12","13","14","15","16"]', 'class_leaders_assistants', '2017-11-01 01:22:38', 1);

-- --------------------------------------------------------

--
-- Table structure for table `nsadmin_pm_reservation`
--

CREATE TABLE `nsadmin_pm_reservation` (
  `id` int(10) UNSIGNED NOT NULL,
  `event_id` int(10) UNSIGNED NOT NULL,
  `day_id` int(10) UNSIGNED NOT NULL,
  `slot_id` int(10) UNSIGNED NOT NULL,
  `member_id` int(11) UNSIGNED NOT NULL,
  `staff_id` int(10) UNSIGNED NOT NULL,
  `support_staff_id` int(10) UNSIGNED NOT NULL DEFAULT '0',
  `is_break` tinyint(1) UNSIGNED NOT NULL DEFAULT '0',
  `is_locked` tinyint(1) UNSIGNED NOT NULL DEFAULT '0',
  `is_temp` tinyint(1) UNSIGNED NOT NULL DEFAULT '1',
  `created` datetime NOT NULL,
  `created_by` int(11) NOT NULL,
  `updated` datetime NOT NULL,
  `updated_by` int(11) NOT NULL
) ENGINE=InnoDB DEFAULT CHARSET=utf8;

--
-- Dumping data for table `nsadmin_pm_reservation`
--

INSERT INTO `nsadmin_pm_reservation` (`id`, `event_id`, `day_id`, `slot_id`, `member_id`, `staff_id`, `support_staff_id`, `is_break`, `is_locked`, `is_temp`, `created`, `created_by`, `updated`, `updated_by`) VALUES
(1, 1, 16, 215, 129, 23, 12, 0, 1, 0, '2017-10-30 20:18:04', 1, '2017-10-30 20:18:04', 1),
(2, 1, 16, 216, 309, 3, 0, 0, 1, 0, '2017-10-30 20:18:04', 1, '2017-10-30 20:18:04', 1),
(3, 1, 16, 217, 366, 17, 0, 0, 1, 0, '2017-10-30 20:18:04', 1, '2017-10-30 20:18:04', 1),
(4, 1, 16, 216, 440, 23, 15, 0, 1, 0, '2017-10-30 20:18:06', 1, '2017-10-30 20:18:06', 1),
(5, 1, 16, 217, 275, 2, 0, 0, 1, 0, '2017-10-30 20:18:06', 1, '2017-10-30 20:18:06', 1),
(6, 1, 16, 218, 135, 12, 0, 0, 1, 0, '2017-10-30 20:18:07', 1, '2017-10-30 20:18:07', 1),
(7, 1, 16, 215, 364, 21, 17, 0, 1, 0, '2017-10-30 20:18:28', 1, '2017-10-30 20:18:28', 1),
(8, 1, 16, 216, 337, 14, 22, 0, 1, 0, '2017-10-30 20:18:28', 1, '2017-10-30 20:18:28', 1),
(9, 1, 16, 217, 94, 5, 20, 0, 1, 0, '2017-10-30 20:18:28', 1, '2017-10-30 20:18:28', 1),
(10, 1, 16, 215, 324, 22, 14, 0, 1, 0, '2017-10-30 20:18:57', 1, '2017-10-30 20:18:57', 1),
(11, 1, 16, 216, 460, 9, 25, 0, 1, 0, '2017-10-30 20:18:57', 1, '2017-10-30 20:18:57', 1),
(12, 1, 16, 217, 291, 22, 3, 0, 1, 0, '2017-10-30 20:19:03', 1, '2017-10-30 20:19:03', 1),
(13, 1, 16, 218, 188, 13, 0, 0, 1, 0, '2017-10-30 20:19:03', 1, '2017-10-30 20:19:03', 1),
(14, 1, 16, 216, 146, 21, 10, 0, 1, 0, '2017-10-30 20:19:19', 1, '2017-10-30 20:19:19', 1),
(15, 1, 16, 217, 452, 9, 0, 0, 1, 0, '2017-10-30 20:19:19', 1, '2017-10-30 20:19:19', 1),
(16, 1, 16, 217, 171, 21, 10, 0, 1, 0, '2017-10-30 20:19:22', 1, '2017-10-30 20:19:22', 1),
(17, 1, 16, 218, 83, 7, 0, 0, 1, 0, '2017-10-30 20:19:23', 1, '2017-10-30 20:19:23', 1),
(18, 1, 16, 218, 27, 21, 11, 0, 1, 0, '2017-10-30 20:19:26', 1, '2017-10-30 20:19:26', 1),
(19, 1, 16, 219, 226, 16, 0, 0, 1, 0, '2017-10-30 20:19:26', 1, '2017-10-30 20:19:26', 1),
(20, 1, 16, 219, 352, 21, 17, 0, 1, 0, '2017-10-30 20:19:33', 1, '2017-10-30 20:19:33', 1),
(21, 1, 16, 220, 61, 7, 0, 0, 1, 0, '2017-10-30 20:19:34', 1, '2017-10-30 20:19:34', 1),
(22, 1, 16, 220, 155, 21, 10, 0, 1, 0, '2017-10-30 20:19:39', 1, '2017-10-30 20:19:39', 1),
(23, 1, 16, 221, 81, 7, 0, 0, 1, 0, '2017-10-30 20:19:39', 1, '2017-10-30 20:19:39', 1),
(26, 1, 16, 217, 177, 19, 13, 0, 1, 0, '2017-10-30 20:20:06', 1, '2017-10-30 20:20:06', 1),
(27, 1, 16, 218, 479, 9, 23, 0, 1, 0, '2017-10-30 20:20:06', 1, '2017-10-30 20:20:06', 1),
(28, 1, 16, 215, 197, 19, 13, 0, 1, 0, '2017-10-30 20:20:19', 1, '2017-10-30 20:20:19', 1),
(29, 1, 16, 216, 82, 7, 0, 0, 1, 0, '2017-10-30 20:20:19', 1, '2017-10-30 20:20:19', 1),
(30, 1, 16, 216, 201, 19, 13, 0, 1, 0, '2017-10-30 20:20:28', 1, '2017-10-30 20:20:28', 1),
(31, 1, 16, 217, 40, 11, 0, 0, 1, 0, '2017-10-30 20:20:28', 1, '2017-10-30 20:20:28', 1),
(32, 1, 16, 219, 173, 19, 13, 0, 1, 0, '2017-10-30 20:20:42', 1, '2017-10-30 20:20:42', 1),
(33, 1, 16, 220, 325, 14, 0, 0, 1, 0, '2017-10-30 20:20:42', 1, '2017-10-30 20:20:42', 1),
(34, 1, 16, 220, 200, 19, 13, 0, 1, 0, '2017-10-30 20:20:53', 1, '2017-10-30 20:20:53', 1),
(35, 1, 16, 219, 72, 7, 0, 0, 1, 0, '2017-10-30 20:20:53', 1, '2017-10-30 20:20:53', 1),
(36, 1, 16, 217, 125, 23, 12, 0, 1, 0, '2017-10-30 20:21:16', 1, '2017-10-30 20:21:16', 1),
(37, 1, 16, 218, 395, 8, 0, 0, 1, 0, '2017-10-30 20:21:16', 1, '2017-10-30 20:21:16', 1),
(38, 1, 16, 219, 114, 23, 12, 0, 1, 0, '2017-10-30 20:21:24', 1, '2017-10-30 20:21:24', 1),
(39, 1, 16, 220, 240, 6, 0, 0, 1, 0, '2017-10-30 20:21:24', 1, '2017-10-30 20:21:24', 1),
(40, 1, 16, 220, 124, 23, 12, 0, 1, 0, '2017-10-30 20:21:31', 1, '2017-10-30 20:21:31', 1),
(41, 1, 16, 221, 371, 8, 0, 0, 1, 0, '2017-10-30 20:21:31', 1, '2017-10-30 20:21:31', 1),
(42, 1, 16, 221, 117, 23, 12, 0, 1, 0, '2017-10-30 20:21:40', 1, '2017-10-30 20:21:40', 1),
(43, 1, 16, 222, 447, 15, 0, 0, 1, 0, '2017-10-30 20:21:40', 1, '2017-10-30 20:21:40', 1),
(46, 1, 16, 218, 316, 22, 14, 0, 1, 0, '2017-10-30 20:22:16', 1, '2017-10-30 20:22:16', 1),
(47, 1, 16, 219, 317, 22, 14, 0, 1, 0, '2017-10-30 20:22:23', 1, '2017-10-30 20:22:23', 1),
(48, 1, 16, 220, 300, 22, 3, 0, 1, 0, '2017-10-30 20:22:25', 1, '2017-10-30 20:22:25', 1),
(49, 1, 16, 221, 320, 22, 14, 0, 1, 0, '2017-10-30 20:22:35', 1, '2017-10-30 20:22:35', 1),
(50, 1, 16, 222, 296, 22, 3, 0, 1, 0, '2017-10-30 20:22:40', 1, '2017-10-30 20:22:40', 1),
(51, 1, 16, 223, 302, 22, 3, 0, 1, 0, '2017-10-30 20:22:45', 1, '2017-10-30 20:22:45', 1),
(52, 1, 16, 224, 329, 22, 14, 0, 1, 0, '2017-10-30 20:22:51', 1, '2017-10-30 20:22:51', 1),
(53, 1, 16, 225, 330, 22, 14, 0, 1, 0, '2017-10-30 20:22:54', 1, '2017-10-30 20:22:54', 1),
(54, 1, 16, 226, 333, 22, 14, 0, 1, 0, '2017-10-30 20:23:13', 1, '2017-10-30 20:23:13', 1),
(55, 1, 16, 221, 156, 21, 10, 0, 1, 0, '2017-10-30 20:23:29', 1, '2017-10-30 20:23:29', 1),
(56, 1, 16, 222, 342, 21, 17, 0, 1, 0, '2017-10-30 20:23:31', 1, '2017-10-30 20:23:31', 1),
(57, 1, 16, 221, 194, 19, 13, 0, 1, 0, '2017-10-30 20:24:48', 1, '2017-10-30 20:24:48', 1),
(58, 1, 16, 222, 77, 19, 7, 0, 1, 0, '2017-10-30 20:25:00', 1, '2017-10-30 20:25:00', 1),
(59, 1, 16, 223, 65, 19, 7, 0, 1, 0, '2017-10-30 20:25:06', 1, '2017-10-30 20:25:06', 1),
(60, 1, 16, 224, 84, 19, 7, 0, 1, 0, '2017-10-30 20:25:33', 1, '2017-10-30 20:25:33', 1),
(61, 1, 16, 223, 439, 23, 15, 0, 1, 0, '2017-10-30 20:25:50', 1, '2017-10-30 20:25:50', 1),
(62, 1, 16, 222, 122, 23, 12, 0, 1, 0, '2017-10-30 20:25:57', 1, '2017-10-30 20:25:57', 1),
(63, 1, 16, 224, 140, 23, 12, 0, 1, 0, '2017-10-30 20:26:02', 1, '2017-10-30 20:26:02', 1),
(64, 1, 16, 225, 121, 23, 12, 0, 1, 0, '2017-10-30 20:26:06', 1, '2017-10-30 20:26:06', 1),
(80, 1, 17, 233, 267, 26, 2, 0, 1, 0, '2017-10-30 20:43:15', 1, '2017-10-30 20:43:15', 1),
(81, 1, 17, 234, 128, 12, 0, 0, 1, 0, '2017-10-30 20:43:15', 1, '2017-10-30 20:43:15', 1),
(82, 1, 17, 235, 407, 4, 0, 0, 1, 0, '2017-10-30 20:43:15', 1, '2017-10-30 20:43:15', 1),
(83, 1, 17, 233, 399, 25, 4, 0, 1, 0, '2017-10-30 20:43:43', 1, '2017-10-30 20:43:43', 1),
(84, 1, 17, 234, 242, 6, 0, 0, 1, 0, '2017-10-30 20:43:43', 1, '2017-10-30 20:43:43', 1),
(85, 1, 17, 235, 374, 8, 0, 0, 1, 0, '2017-10-30 20:43:43', 1, '2017-10-30 20:43:43', 1),
(86, 1, 17, 233, 214, 24, 16, 0, 1, 0, '2017-10-30 20:43:57', 1, '2017-10-30 20:43:57', 1),
(87, 1, 17, 234, 458, 9, 0, 0, 1, 0, '2017-10-30 20:43:57', 1, '2017-10-30 20:43:57', 1),
(88, 1, 17, 236, 398, 4, 0, 0, 1, 0, '2017-10-30 20:43:57', 1, '2017-10-30 20:43:57', 1),
(89, 1, 17, 234, 205, 21, 16, 0, 1, 0, '2017-10-30 20:45:13', 1, '2017-10-30 20:45:13', 1),
(90, 1, 17, 235, 38, 11, 0, 0, 1, 0, '2017-10-30 20:45:13', 1, '2017-10-30 20:45:13', 1),
(93, 1, 17, 234, 175, 19, 13, 0, 1, 0, '2017-10-30 20:45:42', 1, '2017-10-30 20:45:42', 1),
(94, 1, 17, 235, 471, 9, 0, 0, 1, 0, '2017-10-30 20:45:42', 1, '2017-10-30 20:45:42', 1),
(95, 1, 17, 233, 93, 20, 5, 0, 1, 0, '2017-10-30 20:46:49', 1, '2017-10-30 20:46:49', 1),
(96, 1, 17, 234, 390, 8, 0, 0, 1, 0, '2017-10-30 20:46:49', 1, '2017-10-30 20:46:49', 1),
(97, 1, 17, 235, 244, 24, 6, 0, 1, 0, '2017-10-30 20:48:08', 1, '2017-10-30 20:48:08', 1),
(98, 1, 17, 236, 356, 17, 0, 0, 1, 0, '2017-10-30 20:48:08', 1, '2017-10-30 20:48:08', 1),
(99, 1, 17, 236, 141, 24, 12, 0, 1, 0, '2017-10-30 20:48:17', 1, '2017-10-30 20:48:17', 1),
(100, 1, 17, 237, 347, 17, 0, 0, 1, 0, '2017-10-30 20:48:17', 1, '2017-10-30 20:48:17', 1),
(101, 1, 17, 237, 209, 24, 16, 0, 1, 0, '2017-10-30 20:48:28', 1, '2017-10-30 20:48:28', 1),
(102, 1, 17, 238, 174, 13, 0, 0, 1, 0, '2017-10-30 20:48:28', 1, '2017-10-30 20:48:28', 1),
(103, 1, 17, 234, 445, 25, 15, 0, 1, 0, '2017-10-30 20:48:54', 1, '2017-10-30 20:48:54', 1),
(104, 1, 17, 235, 282, 2, 26, 0, 1, 0, '2017-10-30 20:48:55', 1, '2017-10-30 20:48:55', 1),
(107, 1, 17, 237, 415, 25, 4, 0, 1, 0, '2017-10-30 20:49:17', 1, '2017-10-30 20:49:17', 1),
(108, 1, 17, 238, 169, 10, 0, 0, 1, 0, '2017-10-30 20:49:17', 1, '2017-10-30 20:49:17', 1),
(109, 1, 17, 238, 418, 25, 4, 0, 1, 0, '2017-10-30 20:50:01', 1, '2017-10-30 20:50:01', 1),
(110, 1, 17, 239, 277, 2, 0, 0, 1, 0, '2017-10-30 20:50:01', 1, '2017-10-30 20:50:01', 1),
(115, 1, 17, 236, 147, 26, 10, 0, 1, 0, '2017-10-30 20:51:17', 1, '2017-10-30 20:51:17', 1),
(116, 1, 17, 235, 290, 3, 25, 0, 1, 0, '2017-10-30 20:51:17', 1, '2017-10-30 20:51:17', 1),
(117, 1, 17, 238, 230, 26, 16, 0, 1, 0, '2017-10-30 20:51:40', 1, '2017-10-30 20:51:40', 1),
(118, 1, 17, 239, 481, 9, 0, 0, 1, 0, '2017-10-30 20:51:40', 1, '2017-10-30 20:51:40', 1),
(119, 1, 17, 234, 163, 26, 10, 0, 1, 0, '2017-10-30 20:51:49', 1, '2017-10-30 20:51:49', 1),
(120, 1, 17, 233, 46, 11, 0, 0, 1, 0, '2017-10-30 20:51:49', 1, '2017-10-30 20:51:49', 1),
(121, 1, 17, 237, 164, 26, 10, 0, 1, 0, '2017-10-30 20:51:59', 1, '2017-10-30 20:51:59', 1),
(122, 1, 17, 238, 39, 11, 0, 0, 1, 0, '2017-10-30 20:51:59', 1, '2017-10-30 20:51:59', 1),
(123, 1, 17, 239, 157, 26, 10, 0, 1, 0, '2017-10-30 20:52:09', 1, '2017-10-30 20:52:09', 1),
(124, 1, 17, 238, 247, 6, 0, 0, 1, 0, '2017-10-30 20:52:09', 1, '2017-10-30 20:52:09', 1),
(125, 1, 17, 241, 268, 26, 2, 0, 1, 0, '2017-10-30 20:52:20', 1, '2017-10-30 20:52:20', 1),
(126, 1, 17, 242, 153, 10, 0, 0, 1, 0, '2017-10-30 20:52:20', 1, '2017-10-30 20:52:20', 1),
(127, 1, 17, 243, 161, 26, 10, 0, 1, 0, '2017-10-30 20:52:31', 1, '2017-10-30 20:52:31', 1),
(128, 1, 17, 244, 375, 8, 0, 0, 1, 0, '2017-10-30 20:52:31', 1, '2017-10-30 20:52:31', 1),
(133, 1, 17, 236, 310, 22, 3, 0, 1, 0, '2017-10-30 20:53:35', 1, '2017-10-30 20:53:35', 1),
(134, 1, 17, 237, 299, 22, 3, 0, 1, 0, '2017-10-30 20:53:39', 1, '2017-10-30 20:53:39', 1),
(135, 1, 17, 233, 236, 19, 6, 0, 1, 0, '2017-10-30 20:54:06', 1, '2017-10-30 20:54:06', 1),
(136, 1, 17, 236, 241, 19, 6, 0, 1, 0, '2017-10-30 20:54:13', 1, '2017-10-30 20:54:13', 1),
(137, 1, 17, 237, 234, 19, 6, 0, 1, 0, '2017-10-30 20:54:20', 1, '2017-10-30 20:54:20', 1),
(138, 1, 17, 234, 99, 20, 5, 0, 1, 0, '2017-10-30 20:54:55', 1, '2017-10-30 20:54:55', 1),
(139, 1, 17, 236, 271, 20, 2, 0, 1, 0, '2017-10-30 20:55:03', 1, '2017-10-30 20:55:03', 1),
(140, 1, 17, 240, 410, 25, 4, 0, 1, 0, '2017-10-30 20:56:08', 1, '2017-10-30 20:56:08', 1),
(141, 1, 17, 241, 422, 25, 4, 0, 1, 0, '2017-10-30 20:56:45', 1, '2017-10-30 20:56:45', 1),
(142, 1, 17, 242, 419, 25, 4, 0, 1, 0, '2017-10-30 20:57:02', 1, '2017-10-30 20:57:02', 1),
(143, 1, 17, 244, 260, 26, 2, 0, 1, 0, '2017-10-30 20:57:58', 1, '2017-10-30 20:57:58', 1),
(144, 1, 17, 245, 254, 26, 6, 0, 1, 0, '2017-10-30 20:58:03', 1, '2017-10-30 20:58:03', 1),
(145, 1, 17, 243, 413, 25, 4, 0, 1, 0, '2017-10-30 21:04:57', 1, '2017-10-30 21:04:57', 1),
(146, 1, 17, 242, 257, 6, 26, 0, 1, 0, '2017-10-30 21:04:57', 1, '2017-10-30 21:04:57', 1);

-- --------------------------------------------------------

--
-- Table structure for table `nsadmin_pm_slot`
--

CREATE TABLE `nsadmin_pm_slot` (
  `id` smallint(5) UNSIGNED NOT NULL,
  `event_id` smallint(5) UNSIGNED NOT NULL,
  `day_id` smallint(5) UNSIGNED NOT NULL,
  `slot_start` time NOT NULL,
  `slot_end` time NOT NULL
) ENGINE=InnoDB DEFAULT CHARSET=utf8;

--
-- Dumping data for table `nsadmin_pm_slot`
--

INSERT INTO `nsadmin_pm_slot` (`id`, `event_id`, `day_id`, `slot_start`, `slot_end`) VALUES
(215, 1, 16, '14:40:00', '14:50:00'),
(216, 1, 16, '14:50:00', '15:00:00'),
(217, 1, 16, '15:00:00', '15:10:00'),
(218, 1, 16, '15:10:00', '15:20:00'),
(219, 1, 16, '15:20:00', '15:30:00'),
(220, 1, 16, '15:30:00', '15:40:00'),
(221, 1, 16, '15:40:00', '15:50:00'),
(222, 1, 16, '15:50:00', '16:00:00'),
(223, 1, 16, '16:00:00', '16:10:00'),
(224, 1, 16, '16:10:00', '16:20:00'),
(225, 1, 16, '16:20:00', '16:30:00'),
(226, 1, 16, '16:30:00', '16:40:00'),
(227, 1, 16, '16:40:00', '16:50:00'),
(228, 1, 16, '16:50:00', '17:00:00'),
(229, 1, 16, '17:00:00', '17:10:00'),
(230, 1, 16, '17:10:00', '17:20:00'),
(231, 1, 16, '17:20:00', '17:30:00'),
(232, 1, 16, '17:30:00', '17:40:00'),
(233, 1, 17, '14:40:00', '14:50:00'),
(234, 1, 17, '14:50:00', '15:00:00'),
(235, 1, 17, '15:00:00', '15:10:00'),
(236, 1, 17, '15:10:00', '15:20:00'),
(237, 1, 17, '15:20:00', '15:30:00'),
(238, 1, 17, '15:30:00', '15:40:00'),
(239, 1, 17, '15:40:00', '15:50:00'),
(240, 1, 17, '15:50:00', '16:00:00'),
(241, 1, 17, '16:00:00', '16:10:00'),
(242, 1, 17, '16:10:00', '16:20:00'),
(243, 1, 17, '16:20:00', '16:30:00'),
(244, 1, 17, '16:30:00', '16:40:00'),
(245, 1, 17, '16:40:00', '16:50:00'),
(246, 1, 17, '16:50:00', '17:00:00'),
(247, 1, 17, '17:00:00', '17:10:00'),
(248, 1, 17, '17:10:00', '17:20:00'),
(249, 1, 17, '17:20:00', '17:30:00'),
(250, 1, 17, '17:30:00', '17:40:00'),
(251, 2, 18, '14:30:00', '14:40:00'),
(252, 2, 18, '14:40:00', '14:50:00'),
(253, 2, 18, '14:50:00', '15:00:00'),
(254, 2, 18, '15:00:00', '15:10:00'),
(255, 2, 18, '15:10:00', '15:20:00'),
(256, 2, 18, '15:20:00', '15:30:00'),
(257, 2, 18, '15:30:00', '15:40:00'),
(258, 2, 18, '15:40:00', '15:50:00'),
(259, 2, 18, '15:50:00', '16:00:00'),
(260, 2, 18, '16:00:00', '16:10:00'),
(261, 2, 18, '16:10:00', '16:20:00'),
(262, 2, 18, '16:20:00', '16:30:00'),
(263, 2, 18, '16:30:00', '16:40:00'),
(264, 2, 18, '16:40:00', '16:50:00'),
(265, 2, 18, '16:50:00', '17:00:00'),
(266, 2, 18, '17:00:00', '17:10:00'),
(267, 2, 18, '17:10:00', '17:20:00'),
(268, 2, 18, '17:20:00', '17:30:00');

-- --------------------------------------------------------

--
-- Table structure for table `nsadmin_setting`
--

CREATE TABLE `nsadmin_setting` (
  `tbl_id` int(10) UNSIGNED NOT NULL,
  `setting_key` tinytext NOT NULL,
  `setting_value` varchar(50) DEFAULT NULL
) ENGINE=InnoDB DEFAULT CHARSET=utf8;

--
-- Dumping data for table `nsadmin_setting`
--

INSERT INTO `nsadmin_setting` (`tbl_id`, `setting_key`, `setting_value`) VALUES
(1, 'year_starting', '2017');

-- --------------------------------------------------------

--
-- Table structure for table `person`
--

CREATE TABLE `person` (
  `id` int(10) UNSIGNED NOT NULL,
  `ext_id` smallint(5) UNSIGNED DEFAULT NULL,
  `fname` varchar(35) CHARACTER SET utf8 COLLATE utf8_bin DEFAULT NULL,
  `lname` varchar(35) CHARACTER SET utf8 COLLATE utf8_bin DEFAULT NULL,
  `indexed_lname` tinytext CHARACTER SET latin1 COLLATE latin1_bin,
  `salute_name` varchar(50) CHARACTER SET utf8 COLLATE utf8_bin DEFAULT NULL,
  `salt_id` tinyint(2) UNSIGNED NOT NULL DEFAULT '0',
  `landline` tinytext CHARACTER SET latin1 COLLATE latin1_bin,
  `mobile` tinytext CHARACTER SET latin1 COLLATE latin1_bin,
  `email` tinytext CHARACTER SET latin1 COLLATE latin1_bin,
  `is_staff` tinyint(1) UNSIGNED NOT NULL DEFAULT '0',
  `is_guardian` tinyint(1) UNSIGNED NOT NULL DEFAULT '0',
  `is_member` tinyint(1) UNSIGNED NOT NULL DEFAULT '0',
  `active` tinyint(1) UNSIGNED NOT NULL DEFAULT '0',
  `created` datetime NOT NULL,
  `deactivated` date DEFAULT NULL,
  `updated` datetime NOT NULL,
  `updated_by` int(6) NOT NULL
) ENGINE=InnoDB DEFAULT CHARSET=utf8;

--
-- Dumping data for table `person`
--

INSERT INTO `person` (`id`, `ext_id`, `fname`, `lname`, `indexed_lname`, `salute_name`, `salt_id`, `landline`, `mobile`, `email`, `is_staff`, `is_guardian`, `is_member`, `active`, `created`, `deactivated`, `updated`, `updated_by`) VALUES
(2, 51, 'Conor', 'Burke', 'burke', 'Mr Burke', 6, NULL, '+353 87 134 5549', 'cburke09@momail.mie.ie', 1, 0, 0, 1, '2017-10-29 12:12:58', '2017-10-29', '2017-10-29 12:12:58', -1),
(3, 15, 'Yvonne', 'Carolan', 'carolan', 'Ms Carolan', 8, NULL, '+353 85 167 5879', 'ycarolan@hotmail.com', 1, 0, 0, 1, '2017-10-29 12:12:58', '2017-10-29', '2017-10-29 12:12:58', -1),
(4, 16, 'Aoife', 'Coyle', 'coyle', 'Ms Coyle', 8, NULL, '+353 87 160 4186', 'aoifercoyle@gmail.com', 1, 0, 0, 1, '2017-10-29 12:12:58', '2017-10-29', '2017-10-29 12:12:58', -1),
(5, 2, 'Anne', 'Daly', 'daly', 'Mrs Daly', 7, NULL, '+353 87 226 1750', 'annedaly6@eircom.net', 1, 0, 0, 1, '2017-10-29 12:12:58', '2017-10-29', '2017-10-29 12:12:58', -1),
(6, 14, 'Nicola', 'Flanagan', 'flanagan', 'Ms Flanagan', 8, NULL, '+353 87 228 9412', 'nicolam@eircom.net', 1, 0, 0, 1, '2017-10-29 12:12:58', '2017-10-29', '2017-10-29 12:12:58', -1),
(7, 17, 'Catherine', 'Gearty', 'gearty', NULL, 0, NULL, '+353 87 918 8717', 'cathgearty@gmail.com', 1, 1, 0, 0, '2017-10-29 12:12:58', NULL, '2017-10-29 12:12:59', -1),
(8, 38, 'Anne', 'Hutchinson', 'hutchinson', 'Ms Hutchinson', 8, NULL, '+353 86 888 6808', 'annehutchinson23@gmail.com', 1, 0, 0, 1, '2017-10-29 12:12:58', '2017-10-29', '2017-10-29 12:12:58', -1),
(9, 7, 'Aisling', 'Maher', 'maher', 'Ms Maher', 8, NULL, '+353 85 720 3725', 'aiskk@yahoo.co.uk', 1, 0, 0, 1, '2017-10-29 12:12:58', '2017-10-29', '2017-10-29 12:12:58', -1),
(10, 9, 'Fiona', 'Mcbride', 'bride', 'Ms Mcbride', 8, NULL, '+353 87 963 5324', 'fionahearne@gmail.com', 1, 0, 0, 1, '2017-10-29 12:12:58', '2017-10-29', '2017-10-29 12:12:58', -1),
(11, 63, 'Shane', 'Morgan', 'morgan', 'Mr Morgan', 6, NULL, '+353 86 051 3908', 'sanmorgan@live.com', 1, 0, 0, 1, '2017-10-29 12:12:58', '2017-10-29', '2017-10-29 12:12:58', -1),
(12, 10, 'Gill', 'Murphy', 'murphy', 'Ms Murphy', 8, NULL, '+353 86 221 1931', 'gillmurphy78@gmail.com', 1, 0, 0, 1, '2017-10-29 12:12:58', '2017-10-29', '2017-10-29 12:12:58', -1),
(13, 11, 'Helen', 'O\'Brien', 'brien', 'Ms O\'Brien', 8, NULL, '+353 87 285 3870', 'helengobrien@hotmail.com', 1, 0, 0, 1, '2017-10-29 12:12:58', '2017-10-29', '2017-10-29 12:12:58', -1),
(14, 53, 'Ronan', 'O\'Flaherty', 'flaherty', 'Mr O\'Flaherty', 6, NULL, '+353 87 210 3888', 'ronan.oflaherty2@gmail.com', 1, 0, 0, 1, '2017-10-29 12:12:58', '2017-10-29', '2017-10-29 12:12:58', -1),
(15, 37, 'Louise', 'O\'Hara', 'hara', 'Ms O\'Hara', 8, NULL, '+353 86 882 8336', 'louiseohara2001@yahoo.com', 1, 0, 0, 1, '2017-10-29 12:12:58', '2017-10-29', '2017-10-29 12:12:58', -1),
(16, 5, 'Ailis', 'O\'Hora', 'hora', 'Ms O\'Hora', 8, NULL, '+353 87 620 4649', 'ailisohora@gmail.com', 1, 0, 0, 1, '2017-10-29 12:12:58', '2017-10-29', '2017-10-29 12:12:58', -1),
(17, 8, 'Aoife', 'Cavanagh', 'cavanagh', 'Ms Cavanagh', 8, NULL, '+353 86 804 0617', 'aoifeh@gmail.com', 1, 0, 0, 1, '2017-10-29 12:12:58', '2017-10-29', '2017-10-29 12:12:58', -1),
(18, 22, 'Gillian', 'Rapple', 'rapple', NULL, 0, NULL, '+353 86 318 7925', 'gillianrapple@gmail.com', 1, 1, 0, 0, '2017-10-29 12:12:58', NULL, '2017-10-29 12:12:59', -1),
(19, 12, 'Laura', 'Whelan', 'whelan', NULL, 0, NULL, '+353 87 652 4026', 'lauralwhelan@hotmail.com', 1, 1, 0, 0, '2017-10-29 12:12:58', NULL, '2017-10-29 12:12:59', -1),
(20, 13, 'Niamh', 'Byrne', 'byrne', 'Ms Byrne', 8, NULL, '+353 86 380 9794', 'niamhkd@hotmail.com', 1, 0, 0, 1, '2017-10-29 12:12:58', '2017-10-29', '2017-10-29 12:12:58', -1),
(21, 21, 'Joanna', 'Mcdowell', 'dowell', NULL, 0, NULL, '+353 87 228 2565', 'joanna_mcdowell@hotmail.com', 1, 1, 0, 0, '2017-10-29 12:12:58', NULL, '2017-10-29 12:12:59', -1),
(22, 23, 'Elaine', 'Molyneaux', 'molyneaux', 'Ms Molyneaux', 8, NULL, '+353 86 051 6626', 'elainemolyneaux@gmail.com', 1, 0, 0, 1, '2017-10-29 12:12:58', '2017-10-29', '2017-10-29 12:12:58', -1),
(23, 52, 'Eadaoin', 'Ryan', 'ryan', 'Ms Ryan', 8, NULL, '+353 87 126 9690', 'eadaoinryan92@gmail.com', 1, 0, 0, 1, '2017-10-29 12:12:58', '2017-10-29', '2017-10-29 12:12:58', -1),
(24, 74, 'Maria', 'O\'Leary', 'leary', 'Ms O\'Leary', 8, NULL, NULL, NULL, 1, 0, 0, 1, '2017-10-29 12:12:58', '2017-10-29', '2017-10-29 12:12:58', -1),
(25, 78, 'Doireann', 'Markham', 'markham', 'Ms Markham', 8, NULL, NULL, NULL, 1, 0, 0, 1, '2017-10-29 12:12:58', '2017-10-29', '2017-10-29 12:12:58', -1),
(26, 79, 'Louise', 'Daly', 'daly', 'Ms Daly', 8, NULL, NULL, NULL, 1, 0, 0, 1, '2017-10-29 12:12:58', '2017-10-29', '2017-10-29 12:12:58', -1),
(27, 872, 'Cillian', 'Murphy', 'murphy', NULL, 0, NULL, NULL, NULL, 0, 0, 1, 0, '2017-10-29 12:12:58', '2017-10-29', '2017-10-29 12:12:58', -1),
(28, 930, 'James', 'Flynn', 'flynn', NULL, 0, NULL, NULL, NULL, 0, 0, 1, 0, '2017-10-29 12:12:58', '2017-10-29', '2017-10-29 12:12:58', -1),
(29, 931, 'Joanna', 'Flynn', 'flynn', NULL, 0, NULL, NULL, NULL, 0, 0, 1, 0, '2017-10-29 12:12:58', '2017-10-29', '2017-10-29 12:12:58', -1),
(30, 946, 'Liam', 'Howard', 'howard', NULL, 0, NULL, NULL, NULL, 0, 0, 1, 0, '2017-10-29 12:12:58', '2017-10-29', '2017-10-29 12:12:58', -1),
(31, 958, 'Aoife', 'Leonard', 'leonard', NULL, 0, NULL, NULL, NULL, 0, 0, 1, 0, '2017-10-29 12:12:58', '2017-10-29', '2017-10-29 12:12:58', -1),
(32, 962, 'Nathan', 'Mcafee', 'afee', NULL, 0, NULL, NULL, NULL, 0, 0, 1, 0, '2017-10-29 12:12:58', '2017-10-29', '2017-10-29 12:12:58', -1),
(33, 966, 'James', 'Mcdermott', 'dermott', NULL, 0, NULL, NULL, NULL, 0, 0, 1, 0, '2017-10-29 12:12:58', '2017-10-29', '2017-10-29 12:12:58', -1),
(34, 988, 'Penny', 'O\'Brien', 'brien', NULL, 0, NULL, NULL, NULL, 0, 0, 1, 0, '2017-10-29 12:12:58', '2017-10-29', '2017-10-29 12:12:58', -1),
(35, 1027, 'Ruairi', 'Vaudin', 'vaudin', NULL, 0, NULL, NULL, NULL, 0, 0, 1, 0, '2017-10-29 12:12:58', '2017-10-29', '2017-10-29 12:12:58', -1),
(36, 1043, 'Grace', 'Brennan', 'brennan', NULL, 0, NULL, NULL, NULL, 0, 0, 1, 0, '2017-10-29 12:12:58', '2017-10-29', '2017-10-29 12:12:58', -1),
(37, 1047, 'Aoife', 'O\'Buachalla', 'buachalla', NULL, 0, NULL, NULL, NULL, 0, 0, 1, 0, '2017-10-29 12:12:58', '2017-10-29', '2017-10-29 12:12:58', -1),
(38, 1066, 'Toby', 'Agnew', 'agnew', NULL, 0, NULL, NULL, NULL, 0, 0, 1, 0, '2017-10-29 12:12:58', '2017-10-29', '2017-10-29 12:12:58', -1),
(39, 1068, 'Ethan', 'Fuller', 'fuller', NULL, 0, NULL, NULL, NULL, 0, 0, 1, 0, '2017-10-29 12:12:58', '2017-10-29', '2017-10-29 12:12:58', -1),
(40, 1072, 'Ella', 'Grogan', 'grogan', NULL, 0, NULL, NULL, NULL, 0, 0, 1, 0, '2017-10-29 12:12:58', '2017-10-29', '2017-10-29 12:12:58', -1),
(41, 1077, 'Chloe', 'Birch Alonso', 'birchalonso', NULL, 0, NULL, NULL, NULL, 0, 0, 1, 0, '2017-10-29 12:12:58', '2017-10-29', '2017-10-29 12:12:58', -1),
(42, 1078, 'Susan', 'Cleere', 'cleere', NULL, 0, NULL, NULL, NULL, 0, 0, 1, 0, '2017-10-29 12:12:58', '2017-10-29', '2017-10-29 12:12:58', -1),
(43, 1094, 'Liam', 'Fagan', 'fagan', NULL, 0, NULL, NULL, NULL, 0, 0, 1, 0, '2017-10-29 12:12:58', '2017-10-29', '2017-10-29 12:12:58', -1),
(44, 1098, 'Lauren', 'Mcconnell', 'connell', NULL, 0, NULL, NULL, NULL, 0, 0, 1, 0, '2017-10-29 12:12:58', '2017-10-29', '2017-10-29 12:12:58', -1),
(45, 1099, 'Sam', 'Mccreery', 'creery', NULL, 0, NULL, NULL, NULL, 0, 0, 1, 0, '2017-10-29 12:12:58', '2017-10-29', '2017-10-29 12:12:58', -1),
(46, 1105, 'Maeve', 'Fahy', 'fahy', NULL, 0, NULL, NULL, NULL, 0, 0, 1, 0, '2017-10-29 12:12:58', '2017-10-29', '2017-10-29 12:12:58', -1),
(47, 1110, 'Kyle', 'Ronayne', 'ronayne', NULL, 0, NULL, NULL, NULL, 0, 0, 1, 0, '2017-10-29 12:12:58', '2017-10-29', '2017-10-29 12:12:58', -1),
(48, 1114, 'Paddy', 'Thomson', 'thomson', NULL, 0, NULL, NULL, NULL, 0, 0, 1, 0, '2017-10-29 12:12:58', '2017-10-29', '2017-10-29 12:12:58', -1),
(49, 1115, 'Ross', 'Thomson', 'thomson', NULL, 0, NULL, NULL, NULL, 0, 0, 1, 0, '2017-10-29 12:12:58', '2017-10-29', '2017-10-29 12:12:58', -1),
(50, 1125, 'Thomas', 'Snodden', 'snodden', NULL, 0, NULL, NULL, NULL, 0, 0, 1, 0, '2017-10-29 12:12:58', '2017-10-29', '2017-10-29 12:12:58', -1),
(51, 1139, 'Matthew', 'Butler', 'butler', NULL, 0, NULL, NULL, NULL, 0, 0, 1, 0, '2017-10-29 12:12:58', '2017-10-29', '2017-10-29 12:12:58', -1),
(52, 1152, 'Sara', 'Marie', 'marie', NULL, 0, NULL, NULL, NULL, 0, 0, 1, 0, '2017-10-29 12:12:58', '2017-10-29', '2017-10-29 12:12:58', -1),
(53, 1156, 'Isaac', 'Russell', 'russell', NULL, 0, NULL, NULL, NULL, 0, 0, 1, 0, '2017-10-29 12:12:58', '2017-10-29', '2017-10-29 12:12:58', -1),
(54, 1309, 'Lucy', 'Dilworth', 'dilworth', NULL, 0, NULL, NULL, NULL, 0, 0, 1, 0, '2017-10-29 12:12:58', '2017-10-29', '2017-10-29 12:12:58', -1),
(55, 1554, 'Maria', 'Sapinska', 'sapinska', NULL, 0, NULL, NULL, NULL, 0, 0, 1, 0, '2017-10-29 12:12:58', '2017-10-29', '2017-10-29 12:12:58', -1),
(56, 1586, 'Dheer', 'Mohnani', 'mohnani', NULL, 0, NULL, NULL, NULL, 0, 0, 1, 0, '2017-10-29 12:12:58', '2017-10-29', '2017-10-29 12:12:58', -1),
(57, 917, 'Aine', 'Duval', 'duval', NULL, 0, NULL, NULL, NULL, 0, 0, 1, 0, '2017-10-29 12:12:58', '2017-10-29', '2017-10-29 12:12:58', -1),
(58, 934, 'Dylan', 'Garvin', 'garvin', NULL, 0, NULL, NULL, NULL, 0, 0, 1, 0, '2017-10-29 12:12:58', '2017-10-29', '2017-10-29 12:12:58', -1),
(59, 949, 'Laura', 'Kelleher', 'kelleher', NULL, 0, NULL, NULL, NULL, 0, 0, 1, 0, '2017-10-29 12:12:58', '2017-10-29', '2017-10-29 12:12:58', -1),
(60, 951, 'Eve', 'Kilcline', 'kilcline', NULL, 0, NULL, NULL, NULL, 0, 0, 1, 0, '2017-10-29 12:12:58', '2017-10-29', '2017-10-29 12:12:58', -1),
(61, 974, 'Rebecca', 'Mcnamara', 'namara', NULL, 0, NULL, NULL, NULL, 0, 0, 1, 0, '2017-10-29 12:12:58', '2017-10-29', '2017-10-29 12:12:58', -1),
(62, 1002, 'Molly', 'O\'Suilleabhain', 'suilleabhain', NULL, 0, NULL, NULL, NULL, 0, 0, 1, 0, '2017-10-29 12:12:58', '2017-10-29', '2017-10-29 12:12:58', -1),
(63, 1023, 'Isabella', 'Stewart', 'stewart', NULL, 0, NULL, NULL, NULL, 0, 0, 1, 0, '2017-10-29 12:12:58', '2017-10-29', '2017-10-29 12:12:58', -1),
(64, 1031, 'Emily', 'Walshe', 'walshe', NULL, 0, NULL, NULL, NULL, 0, 0, 1, 0, '2017-10-29 12:12:58', '2017-10-29', '2017-10-29 12:12:58', -1),
(65, 1065, 'Hamza', 'Abdallatif', 'abdallatif', NULL, 0, NULL, NULL, NULL, 0, 0, 1, 0, '2017-10-29 12:12:58', '2017-10-29', '2017-10-29 12:12:58', -1),
(66, 1067, 'Kate', 'Fitzpatrick', 'fitzpatrick', NULL, 0, NULL, NULL, NULL, 0, 0, 1, 0, '2017-10-29 12:12:58', '2017-10-29', '2017-10-29 12:12:58', -1),
(67, 1070, 'Emma', 'Griffin', 'griffin', NULL, 0, NULL, NULL, NULL, 0, 0, 1, 0, '2017-10-29 12:12:58', '2017-10-29', '2017-10-29 12:12:58', -1),
(68, 1071, 'Alex', 'Bannon', 'bannon', NULL, 0, NULL, NULL, NULL, 0, 0, 1, 0, '2017-10-29 12:12:58', '2017-10-29', '2017-10-29 12:12:58', -1),
(69, 1074, 'Brian', 'Hewson', 'hewson', NULL, 0, NULL, NULL, NULL, 0, 0, 1, 0, '2017-10-29 12:12:58', '2017-10-29', '2017-10-29 12:12:58', -1),
(70, 1079, 'Lucy', 'Clinch', 'clinch', NULL, 0, NULL, NULL, NULL, 0, 0, 1, 0, '2017-10-29 12:12:58', '2017-10-29', '2017-10-29 12:12:58', -1),
(71, 1081, 'Alexander', 'Considine', 'considine', NULL, 0, NULL, NULL, NULL, 0, 0, 1, 0, '2017-10-29 12:12:58', '2017-10-29', '2017-10-29 12:12:58', -1),
(72, 1087, 'Sean', 'Keogh', 'keogh', NULL, 0, NULL, NULL, NULL, 0, 0, 1, 0, '2017-10-29 12:12:58', '2017-10-29', '2017-10-29 12:12:58', -1),
(73, 1088, 'M.j.', 'Kiely', 'kiely', NULL, 0, NULL, NULL, NULL, 0, 0, 1, 0, '2017-10-29 12:12:58', '2017-10-29', '2017-10-29 12:12:58', -1),
(74, 1092, 'Liam', 'Leonard', 'leonard', NULL, 0, NULL, NULL, NULL, 0, 0, 1, 0, '2017-10-29 12:12:58', '2017-10-29', '2017-10-29 12:12:58', -1),
(75, 1093, 'Stephanie', 'Dunne', 'dunne', NULL, 0, NULL, NULL, NULL, 0, 0, 1, 0, '2017-10-29 12:12:58', '2017-10-29', '2017-10-29 12:12:58', -1),
(76, 1097, 'Ellen', 'Mcauliffe', 'auliffe', NULL, 0, NULL, NULL, NULL, 0, 0, 1, 0, '2017-10-29 12:12:58', '2017-10-29', '2017-10-29 12:12:58', -1),
(77, 1102, 'Ryan', 'O\'Connor', 'connor', NULL, 0, NULL, NULL, NULL, 0, 0, 1, 0, '2017-10-29 12:12:58', '2017-10-29', '2017-10-29 12:12:58', -1),
(78, 1109, 'Mark', 'Richaud', 'richaud', NULL, 0, NULL, NULL, NULL, 0, 0, 1, 0, '2017-10-29 12:12:58', '2017-10-29', '2017-10-29 12:12:58', -1),
(79, 1111, 'Samuel', 'Ross', 'ross', NULL, 0, NULL, NULL, NULL, 0, 0, 1, 0, '2017-10-29 12:12:58', '2017-10-29', '2017-10-29 12:12:58', -1),
(80, 1162, 'Rian', 'Cotter', 'cotter', NULL, 0, NULL, NULL, NULL, 0, 0, 1, 0, '2017-10-29 12:12:58', '2017-10-29', '2017-10-29 12:12:58', -1),
(81, 1169, 'Finn', 'Nicholas', 'olas', NULL, 0, NULL, NULL, NULL, 0, 0, 1, 0, '2017-10-29 12:12:58', '2017-10-29', '2017-10-29 12:12:58', -1),
(82, 1174, 'Ahna', 'Mcdonnell', 'donnell', NULL, 0, NULL, NULL, NULL, 0, 0, 1, 0, '2017-10-29 12:12:58', '2017-10-29', '2017-10-29 12:12:58', -1),
(83, 1584, 'Isobella', 'Higgins', 'higgins', NULL, 0, NULL, NULL, NULL, 0, 0, 1, 0, '2017-10-29 12:12:58', '2017-10-29', '2017-10-29 12:12:58', -1),
(84, 1810, 'Asjid', 'Khan', 'khan', NULL, 0, NULL, NULL, NULL, 0, 0, 1, 0, '2017-10-29 12:12:58', '2017-10-29', '2017-10-29 12:12:58', -1),
(85, 817, 'Aidan', 'Camingawan', 'camingawan', NULL, 0, NULL, NULL, NULL, 0, 0, 1, 0, '2017-10-29 12:12:58', '2017-10-29', '2017-10-29 12:12:58', -1),
(86, 819, 'Maisy', 'Norton', 'norton', NULL, 0, NULL, NULL, NULL, 0, 0, 1, 0, '2017-10-29 12:12:58', '2017-10-29', '2017-10-29 12:12:58', -1),
(87, 823, 'Sophia', 'Mcdonagh', 'donagh', NULL, 0, NULL, NULL, NULL, 0, 0, 1, 0, '2017-10-29 12:12:58', '2017-10-29', '2017-10-29 12:12:58', -1),
(88, 827, 'Jamie', 'Byrne', 'byrne', NULL, 0, NULL, NULL, NULL, 0, 0, 1, 0, '2017-10-29 12:12:58', '2017-10-29', '2017-10-29 12:12:58', -1),
(89, 834, 'Olan', 'O\'Connor', 'connor', NULL, 0, NULL, NULL, NULL, 0, 0, 1, 0, '2017-10-29 12:12:58', '2017-10-29', '2017-10-29 12:12:58', -1),
(90, 835, 'Alice', 'Fitzgerald', 'fitzgerald', NULL, 0, NULL, NULL, NULL, 0, 0, 1, 0, '2017-10-29 12:12:58', '2017-10-29', '2017-10-29 12:12:58', -1),
(91, 840, 'Oisin', 'Toomey', 'toomey', NULL, 0, NULL, NULL, NULL, 0, 0, 1, 0, '2017-10-29 12:12:58', '2017-10-29', '2017-10-29 12:12:58', -1),
(92, 846, 'Hugo', 'Mcgowan', 'gowan', NULL, 0, NULL, NULL, NULL, 0, 0, 1, 0, '2017-10-29 12:12:58', '2017-10-29', '2017-10-29 12:12:58', -1),
(93, 848, 'Joe', 'Sheridan', 'sheridan', NULL, 0, NULL, NULL, NULL, 0, 0, 1, 0, '2017-10-29 12:12:58', '2017-10-29', '2017-10-29 12:12:58', -1),
(94, 851, 'Leon', 'Waldron', 'waldron', NULL, 0, NULL, NULL, NULL, 0, 0, 1, 0, '2017-10-29 12:12:58', '2017-10-29', '2017-10-29 12:12:58', -1),
(95, 852, 'Noah', 'Roy', 'roy', NULL, 0, NULL, NULL, NULL, 0, 0, 1, 0, '2017-10-29 12:12:58', '2017-10-29', '2017-10-29 12:12:58', -1),
(96, 853, 'Christian', 'Crawley', 'crawley', NULL, 0, NULL, NULL, NULL, 0, 0, 1, 0, '2017-10-29 12:12:58', '2017-10-29', '2017-10-29 12:12:58', -1),
(97, 854, 'Katherine', 'Phelan', 'phelan', NULL, 0, NULL, NULL, NULL, 0, 0, 1, 0, '2017-10-29 12:12:58', '2017-10-29', '2017-10-29 12:12:58', -1),
(98, 856, 'Lexi', 'Gallagher', 'gallagher', NULL, 0, NULL, NULL, NULL, 0, 0, 1, 0, '2017-10-29 12:12:58', '2017-10-29', '2017-10-29 12:12:58', -1),
(99, 857, 'Cormac', 'Sullivan', 'sullivan', NULL, 0, NULL, NULL, NULL, 0, 0, 1, 0, '2017-10-29 12:12:58', '2017-10-29', '2017-10-29 12:12:58', -1),
(100, 858, 'Ava', 'Simpson', 'simpson', NULL, 0, NULL, NULL, NULL, 0, 0, 1, 0, '2017-10-29 12:12:58', '2017-10-29', '2017-10-29 12:12:58', -1),
(101, 860, 'Elsa', 'Walsh', 'walsh', NULL, 0, NULL, NULL, NULL, 0, 0, 1, 0, '2017-10-29 12:12:58', '2017-10-29', '2017-10-29 12:12:58', -1),
(102, 861, 'Cole', 'Greenwood', 'greenwood', NULL, 0, NULL, NULL, NULL, 0, 0, 1, 0, '2017-10-29 12:12:58', '2017-10-29', '2017-10-29 12:12:58', -1),
(103, 862, 'Lara', 'Cavey', 'cavey', NULL, 0, NULL, NULL, NULL, 0, 0, 1, 0, '2017-10-29 12:12:58', '2017-10-29', '2017-10-29 12:12:58', -1),
(104, 864, 'Ella', 'Mcquinn', 'quinn', NULL, 0, NULL, NULL, NULL, 0, 0, 1, 0, '2017-10-29 12:12:58', '2017-10-29', '2017-10-29 12:12:58', -1),
(105, 866, 'Mellisa', 'Gavalier', 'gavalier', NULL, 0, NULL, NULL, NULL, 0, 0, 1, 0, '2017-10-29 12:12:58', '2017-10-29', '2017-10-29 12:12:58', -1),
(106, 867, 'Sophie', 'Comerford', 'comerford', NULL, 0, NULL, NULL, NULL, 0, 0, 1, 0, '2017-10-29 12:12:58', '2017-10-29', '2017-10-29 12:12:58', -1),
(107, 868, 'Lucy', 'Lehane', 'lehane', NULL, 0, NULL, NULL, NULL, 0, 0, 1, 0, '2017-10-29 12:12:58', '2017-10-29', '2017-10-29 12:12:58', -1),
(108, 869, 'Leona', 'Murphy', 'murphy', NULL, 0, NULL, NULL, NULL, 0, 0, 1, 0, '2017-10-29 12:12:58', '2017-10-29', '2017-10-29 12:12:58', -1),
(109, 871, 'Finn', 'Mcmahon', 'mahon', NULL, 0, NULL, NULL, NULL, 0, 0, 1, 0, '2017-10-29 12:12:58', '2017-10-29', '2017-10-29 12:12:58', -1),
(110, 873, 'Adam', 'Brogan', 'brogan', NULL, 0, NULL, NULL, NULL, 0, 0, 1, 0, '2017-10-29 12:12:58', '2017-10-29', '2017-10-29 12:12:58', -1),
(111, 874, 'Declan', 'Doyle', 'doyle', NULL, 0, NULL, NULL, NULL, 0, 0, 1, 0, '2017-10-29 12:12:58', '2017-10-29', '2017-10-29 12:12:58', -1),
(112, 1813, 'Timothy', 'Lau', 'lau', NULL, 0, NULL, NULL, NULL, 0, 0, 1, 0, '2017-10-29 12:12:58', '2017-10-29', '2017-10-29 12:12:58', -1),
(113, 1820, 'Sam', 'Finnegan', 'finnegan', NULL, 0, NULL, NULL, NULL, 0, 0, 1, 0, '2017-10-29 12:12:58', '2017-10-29', '2017-10-29 12:12:58', -1),
(114, 735, 'Matthew', 'Mcgreevy', 'greevy', NULL, 0, NULL, NULL, NULL, 0, 0, 1, 0, '2017-10-29 12:12:58', '2017-10-29', '2017-10-29 12:12:58', -1),
(115, 818, 'Ellen', 'Doyle', 'doyle', NULL, 0, NULL, NULL, NULL, 0, 0, 1, 0, '2017-10-29 12:12:58', '2017-10-29', '2017-10-29 12:12:58', -1),
(116, 820, 'Georgia', 'Norton', 'norton', NULL, 0, NULL, NULL, NULL, 0, 0, 1, 0, '2017-10-29 12:12:58', '2017-10-29', '2017-10-29 12:12:58', -1),
(117, 825, 'Eli', 'Mulligan', 'mulligan', NULL, 0, NULL, NULL, NULL, 0, 0, 1, 0, '2017-10-29 12:12:58', '2017-10-29', '2017-10-29 12:12:58', -1),
(118, 826, 'Ruan', 'Leonard', 'leonard', NULL, 0, NULL, NULL, NULL, 0, 0, 1, 0, '2017-10-29 12:12:58', '2017-10-29', '2017-10-29 12:12:58', -1),
(119, 828, 'Conor', 'Niven', 'ven', NULL, 0, NULL, NULL, NULL, 0, 0, 1, 0, '2017-10-29 12:12:58', '2017-10-29', '2017-10-29 12:12:58', -1),
(120, 829, 'Liesel', 'Cullen', 'cullen', NULL, 0, NULL, NULL, NULL, 0, 0, 1, 0, '2017-10-29 12:12:58', '2017-10-29', '2017-10-29 12:12:58', -1),
(121, 830, 'Ava', 'Stapleton', 'stapleton', NULL, 0, NULL, NULL, NULL, 0, 0, 1, 0, '2017-10-29 12:12:58', '2017-10-29', '2017-10-29 12:12:58', -1),
(122, 831, 'Theo', 'Flynn', 'flynn', NULL, 0, NULL, NULL, NULL, 0, 0, 1, 0, '2017-10-29 12:12:58', '2017-10-29', '2017-10-29 12:12:58', -1),
(123, 838, 'Mark', 'Mcloughlin', 'loughlin', NULL, 0, NULL, NULL, NULL, 0, 0, 1, 0, '2017-10-29 12:12:58', '2017-10-29', '2017-10-29 12:12:58', -1),
(124, 841, 'Drew', 'O\'Malley', 'malley', NULL, 0, NULL, NULL, NULL, 0, 0, 1, 0, '2017-10-29 12:12:58', '2017-10-29', '2017-10-29 12:12:58', -1),
(125, 842, 'James', 'Dunne', 'dunne', NULL, 0, NULL, NULL, NULL, 0, 0, 1, 0, '2017-10-29 12:12:58', '2017-10-29', '2017-10-29 12:12:58', -1),
(126, 843, 'Paddy', 'Jones', 'jones', NULL, 0, NULL, NULL, NULL, 0, 0, 1, 0, '2017-10-29 12:12:58', '2017-10-29', '2017-10-29 12:12:58', -1),
(127, 844, 'Kyle', 'Leahy', 'leahy', NULL, 0, NULL, NULL, NULL, 0, 0, 1, 0, '2017-10-29 12:12:58', '2017-10-29', '2017-10-29 12:12:58', -1),
(128, 849, 'Patrick', 'Sorohan', 'sorohan', NULL, 0, NULL, NULL, NULL, 0, 0, 1, 0, '2017-10-29 12:12:58', '2017-10-29', '2017-10-29 12:12:58', -1),
(129, 850, 'Barra', 'Muzellec', 'muzellec', NULL, 0, NULL, NULL, NULL, 0, 0, 1, 0, '2017-10-29 12:12:58', '2017-10-29', '2017-10-29 12:12:58', -1),
(130, 855, 'Cathal', 'Phelan', 'phelan', NULL, 0, NULL, NULL, NULL, 0, 0, 1, 0, '2017-10-29 12:12:58', '2017-10-29', '2017-10-29 12:12:58', -1),
(131, 863, 'Glen', 'Ryan', 'ryan', NULL, 0, NULL, NULL, NULL, 0, 0, 1, 0, '2017-10-29 12:12:58', '2017-10-29', '2017-10-29 12:12:58', -1),
(132, 865, 'Jane', 'Lucey', 'lucey', NULL, 0, NULL, NULL, NULL, 0, 0, 1, 0, '2017-10-29 12:12:58', '2017-10-29', '2017-10-29 12:12:58', -1),
(133, 870, 'Isabel', 'Horrigan', 'horrigan', NULL, 0, NULL, NULL, NULL, 0, 0, 1, 0, '2017-10-29 12:12:58', '2017-10-29', '2017-10-29 12:12:58', -1),
(134, 875, 'Jake', 'Jestine', 'jestine', NULL, 0, NULL, NULL, NULL, 0, 0, 1, 0, '2017-10-29 12:12:58', '2017-10-29', '2017-10-29 12:12:58', -1),
(135, 876, 'Sadie', 'O\'Rafferty', 'rafferty', NULL, 0, NULL, NULL, NULL, 0, 0, 1, 0, '2017-10-29 12:12:58', '2017-10-29', '2017-10-29 12:12:58', -1),
(136, 888, 'Amaya', 'Byrne', 'byrne', NULL, 0, NULL, NULL, NULL, 0, 0, 1, 0, '2017-10-29 12:12:58', '2017-10-29', '2017-10-29 12:12:58', -1),
(137, 890, 'Luke', 'Murray', 'murray', NULL, 0, NULL, NULL, NULL, 0, 0, 1, 0, '2017-10-29 12:12:58', '2017-10-29', '2017-10-29 12:12:58', -1),
(138, 892, 'Jake', 'Loughnane', 'loughnane', NULL, 0, NULL, NULL, NULL, 0, 0, 1, 0, '2017-10-29 12:12:58', '2017-10-29', '2017-10-29 12:12:58', -1),
(139, 893, 'Oliver', 'Molins', 'molins', NULL, 0, NULL, NULL, NULL, 0, 0, 1, 0, '2017-10-29 12:12:58', '2017-10-29', '2017-10-29 12:12:58', -1),
(140, 1186, 'Genevieve', 'Geron', 'geron', NULL, 0, NULL, NULL, NULL, 0, 0, 1, 0, '2017-10-29 12:12:58', '2017-10-29', '2017-10-29 12:12:58', -1),
(141, 1553, 'Esme', 'Dooney', 'dooney', NULL, 0, NULL, NULL, NULL, 0, 0, 1, 0, '2017-10-29 12:12:58', '2017-10-29', '2017-10-29 12:12:58', -1),
(142, 1607, 'Alice', 'Erdenesuren', 'erdenesuren', NULL, 0, NULL, NULL, NULL, 0, 0, 1, 0, '2017-10-29 12:12:58', '2017-10-29', '2017-10-29 12:12:58', -1),
(143, 1805, 'Maeve', 'Macgregor', 'gregor', NULL, 0, NULL, NULL, NULL, 0, 0, 1, 0, '2017-10-29 12:12:58', '2017-10-29', '2017-10-29 12:12:58', -1),
(144, 661, 'Kate', 'Buggy', 'buggy', NULL, 0, NULL, NULL, NULL, 0, 0, 1, 0, '2017-10-29 12:12:58', '2017-10-29', '2017-10-29 12:12:58', -1),
(145, 662, 'Mark', 'Buggy', 'buggy', NULL, 0, NULL, NULL, NULL, 0, 0, 1, 0, '2017-10-29 12:12:58', '2017-10-29', '2017-10-29 12:12:58', -1),
(146, 710, 'John', 'Badin', 'badin', NULL, 0, NULL, NULL, NULL, 0, 0, 1, 0, '2017-10-29 12:12:58', '2017-10-29', '2017-10-29 12:12:58', -1),
(147, 711, 'Tara', 'Clarke', 'clarke', NULL, 0, NULL, NULL, NULL, 0, 0, 1, 0, '2017-10-29 12:12:58', '2017-10-29', '2017-10-29 12:12:58', -1),
(148, 716, 'Lucy', 'Collins', 'collins', NULL, 0, NULL, NULL, NULL, 0, 0, 1, 0, '2017-10-29 12:12:58', '2017-10-29', '2017-10-29 12:12:58', -1),
(149, 717, 'Carl', 'Crowe', 'crowe', NULL, 0, NULL, NULL, NULL, 0, 0, 1, 0, '2017-10-29 12:12:58', '2017-10-29', '2017-10-29 12:12:58', -1),
(150, 720, 'Saorla', 'Ferriter', 'ferriter', NULL, 0, NULL, NULL, NULL, 0, 0, 1, 0, '2017-10-29 12:12:58', '2017-10-29', '2017-10-29 12:12:58', -1),
(151, 727, 'Tristan', 'Horrigan', 'horrigan', NULL, 0, NULL, NULL, NULL, 0, 0, 1, 0, '2017-10-29 12:12:58', '2017-10-29', '2017-10-29 12:12:58', -1),
(152, 730, 'Ally', 'Linnane', 'linnane', NULL, 0, NULL, NULL, NULL, 0, 0, 1, 0, '2017-10-29 12:12:58', '2017-10-29', '2017-10-29 12:12:58', -1),
(153, 732, 'Cian', 'Manning', 'manning', NULL, 0, NULL, NULL, NULL, 0, 0, 1, 0, '2017-10-29 12:12:58', '2017-10-29', '2017-10-29 12:12:58', -1),
(154, 734, 'Aine', 'Mcenroe', 'enroe', NULL, 0, NULL, NULL, NULL, 0, 0, 1, 0, '2017-10-29 12:12:58', '2017-10-29', '2017-10-29 12:12:58', -1),
(155, 737, 'Dylan', 'Nicholas', 'olas', NULL, 0, NULL, NULL, NULL, 0, 0, 1, 0, '2017-10-29 12:12:58', '2017-10-29', '2017-10-29 12:12:58', -1),
(156, 739, 'Alexis', 'O\'Brien', 'brien', NULL, 0, NULL, NULL, NULL, 0, 0, 1, 0, '2017-10-29 12:12:58', '2017-10-29', '2017-10-29 12:12:58', -1),
(157, 741, 'Seamus', 'O\'Loughlin', 'loughlin', NULL, 0, NULL, NULL, NULL, 0, 0, 1, 0, '2017-10-29 12:12:58', '2017-10-29', '2017-10-29 12:12:58', -1),
(158, 744, 'Emily', 'Richaud', 'richaud', NULL, 0, NULL, NULL, NULL, 0, 0, 1, 0, '2017-10-29 12:12:58', '2017-10-29', '2017-10-29 12:12:58', -1),
(159, 746, 'Jaimee-lee', 'Swan Ducote', 'swanducote', NULL, 0, NULL, NULL, NULL, 0, 0, 1, 0, '2017-10-29 12:12:58', '2017-10-29', '2017-10-29 12:12:58', -1),
(160, 747, 'Harry', 'Whelan', 'whelan', NULL, 0, NULL, NULL, NULL, 0, 0, 1, 0, '2017-10-29 12:12:58', '2017-10-29', '2017-10-29 12:12:58', -1),
(161, 751, 'Elle', 'Mcnulty', 'nulty', NULL, 0, NULL, NULL, NULL, 0, 0, 1, 0, '2017-10-29 12:12:58', '2017-10-29', '2017-10-29 12:12:58', -1),
(162, 755, 'Ryan', 'Fitzpatrick', 'fitzpatrick', NULL, 0, NULL, NULL, NULL, 0, 0, 1, 0, '2017-10-29 12:12:58', '2017-10-29', '2017-10-29 12:12:58', -1),
(163, 756, 'Enda', 'Fahy', 'fahy', NULL, 0, NULL, NULL, NULL, 0, 0, 1, 0, '2017-10-29 12:12:58', '2017-10-29', '2017-10-29 12:12:58', -1),
(164, 761, 'Harry', 'Fuller', 'fuller', NULL, 0, NULL, NULL, NULL, 0, 0, 1, 0, '2017-10-29 12:12:58', '2017-10-29', '2017-10-29 12:12:58', -1),
(165, 762, 'Anna Mai', 'Kiely', 'kiely', NULL, 0, NULL, NULL, NULL, 0, 0, 1, 0, '2017-10-29 12:12:58', '2017-10-29', '2017-10-29 12:12:58', -1),
(166, 763, 'Charlie', 'Mccreery', 'creery', NULL, 0, NULL, NULL, NULL, 0, 0, 1, 0, '2017-10-29 12:12:58', '2017-10-29', '2017-10-29 12:12:58', -1),
(167, 765, 'Oliver', 'Cooney', 'cooney', NULL, 0, NULL, NULL, NULL, 0, 0, 1, 0, '2017-10-29 12:12:58', '2017-10-29', '2017-10-29 12:12:58', -1),
(168, 774, 'Sorsha', 'Mcgauran', 'gauran', NULL, 0, NULL, NULL, NULL, 0, 0, 1, 0, '2017-10-29 12:12:58', '2017-10-29', '2017-10-29 12:12:58', -1),
(169, 1343, 'Katie-may', 'Fogarty', 'fogarty', NULL, 0, NULL, NULL, NULL, 0, 0, 1, 0, '2017-10-29 12:12:58', '2017-10-29', '2017-10-29 12:12:58', -1),
(170, 1428, 'Sofia', 'Malik', 'malik', NULL, 0, NULL, NULL, NULL, 0, 0, 1, 0, '2017-10-29 12:12:58', '2017-10-29', '2017-10-29 12:12:58', -1),
(171, 1583, 'Oliver', 'Higgins', 'higgins', NULL, 0, NULL, NULL, NULL, 0, 0, 1, 0, '2017-10-29 12:12:58', '2017-10-29', '2017-10-29 12:12:58', -1),
(172, 1819, 'Chloe', 'Finnegan', 'finnegan', NULL, 0, NULL, NULL, NULL, 0, 0, 1, 0, '2017-10-29 12:12:58', '2017-10-29', '2017-10-29 12:12:58', -1),
(173, 632, 'Rafay', 'Kashif', 'kashif', NULL, 0, NULL, NULL, NULL, 0, 0, 1, 0, '2017-10-29 12:12:58', '2017-10-29', '2017-10-29 12:12:58', -1),
(174, 707, 'Chloe', 'Clarke', 'clarke', NULL, 0, NULL, NULL, NULL, 0, 0, 1, 0, '2017-10-29 12:12:58', '2017-10-29', '2017-10-29 12:12:58', -1),
(175, 709, 'Charlie', 'O\'Brien', 'brien', NULL, 0, NULL, NULL, NULL, 0, 0, 1, 0, '2017-10-29 12:12:58', '2017-10-29', '2017-10-29 12:12:58', -1),
(176, 713, 'Lily', 'Casey', 'casey', NULL, 0, NULL, NULL, NULL, 0, 0, 1, 0, '2017-10-29 12:12:58', '2017-10-29', '2017-10-29 12:12:58', -1),
(177, 714, 'Muhammed', 'Choual', 'choual', NULL, 0, NULL, NULL, NULL, 0, 0, 1, 0, '2017-10-29 12:12:58', '2017-10-29', '2017-10-29 12:12:58', -1),
(178, 715, 'William', 'Cleere', 'cleere', NULL, 0, NULL, NULL, NULL, 0, 0, 1, 0, '2017-10-29 12:12:58', '2017-10-29', '2017-10-29 12:12:58', -1),
(179, 718, 'Waad', 'Elnour', 'elnour', NULL, 0, NULL, NULL, NULL, 0, 0, 1, 0, '2017-10-29 12:12:58', '2017-10-29', '2017-10-29 12:12:58', -1),
(180, 721, 'Ryan', 'Fitzpatrick B', 'fitzpatrickb', NULL, 0, NULL, NULL, NULL, 0, 0, 1, 0, '2017-10-29 12:12:58', '2017-10-29', '2017-10-29 12:12:58', -1),
(181, 722, 'Ana', 'Gamble', 'gamble', NULL, 0, NULL, NULL, NULL, 0, 0, 1, 0, '2017-10-29 12:12:58', '2017-10-29', '2017-10-29 12:12:58', -1),
(182, 725, 'Harry', 'Griffith', 'griffith', NULL, 0, NULL, NULL, NULL, 0, 0, 1, 0, '2017-10-29 12:12:58', '2017-10-29', '2017-10-29 12:12:58', -1),
(183, 726, 'Donal', 'Hewson', 'hewson', NULL, 0, NULL, NULL, NULL, 0, 0, 1, 0, '2017-10-29 12:12:58', '2017-10-29', '2017-10-29 12:12:58', -1),
(184, 729, 'Julie Anne', 'Kennedy', 'kennedy', NULL, 0, NULL, NULL, NULL, 0, 0, 1, 0, '2017-10-29 12:12:58', '2017-10-29', '2017-10-29 12:12:58', -1),
(185, 733, 'Niamh', 'Marie', 'marie', NULL, 0, NULL, NULL, NULL, 0, 0, 1, 0, '2017-10-29 12:12:58', '2017-10-29', '2017-10-29 12:12:58', -1),
(186, 736, 'Adam', 'Murray', 'murray', NULL, 0, NULL, NULL, NULL, 0, 0, 1, 0, '2017-10-29 12:12:58', '2017-10-29', '2017-10-29 12:12:58', -1),
(187, 740, 'Sarah', 'O\'Connell', 'connell', NULL, 0, NULL, NULL, NULL, 0, 0, 1, 0, '2017-10-29 12:12:58', '2017-10-29', '2017-10-29 12:12:58', -1),
(188, 743, 'Evan', 'Peters', 'peters', NULL, 0, NULL, NULL, NULL, 0, 0, 1, 0, '2017-10-29 12:12:58', '2017-10-29', '2017-10-29 12:12:58', -1),
(189, 748, 'Daniel', 'Thomson', 'thomson', NULL, 0, NULL, NULL, NULL, 0, 0, 1, 0, '2017-10-29 12:12:58', '2017-10-29', '2017-10-29 12:12:58', -1),
(190, 750, 'Molly', 'O\'Carroll', 'carroll', NULL, 0, NULL, NULL, NULL, 0, 0, 1, 0, '2017-10-29 12:12:58', '2017-10-29', '2017-10-29 12:12:58', -1),
(191, 752, 'Kate', 'Mcauliffe', 'auliffe', NULL, 0, NULL, NULL, NULL, 0, 0, 1, 0, '2017-10-29 12:12:58', '2017-10-29', '2017-10-29 12:12:58', -1),
(192, 753, 'Michael', 'Lyng', 'lyng', NULL, 0, NULL, NULL, NULL, 0, 0, 1, 0, '2017-10-29 12:12:58', '2017-10-29', '2017-10-29 12:12:58', -1),
(193, 757, 'Max', 'Cronin', 'cronin', NULL, 0, NULL, NULL, NULL, 0, 0, 1, 0, '2017-10-29 12:12:58', '2017-10-29', '2017-10-29 12:12:58', -1),
(194, 759, 'Hailey', 'Lennon', 'lennon', NULL, 0, NULL, NULL, NULL, 0, 0, 1, 0, '2017-10-29 12:12:58', '2017-10-29', '2017-10-29 12:12:58', -1),
(195, 789, 'Aoife', 'Clinch', 'clinch', NULL, 0, NULL, NULL, NULL, 0, 0, 1, 0, '2017-10-29 12:12:58', '2017-10-29', '2017-10-29 12:12:58', -1),
(196, 791, 'Alex', 'Field', 'field', NULL, 0, NULL, NULL, NULL, 0, 0, 1, 0, '2017-10-29 12:12:58', '2017-10-29', '2017-10-29 12:12:58', -1),
(197, 796, 'Sean', 'Mcdonnell', 'donnell', NULL, 0, NULL, NULL, NULL, 0, 0, 1, 0, '2017-10-29 12:12:58', '2017-10-29', '2017-10-29 12:12:58', -1),
(198, 810, 'Ella', 'O\'Kelly', 'kelly', NULL, 0, NULL, NULL, NULL, 0, 0, 1, 0, '2017-10-29 12:12:58', '2017-10-29', '2017-10-29 12:12:58', -1),
(199, 812, 'Arwa', 'Madani', 'madani', NULL, 0, NULL, NULL, NULL, 0, 0, 1, 0, '2017-10-29 12:12:58', '2017-10-29', '2017-10-29 12:12:58', -1),
(200, 813, 'Mary', 'Keogh', 'keogh', NULL, 0, NULL, NULL, NULL, 0, 0, 1, 0, '2017-10-29 12:12:58', '2017-10-29', '2017-10-29 12:12:58', -1),
(201, 815, 'James', 'Grogan', 'grogan', NULL, 0, NULL, NULL, NULL, 0, 0, 1, 0, '2017-10-29 12:12:58', '2017-10-29', '2017-10-29 12:12:58', -1),
(202, 628, 'Clare', 'Griffin', 'griffin', NULL, 0, NULL, NULL, NULL, 0, 0, 1, 0, '2017-10-29 12:12:58', '2017-10-29', '2017-10-29 12:12:58', -1),
(203, 635, 'Nancy', 'Lalor', 'lalor', NULL, 0, NULL, NULL, NULL, 0, 0, 1, 0, '2017-10-29 12:12:58', '2017-10-29', '2017-10-29 12:12:58', -1),
(204, 878, 'Kirsten', 'Hayden', 'hayden', NULL, 0, NULL, NULL, NULL, 0, 0, 1, 0, '2017-10-29 12:12:58', '2017-10-29', '2017-10-29 12:12:58', -1),
(205, 881, 'Harry', 'Agnew', 'agnew', NULL, 0, NULL, NULL, NULL, 0, 0, 1, 0, '2017-10-29 12:12:58', '2017-10-29', '2017-10-29 12:12:58', -1),
(206, 606, 'Tasnim', 'Belfedhal', 'belfedhal', NULL, 0, NULL, NULL, NULL, 0, 0, 1, 0, '2017-10-29 12:12:58', '2017-10-29', '2017-10-29 12:12:58', -1),
(207, 612, 'Toni Mary Antoinette', 'Byrne', 'byrne', NULL, 0, NULL, NULL, NULL, 0, 0, 1, 0, '2017-10-29 12:12:58', '2017-10-29', '2017-10-29 12:12:58', -1),
(208, 613, 'Owen', 'Candon', 'candon', NULL, 0, NULL, NULL, NULL, 0, 0, 1, 0, '2017-10-29 12:12:58', '2017-10-29', '2017-10-29 12:12:58', -1),
(209, 614, 'Nicole', 'Clarke', 'clarke', NULL, 0, NULL, NULL, NULL, 0, 0, 1, 0, '2017-10-29 12:12:58', '2017-10-29', '2017-10-29 12:12:58', -1),
(210, 616, 'Ciara', 'Coughlan', 'coughlan', NULL, 0, NULL, NULL, NULL, 0, 0, 1, 0, '2017-10-29 12:12:58', '2017-10-29', '2017-10-29 12:12:58', -1),
(211, 617, 'Alice', 'De Chaumont', 'dechaumont', NULL, 0, NULL, NULL, NULL, 0, 0, 1, 0, '2017-10-29 12:12:58', '2017-10-29', '2017-10-29 12:12:58', -1),
(212, 618, 'Leah', 'Dempsey Mcgrath', 'dempseymcgrath', NULL, 0, NULL, NULL, NULL, 0, 0, 1, 0, '2017-10-29 12:12:58', '2017-10-29', '2017-10-29 12:12:58', -1),
(213, 619, 'Amy', 'Doran', 'doran', NULL, 0, NULL, NULL, NULL, 0, 0, 1, 0, '2017-10-29 12:12:58', '2017-10-29', '2017-10-29 12:12:58', -1),
(214, 623, 'Liam', 'Fitzpatrick', 'fitzpatrick', NULL, 0, NULL, NULL, NULL, 0, 0, 1, 0, '2017-10-29 12:12:58', '2017-10-29', '2017-10-29 12:12:58', -1),
(215, 639, 'Andrew', 'Linehan', 'linehan', NULL, 0, NULL, NULL, NULL, 0, 0, 1, 0, '2017-10-29 12:12:58', '2017-10-29', '2017-10-29 12:12:58', -1),
(216, 640, 'Daniel', 'Mardan', 'mardan', NULL, 0, NULL, NULL, NULL, 0, 0, 1, 0, '2017-10-29 12:12:58', '2017-10-29', '2017-10-29 12:12:58', -1),
(217, 641, 'Sarah', 'Mcenroe', 'enroe', NULL, 0, NULL, NULL, NULL, 0, 0, 1, 0, '2017-10-29 12:12:58', '2017-10-29', '2017-10-29 12:12:58', -1),
(218, 649, 'Benjamin', 'O\'Grady', 'grady', NULL, 0, NULL, NULL, NULL, 0, 0, 1, 0, '2017-10-29 12:12:58', '2017-10-29', '2017-10-29 12:12:58', -1),
(219, 653, 'Robert', 'Quinlan', 'quinlan', NULL, 0, NULL, NULL, NULL, 0, 0, 1, 0, '2017-10-29 12:12:58', '2017-10-29', '2017-10-29 12:12:58', -1),
(220, 655, 'Kieran', 'Ross', 'ross', NULL, 0, NULL, NULL, NULL, 0, 0, 1, 0, '2017-10-29 12:12:58', '2017-10-29', '2017-10-29 12:12:58', -1),
(221, 656, 'Theo', 'Roy', 'roy', NULL, 0, NULL, NULL, NULL, 0, 0, 1, 0, '2017-10-29 12:12:58', '2017-10-29', '2017-10-29 12:12:58', -1),
(222, 657, 'Sarah', 'Saadoune', 'saadoune', NULL, 0, NULL, NULL, NULL, 0, 0, 1, 0, '2017-10-29 12:12:58', '2017-10-29', '2017-10-29 12:12:58', -1),
(223, 659, 'Emily', 'Sayers', 'sayers', NULL, 0, NULL, NULL, NULL, 0, 0, 1, 0, '2017-10-29 12:12:58', '2017-10-29', '2017-10-29 12:12:58', -1),
(224, 668, 'Hannah', 'Harte', 'harte', NULL, 0, NULL, NULL, NULL, 0, 0, 1, 0, '2017-10-29 12:12:58', '2017-10-29', '2017-10-29 12:12:58', -1),
(225, 681, 'Diarmuid', 'Boylan', 'boylan', NULL, 0, NULL, NULL, NULL, 0, 0, 1, 0, '2017-10-29 12:12:58', '2017-10-29', '2017-10-29 12:12:58', -1),
(226, 683, 'Grace', 'Murphy', 'murphy', NULL, 0, NULL, NULL, NULL, 0, 0, 1, 0, '2017-10-29 12:12:58', '2017-10-29', '2017-10-29 12:12:58', -1),
(227, 798, 'Aaron', 'Broughton', 'broughton', NULL, 0, NULL, NULL, NULL, 0, 0, 1, 0, '2017-10-29 12:12:58', '2017-10-29', '2017-10-29 12:12:58', -1),
(228, 1046, 'Oisin', 'O\'Buachalla', 'buachalla', NULL, 0, NULL, NULL, NULL, 0, 0, 1, 0, '2017-10-29 12:12:58', '2017-10-29', '2017-10-29 12:12:58', -1),
(229, 1197, 'Patrick James', 'KennedyRodriguez', 'kennedyrodriguez', NULL, 0, NULL, NULL, NULL, 0, 0, 1, 0, '2017-10-29 12:12:58', '2017-10-29', '2017-10-29 12:12:58', -1),
(230, 1816, 'Iulia Maria', 'Cofa', 'cofa', NULL, 0, NULL, NULL, NULL, 0, 0, 1, 0, '2017-10-29 12:12:58', '2017-10-29', '2017-10-29 12:12:58', -1),
(231, 633, 'David', 'Hannafin', 'hannafin', NULL, 0, NULL, NULL, NULL, 0, 0, 1, 0, '2017-10-29 12:12:58', '2017-10-29', '2017-10-29 12:12:58', -1),
(232, 638, 'Jamie', 'Lehane', 'lehane', NULL, 0, NULL, NULL, NULL, 0, 0, 1, 0, '2017-10-29 12:12:58', '2017-10-29', '2017-10-29 12:12:58', -1),
(233, 608, 'Mae', 'Bent', 'bent', NULL, 0, NULL, NULL, NULL, 0, 0, 1, 0, '2017-10-29 12:12:58', '2017-10-29', '2017-10-29 12:12:58', -1),
(234, 615, 'Ava Rose', 'Clarke', 'clarke', NULL, 0, NULL, NULL, NULL, 0, 0, 1, 0, '2017-10-29 12:12:58', '2017-10-29', '2017-10-29 12:12:58', -1),
(235, 621, 'Sarah', 'Doyle', 'doyle', NULL, 0, NULL, NULL, NULL, 0, 0, 1, 0, '2017-10-29 12:12:58', '2017-10-29', '2017-10-29 12:12:58', -1),
(236, 622, 'Alaa', 'Duadu', 'duadu', NULL, 0, NULL, NULL, NULL, 0, 0, 1, 0, '2017-10-29 12:12:58', '2017-10-29', '2017-10-29 12:12:58', -1),
(237, 624, 'Edward', 'Forbes', 'forbes', NULL, 0, NULL, NULL, NULL, 0, 0, 1, 0, '2017-10-29 12:12:58', '2017-10-29', '2017-10-29 12:12:58', -1),
(238, 626, 'Charlotte', 'Furlong', 'furlong', NULL, 0, NULL, NULL, NULL, 0, 0, 1, 0, '2017-10-29 12:12:58', '2017-10-29', '2017-10-29 12:12:58', -1),
(239, 627, 'Sebastian', 'Gavalier', 'gavalier', NULL, 0, NULL, NULL, NULL, 0, 0, 1, 0, '2017-10-29 12:12:58', '2017-10-29', '2017-10-29 12:12:58', -1),
(240, 642, 'Michael', 'Mcgreevy', 'greevy', NULL, 0, NULL, NULL, NULL, 0, 0, 1, 0, '2017-10-29 12:12:58', '2017-10-29', '2017-10-29 12:12:58', -1),
(241, 643, 'Aaron', 'Mckillen', 'killen', NULL, 0, NULL, NULL, NULL, 0, 0, 1, 0, '2017-10-29 12:12:58', '2017-10-29', '2017-10-29 12:12:58', -1),
(242, 644, 'Hannah', 'Mcguinness', 'guinness', NULL, 0, NULL, NULL, NULL, 0, 0, 1, 0, '2017-10-29 12:12:58', '2017-10-29', '2017-10-29 12:12:58', -1),
(243, 645, 'Barry', 'Mcquinn', 'quinn', NULL, 0, NULL, NULL, NULL, 0, 0, 1, 0, '2017-10-29 12:12:58', '2017-10-29', '2017-10-29 12:12:58', -1),
(244, 646, 'James', 'Muldoon', 'muldoon', NULL, 0, NULL, NULL, NULL, 0, 0, 1, 0, '2017-10-29 12:12:58', '2017-10-29', '2017-10-29 12:12:58', -1),
(245, 647, 'Lucy', 'Nolan', 'nolan', NULL, 0, NULL, NULL, NULL, 0, 0, 1, 0, '2017-10-29 12:12:58', '2017-10-29', '2017-10-29 12:12:58', -1),
(246, 648, 'Tadhg', 'Noone', 'noone', NULL, 0, NULL, NULL, NULL, 0, 0, 1, 0, '2017-10-29 12:12:58', '2017-10-29', '2017-10-29 12:12:58', -1),
(247, 651, 'Mossy', 'O\'Loughlin', 'loughlin', NULL, 0, NULL, NULL, NULL, 0, 0, 1, 0, '2017-10-29 12:12:58', '2017-10-29', '2017-10-29 12:12:58', -1),
(248, 654, 'Aaron', 'Rodriguez', 'rodriguez', NULL, 0, NULL, NULL, NULL, 0, 0, 1, 0, '2017-10-29 12:12:58', '2017-10-29', '2017-10-29 12:12:58', -1),
(249, 664, 'Alexander', 'Crawley', 'crawley', NULL, 0, NULL, NULL, NULL, 0, 0, 1, 0, '2017-10-29 12:12:58', '2017-10-29', '2017-10-29 12:12:58', -1),
(250, 665, 'Andrew', 'Mcgauran', 'gauran', NULL, 0, NULL, NULL, NULL, 0, 0, 1, 0, '2017-10-29 12:12:58', '2017-10-29', '2017-10-29 12:12:58', -1),
(251, 677, 'Caoilinn', 'Clancy', 'clancy', NULL, 0, NULL, NULL, NULL, 0, 0, 1, 0, '2017-10-29 12:12:58', '2017-10-29', '2017-10-29 12:12:58', -1),
(252, 689, 'Maysaa', 'Medbou', 'medbou', NULL, 0, NULL, NULL, NULL, 0, 0, 1, 0, '2017-10-29 12:12:58', '2017-10-29', '2017-10-29 12:12:58', -1),
(253, 690, 'Emily', 'Cavey', 'cavey', NULL, 0, NULL, NULL, NULL, 0, 0, 1, 0, '2017-10-29 12:12:58', '2017-10-29', '2017-10-29 12:12:58', -1),
(254, 700, 'Killian', 'O\'Hare', 'hare', NULL, 0, NULL, NULL, NULL, 0, 0, 1, 0, '2017-10-29 12:12:58', '2017-10-29', '2017-10-29 12:12:58', -1),
(255, 786, 'Holly', 'Pantin', 'pantin', NULL, 0, NULL, NULL, NULL, 0, 0, 1, 0, '2017-10-29 12:12:58', '2017-10-29', '2017-10-29 12:12:58', -1),
(256, 1044, 'Lily', 'Brennan', 'brennan', NULL, 0, NULL, NULL, NULL, 0, 0, 1, 0, '2017-10-29 12:12:58', '2017-10-29', '2017-10-29 12:12:58', -1),
(257, 1176, 'Maliha', 'Zaman', 'zaman', NULL, 0, NULL, NULL, NULL, 0, 0, 1, 0, '2017-10-29 12:12:58', '2017-10-29', '2017-10-29 12:12:58', -1),
(258, 1178, 'Abby', 'Martin', 'martin', NULL, 0, NULL, NULL, NULL, 0, 0, 1, 0, '2017-10-29 12:12:58', '2017-10-29', '2017-10-29 12:12:58', -1),
(259, 503, 'Tom', 'Brosnan', 'brosnan', NULL, 0, NULL, NULL, NULL, 0, 0, 1, 0, '2017-10-29 12:12:58', '2017-10-29', '2017-10-29 12:12:58', -1),
(260, 504, 'Billy', 'Mcconkey', 'conkey', NULL, 0, NULL, NULL, NULL, 0, 0, 1, 0, '2017-10-29 12:12:58', '2017-10-29', '2017-10-29 12:12:58', -1),
(261, 506, 'Elena', 'Frankish', 'frankish', NULL, 0, NULL, NULL, NULL, 0, 0, 1, 0, '2017-10-29 12:12:58', '2017-10-29', '2017-10-29 12:12:58', -1),
(262, 510, 'Ellen', 'Murphy', 'murphy', NULL, 0, NULL, NULL, NULL, 0, 0, 1, 0, '2017-10-29 12:12:58', '2017-10-29', '2017-10-29 12:12:58', -1),
(263, 512, 'Cillian', 'Sharpe', 'sharpe', NULL, 0, NULL, NULL, NULL, 0, 0, 1, 0, '2017-10-29 12:12:58', '2017-10-29', '2017-10-29 12:12:58', -1),
(264, 517, 'Donagh', 'Lowney', 'lowney', NULL, 0, NULL, NULL, NULL, 0, 0, 1, 0, '2017-10-29 12:12:58', '2017-10-29', '2017-10-29 12:12:58', -1),
(265, 520, 'Monty', 'Greenwood', 'greenwood', NULL, 0, NULL, NULL, NULL, 0, 0, 1, 0, '2017-10-29 12:12:58', '2017-10-29', '2017-10-29 12:12:58', -1),
(266, 521, 'P J', 'Phelan', 'phelan', NULL, 0, NULL, NULL, NULL, 0, 0, 1, 0, '2017-10-29 12:12:58', '2017-10-29', '2017-10-29 12:12:58', -1),
(267, 531, 'Charlie', 'Sorohan', 'sorohan', NULL, 0, NULL, NULL, NULL, 0, 0, 1, 0, '2017-10-29 12:12:58', '2017-10-29', '2017-10-29 12:12:58', -1),
(268, 534, 'Eabha', 'Manning', 'manning', NULL, 0, NULL, NULL, NULL, 0, 0, 1, 0, '2017-10-29 12:12:58', '2017-10-29', '2017-10-29 12:12:58', -1),
(269, 544, 'Kate', 'Hewson', 'hewson', NULL, 0, NULL, NULL, NULL, 0, 0, 1, 0, '2017-10-29 12:12:58', '2017-10-29', '2017-10-29 12:12:58', -1),
(270, 547, 'Kayla', 'Swan', 'swan', NULL, 0, NULL, NULL, NULL, 0, 0, 1, 0, '2017-10-29 12:12:58', '2017-10-29', '2017-10-29 12:12:58', -1),
(271, 548, 'Lucy', 'Mcdonnell', 'donnell', NULL, 0, NULL, NULL, NULL, 0, 0, 1, 0, '2017-10-29 12:12:58', '2017-10-29', '2017-10-29 12:12:58', -1),
(272, 551, 'Andrea', 'Birch Alonso', 'birchalonso', NULL, 0, NULL, NULL, NULL, 0, 0, 1, 0, '2017-10-29 12:12:58', '2017-10-29', '2017-10-29 12:12:58', -1),
(273, 555, 'Edie May', 'Farrell', 'farrell', NULL, 0, NULL, NULL, NULL, 0, 0, 1, 0, '2017-10-29 12:12:58', '2017-10-29', '2017-10-29 12:12:58', -1),
(274, 556, 'Max', 'Duma', 'duma', NULL, 0, NULL, NULL, NULL, 0, 0, 1, 0, '2017-10-29 12:12:58', '2017-10-29', '2017-10-29 12:12:58', -1),
(275, 563, 'Matthew', 'O\'Rafferty', 'rafferty', NULL, 0, NULL, NULL, NULL, 0, 0, 1, 0, '2017-10-29 12:12:58', '2017-10-29', '2017-10-29 12:12:58', -1),
(276, 567, 'Llyod', 'Porlucas', 'porlucas', NULL, 0, NULL, NULL, NULL, 0, 0, 1, 0, '2017-10-29 12:12:58', '2017-10-29', '2017-10-29 12:12:58', -1),
(277, 572, 'Basil', 'Kooran Sunny', 'kooransunny', NULL, 0, NULL, NULL, NULL, 0, 0, 1, 0, '2017-10-29 12:12:58', '2017-10-29', '2017-10-29 12:12:58', -1),
(278, 585, 'James', 'Richaud', 'richaud', NULL, 0, NULL, NULL, NULL, 0, 0, 1, 0, '2017-10-29 12:12:58', '2017-10-29', '2017-10-29 12:12:58', -1),
(279, 586, 'Haylee', 'Mcloughlin', 'loughlin', NULL, 0, NULL, NULL, NULL, 0, 0, 1, 0, '2017-10-29 12:12:58', '2017-10-29', '2017-10-29 12:12:58', -1),
(280, 589, 'Louis', 'Ennis', 'ennis', NULL, 0, NULL, NULL, NULL, 0, 0, 1, 0, '2017-10-29 12:12:58', '2017-10-29', '2017-10-29 12:12:58', -1),
(281, 908, 'Cadhla', 'Cronin', 'cronin', NULL, 0, NULL, NULL, NULL, 0, 0, 1, 0, '2017-10-29 12:12:58', '2017-10-29', '2017-10-29 12:12:58', -1),
(282, 1259, 'Rana', 'Alabdulkarim', 'alabdulkarim', NULL, 0, NULL, NULL, NULL, 0, 0, 1, 0, '2017-10-29 12:12:58', '2017-10-29', '2017-10-29 12:12:58', -1),
(283, 1427, 'Khalid', 'Malik', 'malik', NULL, 0, NULL, NULL, NULL, 0, 0, 1, 0, '2017-10-29 12:12:58', '2017-10-29', '2017-10-29 12:12:58', -1),
(284, 1582, 'Mari', 'Roberts', 'roberts', NULL, 0, NULL, NULL, NULL, 0, 0, 1, 0, '2017-10-29 12:12:58', '2017-10-29', '2017-10-29 12:12:58', -1),
(285, 1802, 'Nancy', 'Berthelsen', 'berthelsen', NULL, 0, NULL, NULL, NULL, 0, 0, 1, 0, '2017-10-29 12:12:58', '2017-10-29', '2017-10-29 12:12:58', -1),
(286, 1811, 'Tekka', 'Whelan', 'whelan', NULL, 0, NULL, NULL, NULL, 0, 0, 1, 0, '2017-10-29 12:12:58', '2017-10-29', '2017-10-29 12:12:58', -1),
(287, 1814, 'Layla', 'Hamed Buhidma', 'hamedbuhidma', NULL, 0, NULL, NULL, NULL, 0, 0, 1, 0, '2017-10-29 12:12:58', '2017-10-29', '2017-10-29 12:12:58', -1),
(288, 437, 'Fiona', 'Comerford', 'comerford', NULL, 0, NULL, NULL, NULL, 0, 0, 1, 0, '2017-10-29 12:12:58', '2017-10-29', '2017-10-29 12:12:58', -1),
(289, 507, 'Shane', 'Ledesma', 'ledesma', NULL, 0, NULL, NULL, NULL, 0, 0, 1, 0, '2017-10-29 12:12:58', '2017-10-29', '2017-10-29 12:12:58', -1),
(290, 509, 'Brendan', 'Clarke', 'clarke', NULL, 0, NULL, NULL, NULL, 0, 0, 1, 0, '2017-10-29 12:12:58', '2017-10-29', '2017-10-29 12:12:58', -1),
(291, 513, 'Rachel', 'Peters', 'peters', NULL, 0, NULL, NULL, NULL, 0, 0, 1, 0, '2017-10-29 12:12:58', '2017-10-29', '2017-10-29 12:12:58', -1),
(292, 514, 'Sive', 'Nogues', 'nogues', NULL, 0, NULL, NULL, NULL, 0, 0, 1, 0, '2017-10-29 12:12:58', '2017-10-29', '2017-10-29 12:12:58', -1),
(293, 515, 'Christian', 'Gamble', 'gamble', NULL, 0, NULL, NULL, NULL, 0, 0, 1, 0, '2017-10-29 12:12:58', '2017-10-29', '2017-10-29 12:12:58', -1),
(294, 518, 'Sofian', 'Saadoune', 'saadoune', NULL, 0, NULL, NULL, NULL, 0, 0, 1, 0, '2017-10-29 12:12:58', '2017-10-29', '2017-10-29 12:12:58', -1),
(295, 519, 'Aoife', 'Ross', 'ross', NULL, 0, NULL, NULL, NULL, 0, 0, 1, 0, '2017-10-29 12:12:58', '2017-10-29', '2017-10-29 12:12:58', -1),
(296, 523, 'Emma', 'Duffy', 'duffy', NULL, 0, NULL, NULL, NULL, 0, 0, 1, 0, '2017-10-29 12:12:58', '2017-10-29', '2017-10-29 12:12:58', -1),
(297, 526, 'Maria', 'Boland', 'boland', NULL, 0, NULL, NULL, NULL, 0, 0, 1, 0, '2017-10-29 12:12:58', '2017-10-29', '2017-10-29 12:12:58', -1),
(298, 530, 'Keela', 'Ryan', 'ryan', NULL, 0, NULL, NULL, NULL, 0, 0, 1, 0, '2017-10-29 12:12:58', '2017-10-29', '2017-10-29 12:12:58', -1),
(299, 535, 'Niel', 'De Jesus', 'dejesus', NULL, 0, NULL, NULL, NULL, 0, 0, 1, 0, '2017-10-29 12:12:58', '2017-10-29', '2017-10-29 12:12:58', -1),
(300, 542, 'Jessica', 'O\'Brien', 'brien', NULL, 0, NULL, NULL, NULL, 0, 0, 1, 0, '2017-10-29 12:12:58', '2017-10-29', '2017-10-29 12:12:58', -1),
(301, 553, 'Aoife', 'Marie', 'marie', NULL, 0, NULL, NULL, NULL, 0, 0, 1, 0, '2017-10-29 12:12:58', '2017-10-29', '2017-10-29 12:12:58', -1),
(302, 558, 'David', 'Foley', 'foley', NULL, 0, NULL, NULL, NULL, 0, 0, 1, 0, '2017-10-29 12:12:58', '2017-10-29', '2017-10-29 12:12:58', -1),
(303, 571, 'Lexi', 'Dowling', 'dowling', NULL, 0, NULL, NULL, NULL, 0, 0, 1, 0, '2017-10-29 12:12:58', '2017-10-29', '2017-10-29 12:12:58', -1),
(304, 577, 'Keith', 'Perocho', 'perocho', NULL, 0, NULL, NULL, NULL, 0, 0, 1, 0, '2017-10-29 12:12:58', '2017-10-29', '2017-10-29 12:12:58', -1),
(305, 579, 'Melissa', 'Dunne', 'dunne', NULL, 0, NULL, NULL, NULL, 0, 0, 1, 0, '2017-10-29 12:12:58', '2017-10-29', '2017-10-29 12:12:58', -1),
(306, 582, 'Abbie', 'Collins', 'collins', NULL, 0, NULL, NULL, NULL, 0, 0, 1, 0, '2017-10-29 12:12:58', '2017-10-29', '2017-10-29 12:12:58', -1),
(307, 584, 'Salvatore', 'Donatella', 'donatella', NULL, 0, NULL, NULL, NULL, 0, 0, 1, 0, '2017-10-29 12:12:58', '2017-10-29', '2017-10-29 12:12:58', -1),
(308, 590, 'Alex', 'Cronin', 'cronin', NULL, 0, NULL, NULL, NULL, 0, 0, 1, 0, '2017-10-29 12:12:58', '2017-10-29', '2017-10-29 12:12:58', -1),
(309, 779, 'Lena', 'Muzellec', 'muzellec', NULL, 0, NULL, NULL, NULL, 0, 0, 1, 0, '2017-10-29 12:12:58', '2017-10-29', '2017-10-29 12:12:58', -1),
(310, 1289, 'Conor', 'Mccormick', 'cormick', NULL, 0, NULL, NULL, NULL, 0, 0, 1, 0, '2017-10-29 12:12:58', '2017-10-29', '2017-10-29 12:12:58', -1),
(311, 1803, 'Naia', 'LopezSteffensen', 'lopezsteffensen', NULL, 0, NULL, NULL, NULL, 0, 0, 1, 0, '2017-10-29 12:12:58', '2017-10-29', '2017-10-29 12:12:58', -1),
(312, 1812, 'Fatema', 'Ali', 'ali', NULL, 0, NULL, NULL, NULL, 0, 0, 1, 0, '2017-10-29 12:12:58', '2017-10-29', '2017-10-29 12:12:58', -1),
(313, 877, 'Alexander', 'Hayden', 'hayden', NULL, 0, NULL, NULL, NULL, 0, 0, 1, 0, '2017-10-29 12:12:58', '2017-10-29', '2017-10-29 12:12:58', -1),
(314, 312, 'Ziyad', 'Omar', 'mar', NULL, 0, NULL, NULL, NULL, 0, 0, 1, 0, '2017-10-29 12:12:58', '2017-10-29', '2017-10-29 12:12:58', -1),
(315, 427, 'Emre', 'Akca', 'akca', NULL, 0, NULL, NULL, NULL, 0, 0, 1, 0, '2017-10-29 12:12:58', '2017-10-29', '2017-10-29 12:12:58', -1),
(316, 431, 'Juliana', 'Bondzio', 'bondzio', NULL, 0, NULL, NULL, NULL, 0, 0, 1, 0, '2017-10-29 12:12:58', '2017-10-29', '2017-10-29 12:12:58', -1),
(317, 432, 'Abdurrahman', 'Bouhadja', 'bouhadja', NULL, 0, NULL, NULL, NULL, 0, 0, 1, 0, '2017-10-29 12:12:58', '2017-10-29', '2017-10-29 12:12:58', -1),
(318, 433, 'Richard', 'Byrne', 'byrne', NULL, 0, NULL, NULL, NULL, 0, 0, 1, 0, '2017-10-29 12:12:58', '2017-10-29', '2017-10-29 12:12:58', -1),
(319, 434, 'James', 'Candon', 'candon', NULL, 0, NULL, NULL, NULL, 0, 0, 1, 0, '2017-10-29 12:12:58', '2017-10-29', '2017-10-29 12:12:58', -1),
(320, 439, 'Hayley', 'DonohueGray', 'donohuegray', NULL, 0, NULL, NULL, NULL, 0, 0, 1, 0, '2017-10-29 12:12:58', '2017-10-29', '2017-10-29 12:12:58', -1),
(321, 440, 'Eleanor', 'Dunne', 'dunne', NULL, 0, NULL, NULL, NULL, 0, 0, 1, 0, '2017-10-29 12:12:58', '2017-10-29', '2017-10-29 12:12:58', -1),
(322, 443, 'Matthew', 'Forbes', 'forbes', NULL, 0, NULL, NULL, NULL, 0, 0, 1, 0, '2017-10-29 12:12:58', '2017-10-29', '2017-10-29 12:12:58', -1),
(323, 444, 'Darcy', 'Gallagher', 'gallagher', NULL, 0, NULL, NULL, NULL, 0, 0, 1, 0, '2017-10-29 12:12:58', '2017-10-29', '2017-10-29 12:12:58', -1),
(324, 446, 'John', 'Heneghan', 'heneghan', NULL, 0, NULL, NULL, NULL, 0, 0, 1, 0, '2017-10-29 12:12:58', '2017-10-29', '2017-10-29 12:12:58', -1),
(325, 450, 'Eshaal', 'Kashif', 'kashif', NULL, 0, NULL, NULL, NULL, 0, 0, 1, 0, '2017-10-29 12:12:58', '2017-10-29', '2017-10-29 12:12:58', -1),
(326, 453, 'Rachel', 'Lehane', 'lehane', NULL, 0, NULL, NULL, NULL, 0, 0, 1, 0, '2017-10-29 12:12:58', '2017-10-29', '2017-10-29 12:12:58', -1),
(327, 462, 'Eva', 'Mcmahon', 'mahon', NULL, 0, NULL, NULL, NULL, 0, 0, 1, 0, '2017-10-29 12:12:58', '2017-10-29', '2017-10-29 12:12:58', -1),
(328, 464, 'Alyssa', 'Moran', 'moran', NULL, 0, NULL, NULL, NULL, 0, 0, 1, 0, '2017-10-29 12:12:58', '2017-10-29', '2017-10-29 12:12:58', -1),
(329, 465, 'Niamh', 'Morrissey', 'morrissey', NULL, 0, NULL, NULL, NULL, 0, 0, 1, 0, '2017-10-29 12:12:58', '2017-10-29', '2017-10-29 12:12:58', -1),
(330, 466, 'Erin', 'Murphy Bennett', 'murphybennett', NULL, 0, NULL, NULL, NULL, 0, 0, 1, 0, '2017-10-29 12:12:58', '2017-10-29', '2017-10-29 12:12:58', -1),
(331, 468, 'Marianne', 'Nangle', 'nangle', NULL, 0, NULL, NULL, NULL, 0, 0, 1, 0, '2017-10-29 12:12:58', '2017-10-29', '2017-10-29 12:12:58', -1),
(332, 474, 'Aaron', 'O\'Grady', 'grady', NULL, 0, NULL, NULL, NULL, 0, 0, 1, 0, '2017-10-29 12:12:58', '2017-10-29', '2017-10-29 12:12:58', -1),
(333, 476, 'Elyes', 'Ouamer', 'uamer', NULL, 0, NULL, NULL, NULL, 0, 0, 1, 0, '2017-10-29 12:12:58', '2017-10-29', '2017-10-29 12:12:58', -1),
(334, 481, 'Katie', 'Sayers', 'sayers', NULL, 0, NULL, NULL, NULL, 0, 0, 1, 0, '2017-10-29 12:12:58', '2017-10-29', '2017-10-29 12:12:58', -1),
(335, 482, 'Fiona', 'Sheridan', 'sheridan', NULL, 0, NULL, NULL, NULL, 0, 0, 1, 0, '2017-10-29 12:12:58', '2017-10-29', '2017-10-29 12:12:58', -1),
(336, 483, 'Darren', 'Swan Ducote', 'swanducote', NULL, 0, NULL, NULL, NULL, 0, 0, 1, 0, '2017-10-29 12:12:58', '2017-10-29', '2017-10-29 12:12:58', -1),
(337, 485, 'Alicia', 'Waldron', 'waldron', NULL, 0, NULL, NULL, NULL, 0, 0, 1, 0, '2017-10-29 12:12:58', '2017-10-29', '2017-10-29 12:12:58', -1),
(338, 487, 'Charles', 'Kennedy', 'kennedy', NULL, 0, NULL, NULL, NULL, 0, 0, 1, 0, '2017-10-29 12:12:58', '2017-10-29', '2017-10-29 12:12:58', -1),
(339, 488, 'Zoe', 'Walsh', 'walsh', NULL, 0, NULL, NULL, NULL, 0, 0, 1, 0, '2017-10-29 12:12:58', '2017-10-29', '2017-10-29 12:12:58', -1),
(340, 489, 'Anna', 'Murray', 'murray', NULL, 0, NULL, NULL, NULL, 0, 0, 1, 0, '2017-10-29 12:12:58', '2017-10-29', '2017-10-29 12:12:58', -1),
(341, 693, 'Ella', 'Kilmartin Nolan', 'kilmartinnolan', NULL, 0, NULL, NULL, NULL, 0, 0, 1, 0, '2017-10-29 12:12:58', '2017-10-29', '2017-10-29 12:12:58', -1);
INSERT INTO `person` (`id`, `ext_id`, `fname`, `lname`, `indexed_lname`, `salute_name`, `salt_id`, `landline`, `mobile`, `email`, `is_staff`, `is_guardian`, `is_member`, `active`, `created`, `deactivated`, `updated`, `updated_by`) VALUES
(342, 1058, 'James', 'Conway', 'conway', NULL, 0, NULL, NULL, NULL, 0, 0, 1, 0, '2017-10-29 12:12:58', '2017-10-29', '2017-10-29 12:12:58', -1),
(343, 1206, 'Lily', 'Dempsey', 'dempsey', NULL, 0, NULL, NULL, NULL, 0, 0, 1, 0, '2017-10-29 12:12:58', '2017-10-29', '2017-10-29 12:12:58', -1),
(344, 1215, 'James', 'Hayden', 'hayden', NULL, 0, NULL, NULL, NULL, 0, 0, 1, 0, '2017-10-29 12:12:58', '2017-10-29', '2017-10-29 12:12:58', -1),
(345, 1225, 'Hannah', 'Murray', 'murray', NULL, 0, NULL, NULL, NULL, 0, 0, 1, 0, '2017-10-29 12:12:58', '2017-10-29', '2017-10-29 12:12:58', -1),
(346, 1272, 'Sophie', 'Connolly', 'connolly', NULL, 0, NULL, NULL, NULL, 0, 0, 1, 0, '2017-10-29 12:12:58', '2017-10-29', '2017-10-29 12:12:58', -1),
(347, 1565, 'Hugo', 'Dooney', 'dooney', NULL, 0, NULL, NULL, NULL, 0, 0, 1, 0, '2017-10-29 12:12:58', '2017-10-29', '2017-10-29 12:12:58', -1),
(348, 1573, 'Emma', 'Dilworth', 'dilworth', NULL, 0, NULL, NULL, NULL, 0, 0, 1, 0, '2017-10-29 12:12:58', '2017-10-29', '2017-10-29 12:12:58', -1),
(349, 1581, 'Donal', 'Noone', 'noone', NULL, 0, NULL, NULL, NULL, 0, 0, 1, 0, '2017-10-29 12:12:58', '2017-10-29', '2017-10-29 12:12:58', -1),
(350, 1589, 'James', 'Fagan', 'fagan', NULL, 0, NULL, NULL, NULL, 0, 0, 1, 0, '2017-10-29 12:12:58', '2017-10-29', '2017-10-29 12:12:58', -1),
(351, 1592, 'Tom', 'Kiely', 'kiely', NULL, 0, NULL, NULL, NULL, 0, 0, 1, 0, '2017-10-29 12:12:58', '2017-10-29', '2017-10-29 12:12:58', -1),
(352, 1594, 'Patrick', 'Mcnamara', 'namara', NULL, 0, NULL, NULL, NULL, 0, 0, 1, 0, '2017-10-29 12:12:58', '2017-10-29', '2017-10-29 12:12:58', -1),
(353, 1617, 'Valentina', 'Butera', 'butera', NULL, 0, NULL, NULL, NULL, 0, 0, 1, 0, '2017-10-29 12:12:58', '2017-10-29', '2017-10-29 12:12:58', -1),
(354, 1636, 'Eliza', 'Mccann', 'cann', NULL, 0, NULL, NULL, NULL, 0, 0, 1, 0, '2017-10-29 12:12:58', '2017-10-29', '2017-10-29 12:12:58', -1),
(355, 1646, 'Lucy', 'Glennon', 'glennon', NULL, 0, NULL, NULL, NULL, 0, 0, 1, 0, '2017-10-29 12:12:58', '2017-10-29', '2017-10-29 12:12:58', -1),
(356, 1649, 'Ciara', 'Muldoon', 'muldoon', NULL, 0, NULL, NULL, NULL, 0, 0, 1, 0, '2017-10-29 12:12:58', '2017-10-29', '2017-10-29 12:12:58', -1),
(357, 1651, 'Sean', 'Mullan', 'mullan', NULL, 0, NULL, NULL, NULL, 0, 0, 1, 0, '2017-10-29 12:12:58', '2017-10-29', '2017-10-29 12:12:58', -1),
(358, 1664, 'Patrick', 'Howard', 'howard', NULL, 0, NULL, NULL, NULL, 0, 0, 1, 0, '2017-10-29 12:12:58', '2017-10-29', '2017-10-29 12:12:58', -1),
(359, 1665, 'Adam', 'O\'Regan', 'regan', NULL, 0, NULL, NULL, NULL, 0, 0, 1, 0, '2017-10-29 12:12:58', '2017-10-29', '2017-10-29 12:12:58', -1),
(360, 1677, 'Eli', 'Russell', 'russell', NULL, 0, NULL, NULL, NULL, 0, 0, 1, 0, '2017-10-29 12:12:58', '2017-10-29', '2017-10-29 12:12:58', -1),
(361, 1685, 'Michael', 'Snodden', 'snodden', NULL, 0, NULL, NULL, NULL, 0, 0, 1, 0, '2017-10-29 12:12:58', '2017-10-29', '2017-10-29 12:12:58', -1),
(362, 1687, 'Annabelle', 'Stirling', 'stirling', NULL, 0, NULL, NULL, NULL, 0, 0, 1, 0, '2017-10-29 12:12:58', '2017-10-29', '2017-10-29 12:12:58', -1),
(363, 1712, 'Peter', 'Linehan', 'linehan', NULL, 0, NULL, NULL, NULL, 0, 0, 1, 0, '2017-10-29 12:12:58', '2017-10-29', '2017-10-29 12:12:58', -1),
(364, 1713, 'Teyla', 'Waldron', 'waldron', NULL, 0, NULL, NULL, NULL, 0, 0, 1, 0, '2017-10-29 12:12:58', '2017-10-29', '2017-10-29 12:12:58', -1),
(365, 1727, 'Jasmine', 'Kinch', 'kinch', NULL, 0, NULL, NULL, NULL, 0, 0, 1, 0, '2017-10-29 12:12:58', '2017-10-29', '2017-10-29 12:12:58', -1),
(366, 1784, 'Killian', 'Muzellec', 'muzellec', NULL, 0, NULL, NULL, NULL, 0, 0, 1, 0, '2017-10-29 12:12:58', '2017-10-29', '2017-10-29 12:12:58', -1),
(367, 1785, 'Carter', 'Downes', 'downes', NULL, 0, NULL, NULL, NULL, 0, 0, 1, 0, '2017-10-29 12:12:58', '2017-10-29', '2017-10-29 12:12:58', -1),
(368, 1807, 'Euan', 'Macgregor', 'gregor', NULL, 0, NULL, NULL, NULL, 0, 0, 1, 0, '2017-10-29 12:12:58', '2017-10-29', '2017-10-29 12:12:58', -1),
(369, 1201, 'Mia', 'Cleere', 'cleere', NULL, 0, NULL, NULL, NULL, 0, 0, 1, 0, '2017-10-29 12:12:58', '2017-10-29', '2017-10-29 12:12:58', -1),
(370, 1212, 'James', 'Griffin', 'griffin', NULL, 0, NULL, NULL, NULL, 0, 0, 1, 0, '2017-10-29 12:12:58', '2017-10-29', '2017-10-29 12:12:58', -1),
(371, 1237, 'Pearl', 'O\'Malley', 'malley', NULL, 0, NULL, NULL, NULL, 0, 0, 1, 0, '2017-10-29 12:12:58', '2017-10-29', '2017-10-29 12:12:58', -1),
(372, 1483, 'Nicholas', 'Sarsfield', 'sarsfield', NULL, 0, NULL, NULL, NULL, 0, 0, 1, 0, '2017-10-29 12:12:58', '2017-10-29', '2017-10-29 12:12:58', -1),
(373, 1591, 'Oisin', 'Horrigan', 'horrigan', NULL, 0, NULL, NULL, NULL, 0, 0, 1, 0, '2017-10-29 12:12:58', '2017-10-29', '2017-10-29 12:12:58', -1),
(374, 1593, 'Ava', 'Mcguinness', 'guinness', NULL, 0, NULL, NULL, NULL, 0, 0, 1, 0, '2017-10-29 12:12:58', '2017-10-29', '2017-10-29 12:12:58', -1),
(375, 1595, 'Robin', 'Mcnulty', 'nulty', NULL, 0, NULL, NULL, NULL, 0, 0, 1, 0, '2017-10-29 12:12:58', '2017-10-29', '2017-10-29 12:12:58', -1),
(376, 1603, 'Conor', 'Mcdermott', 'dermott', NULL, 0, NULL, NULL, NULL, 0, 0, 1, 0, '2017-10-29 12:12:58', '2017-10-29', '2017-10-29 12:12:58', -1),
(377, 1612, 'Lara', 'Kilcline', 'kilcline', NULL, 0, NULL, NULL, NULL, 0, 0, 1, 0, '2017-10-29 12:12:58', '2017-10-29', '2017-10-29 12:12:58', -1),
(378, 1618, 'Sebastian', 'Butler', 'butler', NULL, 0, NULL, NULL, NULL, 0, 0, 1, 0, '2017-10-29 12:12:58', '2017-10-29', '2017-10-29 12:12:58', -1),
(379, 1619, 'Teresa', 'Castorina', 'castorina', NULL, 0, NULL, NULL, NULL, 0, 0, 1, 0, '2017-10-29 12:12:58', '2017-10-29', '2017-10-29 12:12:58', -1),
(380, 1623, 'Liam', 'Connellan', 'connellan', NULL, 0, NULL, NULL, NULL, 0, 0, 1, 0, '2017-10-29 12:12:58', '2017-10-29', '2017-10-29 12:12:58', -1),
(381, 1624, 'Louis', 'Cotter', 'cotter', NULL, 0, NULL, NULL, NULL, 0, 0, 1, 0, '2017-10-29 12:12:58', '2017-10-29', '2017-10-29 12:12:58', -1),
(382, 1628, 'Hannah', 'Davis', 'davis', NULL, 0, NULL, NULL, NULL, 0, 0, 1, 0, '2017-10-29 12:12:58', '2017-10-29', '2017-10-29 12:12:58', -1),
(383, 1631, 'Erin', 'Madden', 'madden', NULL, 0, NULL, NULL, NULL, 0, 0, 1, 0, '2017-10-29 12:12:58', '2017-10-29', '2017-10-29 12:12:58', -1),
(384, 1632, 'Lucy', 'Dunne', 'dunne', NULL, 0, NULL, NULL, NULL, 0, 0, 1, 0, '2017-10-29 12:12:58', '2017-10-29', '2017-10-29 12:12:58', -1),
(385, 1658, 'Siobhan', 'Leonard', 'leonard', NULL, 0, NULL, NULL, NULL, 0, 0, 1, 0, '2017-10-29 12:12:58', '2017-10-29', '2017-10-29 12:12:58', -1),
(386, 1666, 'Mick', 'O\'Suilleabhain', 'suilleabhain', NULL, 0, NULL, NULL, NULL, 0, 0, 1, 0, '2017-10-29 12:12:58', '2017-10-29', '2017-10-29 12:12:58', -1),
(387, 1674, 'Alejo', 'Riveiro', 'riveiro', NULL, 0, NULL, NULL, NULL, 0, 0, 1, 0, '2017-10-29 12:12:58', '2017-10-29', '2017-10-29 12:12:58', -1),
(388, 1679, 'Saul', 'Russell', 'russell', NULL, 0, NULL, NULL, NULL, 0, 0, 1, 0, '2017-10-29 12:12:58', '2017-10-29', '2017-10-29 12:12:58', -1),
(389, 1682, 'Matthew', 'Shanahan', 'shanahan', NULL, 0, NULL, NULL, NULL, 0, 0, 1, 0, '2017-10-29 12:12:58', '2017-10-29', '2017-10-29 12:12:58', -1),
(390, 1683, 'Harry', 'Sheridan', 'sheridan', NULL, 0, NULL, NULL, NULL, 0, 0, 1, 0, '2017-10-29 12:12:58', '2017-10-29', '2017-10-29 12:12:58', -1),
(391, 1708, 'Eve', 'O\'Meara', 'meara', NULL, 0, NULL, NULL, NULL, 0, 0, 1, 0, '2017-10-29 12:12:58', '2017-10-29', '2017-10-29 12:12:58', -1),
(392, 1710, 'Edie-rose', 'Hartwell', 'hartwell', NULL, 0, NULL, NULL, NULL, 0, 0, 1, 0, '2017-10-29 12:12:58', '2017-10-29', '2017-10-29 12:12:58', -1),
(393, 1719, 'Michael', 'Hickey', 'hickey', NULL, 0, NULL, NULL, NULL, 0, 0, 1, 0, '2017-10-29 12:12:58', '2017-10-29', '2017-10-29 12:12:58', -1),
(394, 1728, 'Zahran', 'Kinch', 'kinch', NULL, 0, NULL, NULL, NULL, 0, 0, 1, 0, '2017-10-29 12:12:58', '2017-10-29', '2017-10-29 12:12:58', -1),
(395, 1801, 'Charlie', 'Dunne', 'dunne', NULL, 0, NULL, NULL, NULL, 0, 0, 1, 0, '2017-10-29 12:12:58', '2017-10-29', '2017-10-29 12:12:58', -1),
(396, 1806, 'Aiveen', 'Macgregor', 'gregor', NULL, 0, NULL, NULL, NULL, 0, 0, 1, 0, '2017-10-29 12:12:58', '2017-10-29', '2017-10-29 12:12:58', -1),
(397, 1017, 'Alice', 'Rowan', 'rowan', NULL, 0, NULL, NULL, NULL, 0, 0, 1, 0, '2017-10-29 12:12:58', '2017-10-29', '2017-10-29 12:12:58', -1),
(398, 1210, 'Alice', 'Fitzpatrick', 'fitzpatrick', NULL, 0, NULL, NULL, NULL, 0, 0, 1, 0, '2017-10-29 12:12:58', '2017-10-29', '2017-10-29 12:12:58', -1),
(399, 1220, 'Abigail', 'Mcguinness', 'guinness', NULL, 0, NULL, NULL, NULL, 0, 0, 1, 0, '2017-10-29 12:12:58', '2017-10-29', '2017-10-29 12:12:58', -1),
(400, 1223, 'Trudy', 'Molins', 'molins', NULL, 0, NULL, NULL, NULL, 0, 0, 1, 0, '2017-10-29 12:12:58', '2017-10-29', '2017-10-29 12:12:58', -1),
(401, 1224, 'Cara Rose', 'Moran', 'moran', NULL, 0, NULL, NULL, NULL, 0, 0, 1, 0, '2017-10-29 12:12:58', '2017-10-29', '2017-10-29 12:12:58', -1),
(402, 1228, 'Sean', 'Niven', 'ven', NULL, 0, NULL, NULL, NULL, 0, 0, 1, 0, '2017-10-29 12:12:58', '2017-10-29', '2017-10-29 12:12:58', -1),
(403, 1231, 'Lucy', 'O\'Carroll', 'carroll', NULL, 0, NULL, NULL, NULL, 0, 0, 1, 0, '2017-10-29 12:12:58', '2017-10-29', '2017-10-29 12:12:58', -1),
(404, 1236, 'Zoe', 'O\'Kelly', 'kelly', NULL, 0, NULL, NULL, NULL, 0, 0, 1, 0, '2017-10-29 12:12:58', '2017-10-29', '2017-10-29 12:12:58', -1),
(405, 1239, 'Tom', 'Rapple', 'rapple', NULL, 0, NULL, NULL, NULL, 0, 0, 1, 0, '2017-10-29 12:12:58', '2017-10-29', '2017-10-29 12:12:58', -1),
(406, 1240, 'Ceola', 'Roy', 'roy', NULL, 0, NULL, NULL, NULL, 0, 0, 1, 0, '2017-10-29 12:12:58', '2017-10-29', '2017-10-29 12:12:58', -1),
(407, 1242, 'Sean', 'Sorohan', 'sorohan', NULL, 0, NULL, NULL, NULL, 0, 0, 1, 0, '2017-10-29 12:12:58', '2017-10-29', '2017-10-29 12:12:58', -1),
(408, 1245, 'Isobel', 'Bailie', 'bailie', NULL, 0, NULL, NULL, NULL, 0, 0, 1, 0, '2017-10-29 12:12:58', '2017-10-29', '2017-10-29 12:12:58', -1),
(409, 1277, 'Nicholas', 'Crawley', 'crawley', NULL, 0, NULL, NULL, NULL, 0, 0, 1, 0, '2017-10-29 12:12:58', '2017-10-29', '2017-10-29 12:12:58', -1),
(410, 1336, 'Sadhbh', 'Halpin', 'halpin', NULL, 0, NULL, NULL, NULL, 0, 0, 1, 0, '2017-10-29 12:12:58', '2017-10-29', '2017-10-29 12:12:58', -1),
(411, 1393, 'Cormac', 'Murray', 'murray', NULL, 0, NULL, NULL, NULL, 0, 0, 1, 0, '2017-10-29 12:12:58', '2017-10-29', '2017-10-29 12:12:58', -1),
(412, 1395, 'Olivia', 'Murphy', 'murphy', NULL, 0, NULL, NULL, NULL, 0, 0, 1, 0, '2017-10-29 12:12:58', '2017-10-29', '2017-10-29 12:12:58', -1),
(413, 1402, 'Rayyan', 'Zaman', 'zaman', NULL, 0, NULL, NULL, NULL, 0, 0, 1, 0, '2017-10-29 12:12:58', '2017-10-29', '2017-10-29 12:12:58', -1),
(414, 1420, 'Lucy', 'O\'Suilleabhain', 'suilleabhain', NULL, 0, NULL, NULL, NULL, 0, 0, 1, 0, '2017-10-29 12:12:58', '2017-10-29', '2017-10-29 12:12:58', -1),
(415, 1421, 'Emily', 'Fogarty', 'fogarty', NULL, 0, NULL, NULL, NULL, 0, 0, 1, 0, '2017-10-29 12:12:58', '2017-10-29', '2017-10-29 12:12:58', -1),
(416, 1422, 'Hattie', 'Farrell', 'farrell', NULL, 0, NULL, NULL, NULL, 0, 0, 1, 0, '2017-10-29 12:12:58', '2017-10-29', '2017-10-29 12:12:58', -1),
(417, 1423, 'Amy', 'Lucey', 'lucey', NULL, 0, NULL, NULL, NULL, 0, 0, 1, 0, '2017-10-29 12:12:58', '2017-10-29', '2017-10-29 12:12:58', -1),
(418, 1424, 'Abel', 'Kooran Sunny', 'kooransunny', NULL, 0, NULL, NULL, NULL, 0, 0, 1, 0, '2017-10-29 12:12:58', '2017-10-29', '2017-10-29 12:12:58', -1),
(419, 1454, 'Cyle Rheymhel', 'Manalo', 'manalo', NULL, 0, NULL, NULL, NULL, 0, 0, 1, 0, '2017-10-29 12:12:58', '2017-10-29', '2017-10-29 12:12:58', -1),
(420, 1475, 'Dominic', 'O\'Sullivan', 'sullivan', NULL, 0, NULL, NULL, NULL, 0, 0, 1, 0, '2017-10-29 12:12:58', '2017-10-29', '2017-10-29 12:12:58', -1),
(421, 1486, 'Lucy', 'Shanahan', 'shanahan', NULL, 0, NULL, NULL, NULL, 0, 0, 1, 0, '2017-10-29 12:12:58', '2017-10-29', '2017-10-29 12:12:58', -1),
(422, 1503, 'Dylan', 'Zhai', 'zhai', NULL, 0, NULL, NULL, NULL, 0, 0, 1, 0, '2017-10-29 12:12:58', '2017-10-29', '2017-10-29 12:12:58', -1),
(423, 1524, 'Jayson', 'Breen', 'breen', NULL, 0, NULL, NULL, NULL, 0, 0, 1, 0, '2017-10-29 12:12:58', '2017-10-29', '2017-10-29 12:12:58', -1),
(424, 1585, 'Alexis', 'Davies', 'davies', NULL, 0, NULL, NULL, NULL, 0, 0, 1, 0, '2017-10-29 12:12:58', '2017-10-29', '2017-10-29 12:12:58', -1),
(425, 932, 'Stephen', 'Foley', 'foley', NULL, 0, NULL, NULL, NULL, 0, 0, 1, 0, '2017-10-29 12:12:58', '2017-10-29', '2017-10-29 12:12:58', -1),
(426, 1090, 'Liam', 'Leahy', 'leahy', NULL, 0, NULL, NULL, NULL, 0, 0, 1, 0, '2017-10-29 12:12:58', '2017-10-29', '2017-10-29 12:12:58', -1),
(427, 1104, 'Freya', 'Field', 'field', NULL, 0, NULL, NULL, NULL, 0, 0, 1, 0, '2017-10-29 12:12:58', '2017-10-29', '2017-10-29 12:12:58', -1),
(428, 1199, 'Mathilda', 'Bent', 'bent', NULL, 0, NULL, NULL, NULL, 0, 0, 1, 0, '2017-10-29 12:12:58', '2017-10-29', '2017-10-29 12:12:58', -1),
(429, 1200, 'Naomi', 'Brogan', 'brogan', NULL, 0, NULL, NULL, NULL, 0, 0, 1, 0, '2017-10-29 12:12:58', '2017-10-29', '2017-10-29 12:12:58', -1),
(430, 1207, 'Jake', 'Edgeworth', 'edgeworth', NULL, 0, NULL, NULL, NULL, 0, 0, 1, 0, '2017-10-29 12:12:58', '2017-10-29', '2017-10-29 12:12:58', -1),
(431, 1211, 'Elizabeth', 'Forbes', 'forbes', NULL, 0, NULL, NULL, NULL, 0, 0, 1, 0, '2017-10-29 12:12:58', '2017-10-29', '2017-10-29 12:12:58', -1),
(432, 1216, 'Lily', 'Hingston', 'hingston', NULL, 0, NULL, NULL, NULL, 0, 0, 1, 0, '2017-10-29 12:12:58', '2017-10-29', '2017-10-29 12:12:58', -1),
(433, 1219, 'Kate', 'Mcgowan', 'gowan', NULL, 0, NULL, NULL, NULL, 0, 0, 1, 0, '2017-10-29 12:12:58', '2017-10-29', '2017-10-29 12:12:58', -1),
(434, 1221, 'Evan', 'Mckitterick', 'kitterick', NULL, 0, NULL, NULL, NULL, 0, 0, 1, 0, '2017-10-29 12:12:58', '2017-10-29', '2017-10-29 12:12:58', -1),
(435, 1222, 'David', 'Mcquinn', 'quinn', NULL, 0, NULL, NULL, NULL, 0, 0, 1, 0, '2017-10-29 12:12:58', '2017-10-29', '2017-10-29 12:12:58', -1),
(436, 1229, 'Sarah', 'O\'Brien', 'brien', NULL, 0, NULL, NULL, NULL, 0, 0, 1, 0, '2017-10-29 12:12:58', '2017-10-29', '2017-10-29 12:12:58', -1),
(437, 1230, 'Sean', 'O\'Brien', 'brien', NULL, 0, NULL, NULL, NULL, 0, 0, 1, 0, '2017-10-29 12:12:58', '2017-10-29', '2017-10-29 12:12:58', -1),
(438, 1232, 'Melissa', 'O\'Connell', 'connell', NULL, 0, NULL, NULL, NULL, 0, 0, 1, 0, '2017-10-29 12:12:58', '2017-10-29', '2017-10-29 12:12:58', -1),
(439, 1234, 'Hugh', 'O\'Grady', 'grady', NULL, 0, NULL, NULL, NULL, 0, 0, 1, 0, '2017-10-29 12:12:58', '2017-10-29', '2017-10-29 12:12:58', -1),
(440, 1238, 'Ben', 'O\'Rafferty', 'rafferty', NULL, 0, NULL, NULL, NULL, 0, 0, 1, 0, '2017-10-29 12:12:58', '2017-10-29', '2017-10-29 12:12:58', -1),
(441, 1276, 'Olivia', 'Crane', 'crane', NULL, 0, NULL, NULL, NULL, 0, 0, 1, 0, '2017-10-29 12:12:58', '2017-10-29', '2017-10-29 12:12:58', -1),
(442, 1278, 'Rhea', 'Cullen', 'cullen', NULL, 0, NULL, NULL, NULL, 0, 0, 1, 0, '2017-10-29 12:12:58', '2017-10-29', '2017-10-29 12:12:58', -1),
(443, 1315, 'Robyn', 'Doyle', 'doyle', NULL, 0, NULL, NULL, NULL, 0, 0, 1, 0, '2017-10-29 12:12:58', '2017-10-29', '2017-10-29 12:12:58', -1),
(444, 1394, 'Joseph', 'Murphy', 'murphy', NULL, 0, NULL, NULL, NULL, 0, 0, 1, 0, '2017-10-29 12:12:58', '2017-10-29', '2017-10-29 12:12:58', -1),
(445, 1419, 'Mohammed', 'Alabdulkarim', 'alabdulkarim', NULL, 0, NULL, NULL, NULL, 0, 0, 1, 0, '2017-10-29 12:12:58', '2017-10-29', '2017-10-29 12:12:58', -1),
(446, 1425, 'Scarlett', 'Brennan', 'brennan', NULL, 0, NULL, NULL, NULL, 0, 0, 1, 0, '2017-10-29 12:12:58', '2017-10-29', '2017-10-29 12:12:58', -1),
(447, 1433, 'Oscar', 'Mulligan', 'mulligan', NULL, 0, NULL, NULL, NULL, 0, 0, 1, 0, '2017-10-29 12:12:58', '2017-10-29', '2017-10-29 12:12:58', -1),
(448, 1469, 'Daisy', 'O\'Connor', 'connor', NULL, 0, NULL, NULL, NULL, 0, 0, 1, 0, '2017-10-29 12:12:58', '2017-10-29', '2017-10-29 12:12:58', -1),
(449, 1473, 'Ciara', 'O\'Reilly', 'reilly', NULL, 0, NULL, NULL, NULL, 0, 0, 1, 0, '2017-10-29 12:12:58', '2017-10-29', '2017-10-29 12:12:58', -1),
(450, 1577, 'Aoife', 'Ni Chleirigh', 'hleirigh', NULL, 0, NULL, NULL, NULL, 0, 0, 1, 0, '2017-10-29 12:12:58', '2017-10-29', '2017-10-29 12:12:58', -1),
(451, 1804, 'Ruairi', 'Macgregor', 'gregor', NULL, 0, NULL, NULL, NULL, 0, 0, 1, 0, '2017-10-29 12:12:58', '2017-10-29', '2017-10-29 12:12:58', -1),
(452, 429, 'Natalie', 'Badin', 'badin', NULL, 0, NULL, NULL, NULL, 0, 0, 1, 0, '2017-10-29 12:12:58', '2017-10-29', '2017-10-29 12:12:58', -1),
(453, 430, 'Vincent', 'Bermingham', 'bermingham', NULL, 0, NULL, NULL, NULL, 0, 0, 1, 0, '2017-10-29 12:12:58', '2017-10-29', '2017-10-29 12:12:58', -1),
(454, 435, 'Aisling', 'Carroll', 'carroll', NULL, 0, NULL, NULL, NULL, 0, 0, 1, 0, '2017-10-29 12:12:58', '2017-10-29', '2017-10-29 12:12:58', -1),
(455, 436, 'Molly', 'Casey', 'casey', NULL, 0, NULL, NULL, NULL, 0, 0, 1, 0, '2017-10-29 12:12:58', '2017-10-29', '2017-10-29 12:12:58', -1),
(456, 438, 'Ava', 'Crowe', 'crowe', NULL, 0, NULL, NULL, NULL, 0, 0, 1, 0, '2017-10-29 12:12:58', '2017-10-29', '2017-10-29 12:12:58', -1),
(457, 441, 'Riona', 'Ferriter', 'ferriter', NULL, 0, NULL, NULL, NULL, 0, 0, 1, 0, '2017-10-29 12:12:58', '2017-10-29', '2017-10-29 12:12:58', -1),
(458, 442, 'Matthew', 'Fitzpatrick', 'fitzpatrick', NULL, 0, NULL, NULL, NULL, 0, 0, 1, 0, '2017-10-29 12:12:58', '2017-10-29', '2017-10-29 12:12:58', -1),
(459, 445, 'Oliver', 'Harte', 'harte', NULL, 0, NULL, NULL, NULL, 0, 0, 1, 0, '2017-10-29 12:12:58', '2017-10-29', '2017-10-29 12:12:58', -1),
(460, 447, 'Patrick', 'Heneghan', 'heneghan', NULL, 0, NULL, NULL, NULL, 0, 0, 1, 0, '2017-10-29 12:12:58', '2017-10-29', '2017-10-29 12:12:58', -1),
(461, 452, 'Aisling', 'Kennedy', 'kennedy', NULL, 0, NULL, NULL, NULL, 0, 0, 1, 0, '2017-10-29 12:12:58', '2017-10-29', '2017-10-29 12:12:58', -1),
(462, 454, 'Diana', 'Lenciauska', 'lenciauska', NULL, 0, NULL, NULL, NULL, 0, 0, 1, 0, '2017-10-29 12:12:58', '2017-10-29', '2017-10-29 12:12:58', -1),
(463, 455, 'Evie', 'Linnane', 'linnane', NULL, 0, NULL, NULL, NULL, 0, 0, 1, 0, '2017-10-29 12:12:58', '2017-10-29', '2017-10-29 12:12:58', -1),
(464, 457, 'Nicola', 'Little', 'little', NULL, 0, NULL, NULL, NULL, 0, 0, 1, 0, '2017-10-29 12:12:58', '2017-10-29', '2017-10-29 12:12:58', -1),
(465, 459, 'Max', 'Mason', 'mason', NULL, 0, NULL, NULL, NULL, 0, 0, 1, 0, '2017-10-29 12:12:58', '2017-10-29', '2017-10-29 12:12:58', -1),
(466, 461, 'Zoe', 'Mckeagney', 'keagney', NULL, 0, NULL, NULL, NULL, 0, 0, 1, 0, '2017-10-29 12:12:58', '2017-10-29', '2017-10-29 12:12:58', -1),
(467, 463, 'Joe', 'Memery', 'memery', NULL, 0, NULL, NULL, NULL, 0, 0, 1, 0, '2017-10-29 12:12:58', '2017-10-29', '2017-10-29 12:12:58', -1),
(468, 467, 'Catherine', 'Murray', 'murray', NULL, 0, NULL, NULL, NULL, 0, 0, 1, 0, '2017-10-29 12:12:58', '2017-10-29', '2017-10-29 12:12:58', -1),
(469, 469, 'Hayley', 'NolanBillings', 'nolanbillings', NULL, 0, NULL, NULL, NULL, 0, 0, 1, 0, '2017-10-29 12:12:58', '2017-10-29', '2017-10-29 12:12:58', -1),
(470, 470, 'Mia Noreen', 'Noone', 'noone', NULL, 0, NULL, NULL, NULL, 0, 0, 1, 0, '2017-10-29 12:12:58', '2017-10-29', '2017-10-29 12:12:58', -1),
(471, 471, 'Emilie', 'O\'Brien', 'brien', NULL, 0, NULL, NULL, NULL, 0, 0, 1, 0, '2017-10-29 12:12:58', '2017-10-29', '2017-10-29 12:12:58', -1),
(472, 473, 'Rachel', 'O\'Connor', 'connor', NULL, 0, NULL, NULL, NULL, 0, 0, 1, 0, '2017-10-29 12:12:58', '2017-10-29', '2017-10-29 12:12:58', -1),
(473, 475, 'Aisling', 'O\'Sullivan', 'sullivan', NULL, 0, NULL, NULL, NULL, 0, 0, 1, 0, '2017-10-29 12:12:58', '2017-10-29', '2017-10-29 12:12:58', -1),
(474, 477, 'Robert', 'Palmer', 'palmer', NULL, 0, NULL, NULL, NULL, 0, 0, 1, 0, '2017-10-29 12:12:58', '2017-10-29', '2017-10-29 12:12:58', -1),
(475, 479, 'Donal', 'Robson', 'robson', NULL, 0, NULL, NULL, NULL, 0, 0, 1, 0, '2017-10-29 12:12:58', '2017-10-29', '2017-10-29 12:12:58', -1),
(476, 480, 'Mia', 'Rossiter', 'rossiter', NULL, 0, NULL, NULL, NULL, 0, 0, 1, 0, '2017-10-29 12:12:58', '2017-10-29', '2017-10-29 12:12:58', -1),
(477, 484, 'Joey', 'Swan', 'swan', NULL, 0, NULL, NULL, NULL, 0, 0, 1, 0, '2017-10-29 12:12:58', '2017-10-29', '2017-10-29 12:12:58', -1),
(478, 490, 'Zeki', 'Akca', 'akca', NULL, 0, NULL, NULL, NULL, 0, 0, 1, 0, '2017-10-29 12:12:58', '2017-10-29', '2017-10-29 12:12:58', -1),
(479, 502, 'Sarah', 'Choual', 'choual', NULL, 0, NULL, NULL, NULL, 0, 0, 1, 0, '2017-10-29 12:12:58', '2017-10-29', '2017-10-29 12:12:58', -1),
(480, 1346, 'Talise', 'Boushie', 'boushie', NULL, 0, NULL, NULL, NULL, 0, 0, 1, 0, '2017-10-29 12:12:58', '2017-10-29', '2017-10-29 12:12:58', -1),
(481, 1815, 'Petrica Antonio', 'Cofa', 'cofa', NULL, 0, NULL, NULL, NULL, 0, 0, 1, 0, '2017-10-29 12:12:58', '2017-10-29', '2017-10-29 12:12:58', -1),
(482, NULL, 'Ahmed', 'Omar', 'mar', NULL, 0, NULL, '+353 86 394 2698', NULL, 0, 1, 0, 0, '2017-10-29 12:12:58', '2017-10-29', '2017-10-29 12:12:58', -1),
(483, NULL, 'Kamil', 'Akca', 'akca', NULL, 0, NULL, '+353 87 967 4304', NULL, 0, 1, 0, 0, '2017-10-29 12:12:58', NULL, '2017-10-29 12:12:58', -1),
(484, NULL, 'Fadi', 'Albadin', 'albadin', NULL, 0, NULL, '+353 85 765 0354', NULL, 0, 1, 0, 0, '2017-10-29 12:12:58', NULL, '2017-10-29 12:12:58', -1),
(485, NULL, 'Paul', 'Bermingham', 'bermingham', NULL, 0, NULL, '+353 87 742 4595', NULL, 0, 1, 0, 0, '2017-10-29 12:12:58', '2017-10-29', '2017-10-29 12:12:58', -1),
(486, NULL, 'Frank', 'Bondzio', 'bondzio', NULL, 0, NULL, '+353 89 216 6219', NULL, 0, 1, 0, 0, '2017-10-29 12:12:58', '2017-10-29', '2017-10-29 12:12:58', -1),
(487, NULL, 'Rose', 'Martin', 'martin', NULL, 0, NULL, NULL, NULL, 0, 1, 0, 0, '2017-10-29 12:12:58', '2017-10-29', '2017-10-29 12:12:58', -1),
(488, NULL, 'Karen', 'Noble', 'noble', NULL, 0, NULL, '+353 87 223 5163', NULL, 0, 1, 0, 0, '2017-10-29 12:12:58', '2017-10-29', '2017-10-29 12:12:58', -1),
(489, NULL, 'Dgizar', 'Bouhadja', 'bouhadja', NULL, 0, NULL, '+353 87 621 1597', NULL, 0, 1, 0, 0, '2017-10-29 12:12:58', '2017-10-29', '2017-10-29 12:12:58', -1),
(490, NULL, 'Lyes', 'Bouhadja', 'bouhadja', NULL, 0, NULL, '+353 89 438 8182', NULL, 0, 1, 0, 0, '2017-10-29 12:12:58', '2017-10-29', '2017-10-29 12:12:58', -1),
(491, NULL, 'Eitne', 'Greany', 'greany', NULL, 0, NULL, '+353 86 872 3035', NULL, 0, 1, 0, 0, '2017-10-29 12:12:58', '2017-10-29', '2017-10-29 12:12:58', -1),
(492, NULL, 'Pat', 'Candon', 'candon', NULL, 0, NULL, '+353 87 248 5313', NULL, 0, 1, 0, 0, '2017-10-29 12:12:58', NULL, '2017-10-29 12:12:58', -1),
(493, NULL, 'Stephen', 'Carroll', 'carroll', NULL, 0, NULL, '+353 86 805 7987', NULL, 0, 1, 0, 0, '2017-10-29 12:12:58', '2017-10-29', '2017-10-29 12:12:58', -1),
(494, NULL, 'Donal', 'Casey', 'casey', NULL, 0, NULL, '+353 87 669 5314', NULL, 0, 1, 0, 0, '2017-10-29 12:12:58', NULL, '2017-10-29 12:12:58', -1),
(495, NULL, 'Eoghan', 'Comerford', 'comerford', NULL, 0, NULL, '+353 87 683 7426', NULL, 0, 1, 0, 0, '2017-10-29 12:12:58', NULL, '2017-10-29 12:12:58', -1),
(496, NULL, 'Tomas', 'Crowe', 'crowe', NULL, 0, NULL, '+353 87 224 9809', NULL, 0, 1, 0, 0, '2017-10-29 12:12:58', NULL, '2017-10-29 12:12:58', -1),
(497, NULL, 'Gordon', 'Gray', 'gray', NULL, 0, NULL, '+353 85 141 0315', NULL, 0, 1, 0, 0, '2017-10-29 12:12:58', '2017-10-29', '2017-10-29 12:12:58', -1),
(498, NULL, 'Derek', 'Dunne', 'dunne', NULL, 0, NULL, '+353 87 179 1159', NULL, 0, 1, 0, 0, '2017-10-29 12:12:58', NULL, '2017-10-29 12:12:58', -1),
(499, NULL, 'Diarmuid', 'Ferriter', 'ferriter', NULL, 0, NULL, '+353 86 822 4060', NULL, 0, 1, 0, 0, '2017-10-29 12:12:58', NULL, '2017-10-29 12:12:58', -1),
(500, NULL, 'Tom', 'Fitzpatrick', 'fitzpatrick', NULL, 0, NULL, '+353 86 817 1721', NULL, 0, 1, 0, 0, '2017-10-29 12:12:58', NULL, '2017-10-29 12:12:58', -1),
(501, NULL, 'Mark', 'Forbes', 'forbes', NULL, 0, NULL, '+353 87 234 9062', NULL, 0, 1, 0, 0, '2017-10-29 12:12:58', NULL, '2017-10-29 12:12:58', -1),
(502, NULL, 'Adrian', 'Gallagher', 'gallagher', NULL, 0, NULL, '+353 86 830 0766', NULL, 0, 1, 0, 0, '2017-10-29 12:12:58', NULL, '2017-10-29 12:12:58', -1),
(503, NULL, 'Alan', 'Harte', 'harte', NULL, 0, NULL, '+353 87 231 7677', NULL, 0, 1, 0, 0, '2017-10-29 12:12:58', NULL, '2017-10-29 12:12:58', -1),
(504, NULL, 'Liam', 'Heneghan', 'heneghan', NULL, 0, NULL, '+353 87 250 7756', NULL, 0, 1, 0, 0, '2017-10-29 12:12:58', NULL, '2017-10-29 12:12:58', -1),
(505, NULL, 'Uzma', 'Kashif', 'kashif', NULL, 0, NULL, '+353 89 954 1883', NULL, 0, 1, 0, 0, '2017-10-29 12:12:58', NULL, '2017-10-29 12:12:58', -1),
(506, NULL, 'Declan', 'Kennedy', 'kennedy', NULL, 0, NULL, '+353 87 614 6978', NULL, 0, 1, 0, 0, '2017-10-29 12:12:58', NULL, '2017-10-29 12:12:58', -1),
(507, NULL, 'Paul', 'Lehane', 'lehane', NULL, 0, NULL, '+353 87 227 1073', NULL, 0, 1, 0, 0, '2017-10-29 12:12:58', NULL, '2017-10-29 12:12:58', -1),
(508, NULL, 'Donatas', 'Lenciauska', 'lenciauska', NULL, 0, NULL, '+353 86 238 4614', NULL, 0, 1, 0, 0, '2017-10-29 12:12:58', '2017-10-29', '2017-10-29 12:12:58', -1),
(509, NULL, 'David', 'Linnane', 'linnane', NULL, 0, NULL, '+353 86 164 8289', 'dlinnane@primark.ie', 0, 1, 0, 0, '2017-10-29 12:12:58', NULL, '2017-10-29 12:12:58', -1),
(510, NULL, 'Philip', 'Little', 'little', NULL, 0, NULL, '+353 86 346 1216', NULL, 0, 1, 0, 0, '2017-10-29 12:12:58', '2017-10-29', '2017-10-29 12:12:58', -1),
(511, NULL, 'Sean', 'Mason', 'mason', NULL, 0, NULL, '+353 86 254 0576', NULL, 0, 1, 0, 0, '2017-10-29 12:12:58', '2017-10-29', '2017-10-29 12:12:58', -1),
(512, NULL, 'Francis', 'Mckeagney', 'keagney', NULL, 0, NULL, '+353 87 740 0671', NULL, 0, 1, 0, 0, '2017-10-29 12:12:58', '2017-10-29', '2017-10-29 12:12:58', -1),
(513, NULL, 'Tony', 'Mcmahon', 'mahon', NULL, 0, NULL, '+353 86 205 2509', NULL, 0, 1, 0, 0, '2017-10-29 12:12:58', NULL, '2017-10-29 12:12:58', -1),
(514, NULL, 'John', 'Memery', 'memery', NULL, 0, NULL, '+353 87 969 4097', NULL, 0, 1, 0, 0, '2017-10-29 12:12:58', '2017-10-29', '2017-10-29 12:12:58', -1),
(515, NULL, 'David', 'Moran', 'moran', NULL, 0, NULL, '+353 86 179 3161', NULL, 0, 1, 0, 0, '2017-10-29 12:12:58', '2017-10-29', '2017-10-29 12:12:58', -1),
(516, NULL, 'David', 'Morrissey', 'morrissey', NULL, 0, NULL, '+353 87 262 5912', NULL, 0, 1, 0, 0, '2017-10-29 12:12:58', '2017-10-29', '2017-10-29 12:12:58', -1),
(517, NULL, 'Glen', 'Murphy', 'murphy', NULL, 0, NULL, '+353 86 662 6146', NULL, 0, 1, 0, 0, '2017-10-29 12:12:58', '2017-10-29', '2017-10-29 12:12:58', -1),
(518, NULL, 'Donncha', 'Murray', 'murray', NULL, 0, NULL, '+353 86 886 6103', NULL, 0, 1, 0, 0, '2017-10-29 12:12:58', '2017-10-29', '2017-10-29 12:12:58', -1),
(519, NULL, 'Gerard', 'Nangle', 'nangle', NULL, 0, NULL, '+353 87 696 4440', NULL, 0, 1, 0, 0, '2017-10-29 12:12:58', '2017-10-29', '2017-10-29 12:12:58', -1),
(520, NULL, 'Ralph', 'Billings', 'billings', NULL, 0, NULL, '+353 86 774 3218', NULL, 0, 1, 0, 0, '2017-10-29 12:12:58', '2017-10-29', '2017-10-29 12:12:58', -1),
(521, NULL, 'Thomas', 'Noone', 'noone', NULL, 0, NULL, '+353 86 824 3629', NULL, 0, 1, 0, 0, '2017-10-29 12:12:58', NULL, '2017-10-29 12:12:58', -1),
(522, NULL, 'Brian', 'O\'Brien', 'brien', NULL, 0, NULL, '+353 87 263 1901', NULL, 0, 1, 0, 0, '2017-10-29 12:12:58', NULL, '2017-10-29 12:12:58', -1),
(523, NULL, 'Karl', 'O\'Connor', 'connor', NULL, 0, NULL, '+353 86 249 1877', NULL, 0, 1, 0, 0, '2017-10-29 12:12:58', '2017-10-29', '2017-10-29 12:12:58', -1),
(524, NULL, 'Peter', 'O\'Grady', 'grady', NULL, 0, NULL, '+353 86 813 2188', NULL, 0, 1, 0, 0, '2017-10-29 12:12:58', NULL, '2017-10-29 12:12:58', -1),
(525, NULL, 'Philip', 'O\'Sullivan', 'sullivan', NULL, 0, NULL, '+353 87 235 7386', NULL, 0, 1, 0, 0, '2017-10-29 12:12:58', '2017-10-29', '2017-10-29 12:12:58', -1),
(526, NULL, 'Isabelle', 'Ouamer', 'uamer', NULL, 0, NULL, '+353 86 875 7330', 'ouameramar@gmail.com', 0, 1, 0, 0, '2017-10-29 12:12:58', NULL, '2017-10-29 12:12:59', -1),
(527, NULL, 'Gary', 'Palmer', 'palmer', NULL, 0, NULL, '+353 86 249 4513', 'gary@gpc.ie', 0, 1, 0, 0, '2017-10-29 12:12:58', '2017-10-29', '2017-10-29 12:12:58', -1),
(528, NULL, 'Audrey', 'Power', 'power', NULL, 0, NULL, '+353 86 254 0254', NULL, 0, 1, 0, 0, '2017-10-29 12:12:58', '2017-10-29', '2017-10-29 12:12:58', -1),
(529, NULL, 'Audr', 'Palmer', 'palmer', NULL, 0, NULL, NULL, NULL, 0, 1, 0, 0, '2017-10-29 12:12:58', '2017-10-29', '2017-10-29 12:12:58', -1),
(530, NULL, 'Aud', 'Palmer', 'palmer', NULL, 0, NULL, NULL, NULL, 0, 1, 0, 0, '2017-10-29 12:12:58', '2017-10-29', '2017-10-29 12:12:58', -1),
(531, NULL, 'Michael', 'Robson', 'robson', NULL, 0, NULL, '+353 87 635 6123', NULL, 0, 1, 0, 0, '2017-10-29 12:12:58', '2017-10-29', '2017-10-29 12:12:58', -1),
(532, NULL, 'David', 'Rossiter', 'rossiter', NULL, 0, NULL, '+353 87 212 5081', NULL, 0, 1, 0, 0, '2017-10-29 12:12:58', '2017-10-29', '2017-10-29 12:12:58', -1),
(533, NULL, 'John', 'Sayers', 'sayers', NULL, 0, NULL, '+353 86 838 0691', NULL, 0, 1, 0, 0, '2017-10-29 12:12:58', NULL, '2017-10-29 12:12:58', -1),
(534, NULL, 'Ciaran', 'Giles', 'giles', NULL, 0, NULL, '+353 87 244 8370', NULL, 0, 1, 0, 0, '2017-10-29 12:12:58', '2017-10-29', '2017-10-29 12:12:58', -1),
(535, NULL, 'Darren', 'Ducote', 'ducote', NULL, 0, NULL, '+353 85 109 1910', NULL, 0, 1, 0, 0, '2017-10-29 12:12:58', NULL, '2017-10-29 12:12:58', -1),
(536, NULL, 'Paddy', 'Swan', 'swan', NULL, 0, NULL, '+353 86 257 0354', NULL, 0, 1, 0, 0, '2017-10-29 12:12:58', '2017-10-29', '2017-10-29 12:12:58', -1),
(537, NULL, 'Alex', 'Waldron', 'waldron', NULL, 0, NULL, '+353 86 074 4684', NULL, 0, 1, 0, 0, '2017-10-29 12:12:58', NULL, '2017-10-29 12:12:59', -1),
(538, NULL, 'David', 'Kennedy', 'kennedy', NULL, 0, NULL, '+353 86 230 1711', NULL, 0, 1, 0, 0, '2017-10-29 12:12:58', '2017-10-29', '2017-10-29 12:12:58', -1),
(539, NULL, 'Cathal', 'Walsh', 'walsh', NULL, 0, NULL, '+353 87 233 5006', NULL, 0, 1, 0, 0, '2017-10-29 12:12:58', '2017-10-29', '2017-10-29 12:12:58', -1),
(540, NULL, 'Simon', 'Murray', 'murray', NULL, 0, NULL, '+353 87 628 6495', NULL, 0, 1, 0, 0, '2017-10-29 12:12:58', NULL, '2017-10-29 12:12:58', -1),
(541, NULL, 'Rachida', 'Choual', 'choual', NULL, 0, NULL, '+353 87 626 1462', NULL, 0, 1, 0, 0, '2017-10-29 12:12:58', NULL, '2017-10-29 12:12:58', -1),
(542, NULL, 'Mike', 'Brosnan', 'brosnan', NULL, 0, NULL, '+353 87 954 6786', NULL, 0, 1, 0, 0, '2017-10-29 12:12:58', '2017-10-29', '2017-10-29 12:12:58', -1),
(543, NULL, 'Robert', 'Mc Conkey', 'conkey', NULL, 0, NULL, '+353 87 260 5340', NULL, 0, 1, 0, 0, '2017-10-29 12:12:58', '2017-10-29', '2017-10-29 12:12:58', -1),
(544, NULL, 'Neil', 'Frankish', 'frankish', NULL, 0, NULL, '+353 87 826 2891', 'frankishneil@gmail.com', 0, 1, 0, 0, '2017-10-29 12:12:58', '2017-10-29', '2017-10-29 12:12:58', -1),
(545, NULL, 'Rene', 'Ledesma', 'ledesma', NULL, 0, NULL, '+353 87 149 2007', NULL, 0, 1, 0, 0, '2017-10-29 12:12:58', '2017-10-29', '2017-10-29 12:12:58', -1),
(546, NULL, 'Kevin', 'Clarke', 'clarke', NULL, 0, NULL, '+353 87 290 7611', 'kevin@clarke.ie', 0, 1, 0, 0, '2017-10-29 12:12:58', NULL, '2017-10-29 12:12:58', -1),
(547, NULL, 'Nigel', 'Murphy', 'murphy', NULL, 0, NULL, '+353 86 260 8996', NULL, 0, 1, 0, 0, '2017-10-29 12:12:58', '2017-10-29', '2017-10-29 12:12:58', -1),
(548, NULL, 'Frank', 'Sharpe', 'sharpe', NULL, 0, NULL, '+353 86 314 9484', NULL, 0, 1, 0, 0, '2017-10-29 12:12:58', '2017-10-29', '2017-10-29 12:12:58', -1),
(549, NULL, 'Vincent', 'Peters', 'peters', NULL, 0, NULL, '+353 87 744 3323', NULL, 0, 1, 0, 0, '2017-10-29 12:12:58', NULL, '2017-10-29 12:12:58', -1),
(550, NULL, 'Juan', 'Nogues', 'nogues', NULL, 0, NULL, '+353 87 135 3965', NULL, 0, 1, 0, 0, '2017-10-29 12:12:58', '2017-10-29', '2017-10-29 12:12:58', -1),
(551, NULL, 'Liam', 'Gamble', 'gamble', NULL, 0, NULL, '+353 87 982 2412', NULL, 0, 1, 0, 0, '2017-10-29 12:12:58', NULL, '2017-10-29 12:12:58', -1),
(552, NULL, 'Colm', 'Lowney', 'lowney', NULL, 0, NULL, '+353 86 390 2889', NULL, 0, 1, 0, 0, '2017-10-29 12:12:58', '2017-10-29', '2017-10-29 12:12:58', -1),
(553, NULL, 'Samir Deceased', 'Saadoune', 'saadoune', NULL, 0, NULL, NULL, NULL, 0, 1, 0, 0, '2017-10-29 12:12:58', '2017-10-29', '2017-10-29 12:12:58', -1),
(554, NULL, 'Jonathan', 'Ross', 'ross', NULL, 0, NULL, '+353 86 721 1188', NULL, 0, 1, 0, 0, '2017-10-29 12:12:58', NULL, '2017-10-29 12:12:58', -1),
(555, NULL, 'Max', 'Greenwood', 'greenwood', NULL, 0, NULL, '+353 87 906 7981', NULL, 0, 1, 0, 0, '2017-10-29 12:12:58', NULL, '2017-10-29 12:12:58', -1),
(556, NULL, 'Patrick', 'Phelan', 'phelan', NULL, 0, NULL, '+353 87 960 6597', 'pphelan@gmail.com', 0, 1, 0, 0, '2017-10-29 12:12:58', NULL, '2017-10-29 12:12:58', -1),
(557, NULL, 'Jacqueline', 'Duffy', 'duffy', NULL, 0, NULL, NULL, NULL, 0, 1, 0, 0, '2017-10-29 12:12:58', '2017-10-29', '2017-10-29 12:12:58', -1),
(558, NULL, 'David', 'Boland', 'boland', NULL, 0, NULL, '+353 86 350 2215', NULL, 0, 1, 0, 0, '2017-10-29 12:12:58', '2017-10-29', '2017-10-29 12:12:58', -1),
(559, NULL, 'Mairin', 'Boland', 'boland', NULL, 0, NULL, '+353 86 781 0381', NULL, 0, 1, 0, 0, '2017-10-29 12:12:58', '2017-10-29', '2017-10-29 12:12:58', -1),
(560, NULL, 'Clive', 'Ryan', 'ryan', NULL, 0, NULL, '+353 85 174 5281', NULL, 0, 1, 0, 0, '2017-10-29 12:12:58', '2017-10-29', '2017-10-29 12:12:58', -1),
(561, NULL, 'Alan', 'Sorohan', 'sorohan', NULL, 0, NULL, '+353 86 386 3027', NULL, 0, 1, 0, 0, '2017-10-29 12:12:58', NULL, '2017-10-29 12:12:58', -1),
(562, NULL, 'Karl', 'Manning', 'manning', NULL, 0, NULL, '+353 86 601 9288', NULL, 0, 1, 0, 0, '2017-10-29 12:12:58', NULL, '2017-10-29 12:12:58', -1),
(563, NULL, 'Petronica', 'De Jesus', 'dejesus', NULL, 0, NULL, '+353 83 122 0032', NULL, 0, 1, 0, 0, '2017-10-29 12:12:58', '2017-10-29', '2017-10-29 12:12:58', -1),
(564, NULL, 'X', 'De Jesus', 'dejesus', NULL, 0, NULL, '+353 87 673 8412', NULL, 0, 1, 0, 0, '2017-10-29 12:12:58', '2017-10-29', '2017-10-29 12:12:58', -1),
(565, NULL, 'Darren', 'O\'Brien', 'brien', NULL, 0, NULL, '+353 86 895 8752', NULL, 0, 1, 0, 0, '2017-10-29 12:12:58', '2017-10-29', '2017-10-29 12:12:58', -1),
(566, NULL, 'David', 'Hewson', 'hewson', NULL, 0, NULL, '+353 86 805 8214', NULL, 0, 1, 0, 0, '2017-10-29 12:12:58', NULL, '2017-10-29 12:12:58', -1),
(567, NULL, 'Alan', 'Swan', 'swan', NULL, 0, NULL, '+353 85 830 2328', NULL, 0, 1, 0, 0, '2017-10-29 12:12:58', '2017-10-29', '2017-10-29 12:12:58', -1),
(568, NULL, 'Alex', 'Mcdonnell', 'donnell', NULL, 0, NULL, '+353 87 652 2931', NULL, 0, 1, 0, 0, '2017-10-29 12:12:58', '2017-10-29', '2017-10-29 12:12:58', -1),
(569, NULL, 'Peter', 'Birch', 'birch', NULL, 0, NULL, '+353 89 422 2222', 'peterbirchkk@gmail.com', 0, 1, 0, 0, '2017-10-29 12:12:58', NULL, '2017-10-29 12:12:58', -1),
(570, NULL, 'Frederic', 'Marie', 'marie', NULL, 0, NULL, '+353 87 620 4826', NULL, 0, 1, 0, 0, '2017-10-29 12:12:58', NULL, '2017-10-29 12:12:58', -1),
(571, NULL, 'Emmet', 'Farrell', 'farrell', NULL, 0, NULL, '+353 87 251 7581', NULL, 0, 1, 0, 0, '2017-10-29 12:12:58', NULL, '2017-10-29 12:12:58', -1),
(572, NULL, 'Maciej', 'Duma', 'duma', NULL, 0, NULL, '+353 87 745 4251', NULL, 0, 1, 0, 0, '2017-10-29 12:12:58', '2017-10-29', '2017-10-29 12:12:58', -1),
(573, NULL, 'Justin', 'Foley', 'foley', NULL, 0, NULL, '+353 87 276 7402', NULL, 0, 1, 0, 0, '2017-10-29 12:12:58', '2017-10-29', '2017-10-29 12:12:58', -1),
(574, NULL, 'Padraic', 'O\'Rafferty', 'rafferty', NULL, 0, NULL, '+353 87 826 4750', 'aisling.mellon@sannegroup.com', 0, 1, 0, 0, '2017-10-29 12:12:58', NULL, '2017-10-29 12:12:58', -1),
(575, NULL, 'Rogulio', 'Porlucas', 'porlucas', NULL, 0, NULL, '+353 87 251 7697', NULL, 0, 1, 0, 0, '2017-10-29 12:12:58', '2017-10-29', '2017-10-29 12:12:58', -1),
(576, NULL, 'Adrienne', 'Dowling', 'dowling', NULL, 0, NULL, '+353 86 366 1384', NULL, 0, 1, 0, 0, '2017-10-29 12:12:58', '2017-10-29', '2017-10-29 12:12:58', -1),
(577, NULL, 'Sunny', 'Kooran', 'kooran', NULL, 0, NULL, '+353 87 761 4087', NULL, 0, 1, 0, 0, '2017-10-29 12:12:58', NULL, '2017-10-29 12:12:58', -1),
(578, NULL, 'Bienvenido', 'Perocho', 'perocho', NULL, 0, NULL, '+353 87 354 3016', NULL, 0, 1, 0, 0, '2017-10-29 12:12:58', '2017-10-29', '2017-10-29 12:12:58', -1),
(579, NULL, 'Padraig', 'Dunne', 'dunne', NULL, 0, NULL, '+353 87 227 7461', 'padraig.dunne@ucd.ie', 0, 1, 0, 0, '2017-10-29 12:12:58', '2017-10-29', '2017-10-29 12:12:58', -1),
(580, NULL, 'Anthony', 'Collins', 'collins', NULL, 0, NULL, '+353 86 608 6798', 'anthony_collins@yahoo.com', 0, 1, 0, 0, '2017-10-29 12:12:58', NULL, '2017-10-29 12:12:58', -1),
(581, NULL, 'Tommy', 'Hogan', 'hogan', NULL, 0, NULL, '+353 87 654 4614', NULL, 0, 1, 0, 0, '2017-10-29 12:12:58', '2017-10-29', '2017-10-29 12:12:58', -1),
(582, NULL, 'Didier', 'Richaud', 'richaud', NULL, 0, NULL, '+353 87 690 9348', NULL, 0, 1, 0, 0, '2017-10-29 12:12:58', NULL, '2017-10-29 12:12:58', -1),
(583, NULL, 'Alex', 'Burke', 'burke', NULL, 0, NULL, NULL, NULL, 0, 1, 0, 0, '2017-10-29 12:12:58', '2017-10-29', '2017-10-29 12:12:58', -1),
(584, NULL, 'Deirdre', 'Mcloughlin', 'loughlin', NULL, 0, NULL, '+353 87 359 7303', NULL, 0, 1, 0, 0, '2017-10-29 12:12:58', '2017-10-29', '2017-10-29 12:12:58', -1),
(585, NULL, 'Frank', 'Ennis', 'ennis', NULL, 0, NULL, '+353 86 257 7909', NULL, 0, 1, 0, 0, '2017-10-29 12:12:58', '2017-10-29', '2017-10-29 12:12:58', -1),
(586, NULL, 'Dawn', 'Kinsella', 'kinsella', NULL, 0, NULL, '+353 86 234 2480', NULL, 0, 1, 0, 0, '2017-10-29 12:12:58', '2017-10-29', '2017-10-29 12:12:58', -1),
(587, NULL, 'Belkacem', 'Belfedhal', 'belfedhal', NULL, 0, NULL, '+353 87 295 3959', NULL, 0, 1, 0, 0, '2017-10-29 12:12:58', '2017-10-29', '2017-10-29 12:12:58', -1),
(588, NULL, 'Gordon', 'Bent', 'bent', NULL, 0, NULL, '+353 86 396 3391', NULL, 0, 1, 0, 0, '2017-10-29 12:12:58', NULL, '2017-10-29 12:12:58', -1),
(589, NULL, 'Maryrose', 'Byrne', 'byrne', NULL, 0, NULL, '+353 86 385 9059', 'eamonnbyrne@hotmail.com', 0, 1, 0, 0, '2017-10-29 12:12:58', NULL, '2017-10-29 12:12:59', -1),
(590, NULL, 'James', 'Clarke', 'clarke', NULL, 0, NULL, '+353 87 281 9043', NULL, 0, 1, 0, 0, '2017-10-29 12:12:58', NULL, '2017-10-29 12:12:58', -1),
(591, NULL, 'Ken', 'Clarke', 'clarke', NULL, 0, NULL, '+353 87 967 5222', NULL, 0, 1, 0, 0, '2017-10-29 12:12:58', '2017-10-29', '2017-10-29 12:12:58', -1),
(592, NULL, 'Janice', 'Coughlan', 'coughlan', NULL, 0, NULL, '+353 86 360 2753', 'oakview92@eircom.net', 0, 1, 0, 0, '2017-10-29 12:12:58', NULL, '2017-10-29 12:12:59', -1),
(593, NULL, 'Jan', 'De Chaumont', 'dechaumont', NULL, 0, NULL, '+353 87 223 5201', NULL, 0, 1, 0, 0, '2017-10-29 12:12:58', '2017-10-29', '2017-10-29 12:12:58', -1),
(594, NULL, 'Patrick', 'Mcgrath', 'grath', NULL, 0, NULL, '+353 87 204 0528', NULL, 0, 1, 0, 0, '2017-10-29 12:12:58', '2017-10-29', '2017-10-29 12:12:58', -1),
(595, NULL, 'Tom', 'Doran', 'doran', NULL, 0, NULL, '+353 86 828 8296', NULL, 0, 1, 0, 0, '2017-10-29 12:12:58', '2017-10-29', '2017-10-29 12:12:58', -1),
(596, NULL, 'Andrew', 'Doyle', 'doyle', NULL, 0, NULL, '+353 89 486 2076', NULL, 0, 1, 0, 0, '2017-10-29 12:12:58', NULL, '2017-10-29 12:12:58', -1),
(597, NULL, 'Mohammed', 'Duadu', 'duadu', NULL, 0, NULL, '+353 87 195 5196', NULL, 0, 1, 0, 0, '2017-10-29 12:12:58', '2017-10-29', '2017-10-29 12:12:58', -1),
(598, NULL, 'Ronan', 'Furlong', 'furlong', NULL, 0, NULL, '+353 86 605 9597', NULL, 0, 1, 0, 0, '2017-10-29 12:12:58', '2017-10-29', '2017-10-29 12:12:58', -1),
(599, NULL, 'Tomas', 'Gavalier', 'gavalier', NULL, 0, NULL, '+353 85 730 5742', 'gawo25@gmail.com', 0, 1, 0, 0, '2017-10-29 12:12:58', NULL, '2017-10-29 12:12:58', -1),
(600, NULL, 'Seamus', 'Griffin', 'griffin', NULL, 0, NULL, '+353 86 251 1140', NULL, 0, 1, 0, 0, '2017-10-29 12:12:58', NULL, '2017-10-29 12:12:58', -1),
(601, NULL, 'Tommy', 'Hannafin', 'hannafin', NULL, 0, NULL, '+353 87 655 4503', 'tommyhannafin@centralbank.ie', 0, 1, 0, 0, '2017-10-29 12:12:58', '2017-10-29', '2017-10-29 12:12:58', -1),
(602, NULL, 'Eanna', 'Lalor', 'lalor', NULL, 0, NULL, '+353 86 600 0193', NULL, 0, 1, 0, 0, '2017-10-29 12:12:58', '2017-10-29', '2017-10-29 12:12:58', -1),
(603, NULL, 'Hugh', 'Linehan', 'linehan', NULL, 0, NULL, '+353 86 603 7696', NULL, 0, 1, 0, 0, '2017-10-29 12:12:58', NULL, '2017-10-29 12:12:59', -1),
(604, NULL, 'Alexandru', 'Mardan', 'mardan', NULL, 0, NULL, '+353 86 817 8270', NULL, 0, 1, 0, 0, '2017-10-29 12:12:58', '2017-10-29', '2017-10-29 12:12:58', -1),
(605, NULL, 'Barry', 'Mcenroe', 'enroe', NULL, 0, NULL, '+353 86 827 2510', NULL, 0, 1, 0, 0, '2017-10-29 12:12:58', NULL, '2017-10-29 12:12:58', -1),
(606, NULL, 'Adrian', 'Mcgreevy', 'greevy', NULL, 0, NULL, '+353 87 647 6151', NULL, 0, 1, 0, 0, '2017-10-29 12:12:58', NULL, '2017-10-29 12:12:58', -1),
(607, NULL, 'Colm', 'Mckillen', 'killen', NULL, 0, NULL, '+353 85 811 6444', 'colmmckillen@gmail.com', 0, 1, 0, 0, '2017-10-29 12:12:58', '2017-10-29', '2017-10-29 12:12:58', -1),
(608, NULL, 'Conor', 'Mcguinness', 'guinness', NULL, 0, NULL, '+353 86 774 2002', 'mcguinness63@gmail.com', 0, 1, 0, 0, '2017-10-29 12:12:58', NULL, '2017-10-29 12:12:59', -1),
(609, NULL, 'Kieran', 'Mcquinn', 'quinn', NULL, 0, NULL, '+353 87 797 7349', NULL, 0, 1, 0, 0, '2017-10-29 12:12:58', NULL, '2017-10-29 12:12:58', -1),
(610, NULL, 'Colin', 'Muldoon', 'muldoon', NULL, 0, NULL, '+353 87 289 0728', 'colclonskea@gmail.com', 0, 1, 0, 0, '2017-10-29 12:12:58', NULL, '2017-10-29 12:12:59', -1),
(611, NULL, 'Noreen', 'Maguire', 'maguire', NULL, 0, NULL, NULL, 'noreen@maguiremuldoon.ie', 0, 1, 0, 0, '2017-10-29 12:12:58', NULL, '2017-10-29 12:12:59', -1),
(612, NULL, 'Joseph', 'Nolan', 'nolan', NULL, 0, NULL, '+353 86 043 4851', NULL, 0, 1, 0, 0, '2017-10-29 12:12:58', '2017-10-29', '2017-10-29 12:12:58', -1),
(613, NULL, 'David', 'O\'Loughlin', 'loughlin', NULL, 0, NULL, '+353 87 955 8827', NULL, 0, 1, 0, 0, '2017-10-29 12:12:58', NULL, '2017-10-29 12:12:58', -1),
(614, NULL, 'Tony', 'Quinlan', 'quinlan', NULL, 0, NULL, '+353 86 811 6044', NULL, 0, 1, 0, 0, '2017-10-29 12:12:58', '2017-10-29', '2017-10-29 12:12:58', -1),
(615, NULL, 'Rodel', 'Rodriguez', 'rodriguez', NULL, 0, NULL, '+353 86 605 2834', NULL, 0, 1, 0, 0, '2017-10-29 12:12:58', '2017-10-29', '2017-10-29 12:12:58', -1),
(616, NULL, 'Gilles', 'Roy', 'roy', NULL, 0, NULL, '+353 87 920 9571', NULL, 0, 1, 0, 0, '2017-10-29 12:12:58', NULL, '2017-10-29 12:12:58', -1),
(617, NULL, 'Samir Deceased', 'Saadoune', 'saadoune', NULL, 0, NULL, NULL, NULL, 0, 1, 0, 0, '2017-10-29 12:12:58', '2017-10-29', '2017-10-29 12:12:58', -1),
(618, NULL, 'Donal', 'Buggy', 'buggy', NULL, 0, NULL, '+353 86 823 1116', NULL, 0, 1, 0, 0, '2017-10-29 12:12:58', NULL, '2017-10-29 12:12:58', -1),
(619, NULL, 'Paul', 'Crawley', 'crawley', NULL, 0, NULL, '+353 87 992 8236', NULL, 0, 1, 0, 0, '2017-10-29 12:12:58', NULL, '2017-10-29 12:12:58', -1),
(620, NULL, 'Hugh', 'Mcgauran', 'gauran', NULL, 0, NULL, '+353 87 221 1400', NULL, 0, 1, 0, 0, '2017-10-29 12:12:58', NULL, '2017-10-29 12:12:58', -1),
(621, NULL, 'Michael', 'Clancy', 'clancy', NULL, 0, NULL, '+353 87 826 4301', NULL, 0, 1, 0, 0, '2017-10-29 12:12:58', '2017-10-29', '2017-10-29 12:12:58', -1),
(622, NULL, 'Ronan', 'Boylan', 'boylan', NULL, 0, NULL, '+353 87 918 5814', NULL, 0, 1, 0, 0, '2017-10-29 12:12:58', '2017-10-29', '2017-10-29 12:12:58', -1),
(623, NULL, 'Sinead', 'Murphy', 'murphy', NULL, 0, NULL, '+353 86 250 4959', 'leemurphy@algoodbody.com', 0, 1, 0, 0, '2017-10-29 12:12:58', NULL, '2017-10-29 12:12:59', -1),
(624, NULL, 'Warda', 'Medbou', 'medbou', NULL, 0, NULL, '+353 87 608 7432', NULL, 0, 1, 0, 0, '2017-10-29 12:12:58', '2017-10-29', '2017-10-29 12:12:58', -1),
(625, NULL, 'Paul', 'Cavey', 'cavey', NULL, 0, NULL, '+353 87 694 9071', NULL, 0, 1, 0, 0, '2017-10-29 12:12:58', '2017-10-29', '2017-10-29 12:12:58', -1),
(626, NULL, 'Brian', 'Nolan', 'nolan', NULL, 0, NULL, NULL, NULL, 0, 1, 0, 0, '2017-10-29 12:12:58', '2017-10-29', '2017-10-29 12:12:58', -1),
(627, NULL, 'Ann', 'Kilmartin', 'kilmartin', NULL, 0, NULL, '+353 87 265 8292', 'ann.kilmartin@hotmail.com', 0, 1, 0, 0, '2017-10-29 12:12:58', '2017-10-29', '2017-10-29 12:12:58', -1),
(628, NULL, 'Anthony', 'O\'Hare', 'hare', NULL, 0, NULL, '+353 87 609 7451', 'anthonyohare.can@gmail.com', 0, 1, 0, 0, '2017-10-29 12:12:58', '2017-10-29', '2017-10-29 12:12:58', -1),
(629, NULL, 'Gearoid', 'Cleere', 'cleere', NULL, 0, NULL, NULL, 'lyonssallya@gmail.com', 0, 1, 0, 0, '2017-10-29 12:12:58', NULL, '2017-10-29 12:12:59', -1),
(630, NULL, 'Alnour', 'Eltayib', 'eltayib', NULL, 0, NULL, '+353 85 765 0370', NULL, 0, 1, 0, 0, '2017-10-29 12:12:58', '2017-10-29', '2017-10-29 12:12:58', -1),
(631, NULL, 'Jason', 'Fitzpatrick', 'fitzpatrick', NULL, 0, NULL, '+353 85 110 0600', NULL, 0, 1, 0, 0, '2017-10-29 12:12:58', '2017-10-29', '2017-10-29 12:12:58', -1),
(632, NULL, 'Liam', 'Griffith', 'griffith', NULL, 0, NULL, '+353 86 783 5881', NULL, 0, 1, 0, 0, '2017-10-29 12:12:58', '2017-10-29', '2017-10-29 12:12:58', -1),
(633, NULL, 'Dylan', 'Horrigan', 'horrigan', NULL, 0, NULL, '+353 87 987 1963', NULL, 0, 1, 0, 0, '2017-10-29 12:12:58', NULL, '2017-10-29 12:12:59', -1),
(634, NULL, 'Gary', 'Nicholas', 'olas', NULL, 0, NULL, '+353 86 777 5240', NULL, 0, 1, 0, 0, '2017-10-29 12:12:58', NULL, '2017-10-29 12:12:58', -1),
(635, NULL, 'Paul', 'Mcgearty', 'gearty', NULL, 0, NULL, '+353 89 450 3088', NULL, 0, 1, 0, 0, '2017-10-29 12:12:58', '2017-10-29', '2017-10-29 12:12:58', -1),
(636, NULL, 'X', 'O\'Connell', 'connell', NULL, 0, NULL, '+353 87 254 6006', NULL, 0, 1, 0, 0, '2017-10-29 12:12:58', NULL, '2017-10-29 12:12:58', -1),
(637, NULL, 'Brian', 'Whelan', 'whelan', NULL, 0, NULL, '+353 87 923 8879', 'brian@sense.ie', 0, 1, 0, 0, '2017-10-29 12:12:58', '2017-10-29', '2017-10-29 12:12:58', -1),
(638, NULL, 'Paul', 'Thomson', 'thomson', NULL, 0, NULL, '+353 86 408 3042', NULL, 0, 1, 0, 0, '2017-10-29 12:12:58', NULL, '2017-10-29 12:12:58', -1),
(639, NULL, 'John', 'O\'Carroll', 'carroll', NULL, 0, NULL, '+353 86 795 4371', NULL, 0, 1, 0, 0, '2017-10-29 12:12:58', NULL, '2017-10-29 12:12:58', -1),
(640, NULL, 'Colm', 'Mcnulty', 'nulty', NULL, 0, NULL, '+353 87 286 7005', NULL, 0, 1, 0, 0, '2017-10-29 12:12:58', NULL, '2017-10-29 12:12:59', -1),
(641, NULL, 'Diarmuid', 'Mcauliffe', 'auliffe', NULL, 0, NULL, '+353 86 387 9599', 'bairbre2@icloud.com', 0, 1, 0, 0, '2017-10-29 12:12:58', NULL, '2017-10-29 12:12:58', -1),
(642, NULL, 'Alice', 'Doherty', 'doherty', NULL, 0, NULL, NULL, 'alice_doherty@hsa.ie', 0, 1, 0, 0, '2017-10-29 12:12:58', '2017-10-29', '2017-10-29 12:12:58', -1),
(643, NULL, 'Jason', 'Fitzpatrick', 'fitzpatrick', NULL, 0, NULL, NULL, NULL, 0, 1, 0, 0, '2017-10-29 12:12:58', '2017-10-29', '2017-10-29 12:12:58', -1),
(644, NULL, 'Aidan', 'Fahy', 'fahy', NULL, 0, NULL, '+353 87 994 3352', 'aidan.fahy@matheson.com', 0, 1, 0, 0, '2017-10-29 12:12:58', NULL, '2017-10-29 12:12:58', -1),
(645, NULL, 'Anthony', 'Cronin', 'cronin', NULL, 0, NULL, '+353 87 768 7316', 'anthony.cronin@ucd.ie', 0, 1, 0, 0, '2017-10-29 12:12:58', '2017-10-29', '2017-10-29 12:12:58', -1),
(646, NULL, 'Owen', 'Lennon', 'lennon', NULL, 0, NULL, '+353 85 780 7780', NULL, 0, 1, 0, 0, '2017-10-29 12:12:58', '2017-10-29', '2017-10-29 12:12:58', -1),
(647, NULL, 'Tara', 'Kelly', 'kelly', NULL, 0, NULL, NULL, 'colin.fuller@rabobank.com', 0, 1, 0, 0, '2017-10-29 12:12:58', NULL, '2017-10-29 12:12:59', -1),
(648, NULL, 'Matthew', 'Kiely', 'kiely', NULL, 0, NULL, '+353 86 858 6691', NULL, 0, 1, 0, 0, '2017-10-29 12:12:58', NULL, '2017-10-29 12:12:59', -1),
(649, NULL, 'Charlie', 'Mccreery', 'creery', NULL, 0, NULL, '+353 87 988 8441', NULL, 0, 1, 0, 0, '2017-10-29 12:12:58', NULL, '2017-10-29 12:12:58', -1),
(650, NULL, 'Jennifer', 'Lambe', 'lambe', NULL, 0, NULL, '+353 86 841 4764', NULL, 0, 1, 0, 0, '2017-10-29 12:12:58', '2017-10-29', '2017-10-29 12:12:58', -1),
(651, NULL, 'Laurent', 'Muzellec', 'muzellec', NULL, 0, NULL, '+353 86 134 8007', NULL, 0, 1, 0, 0, '2017-10-29 12:12:58', NULL, '2017-10-29 12:12:59', -1),
(652, NULL, 'Thomas', 'Gooding', 'gooding', NULL, 0, NULL, NULL, NULL, 0, 1, 0, 0, '2017-10-29 12:12:58', '2017-10-29', '2017-10-29 12:12:58', -1),
(653, NULL, 'Vera', 'Bramley Pantin', 'bramleypantin', NULL, 0, NULL, NULL, NULL, 0, 1, 0, 0, '2017-10-29 12:12:58', '2017-10-29', '2017-10-29 12:12:58', -1),
(654, NULL, 'Andrew', 'Clinch', 'clinch', NULL, 0, NULL, NULL, NULL, 0, 1, 0, 0, '2017-10-29 12:12:58', '2017-10-29', '2017-10-29 12:12:58', -1),
(655, NULL, 'David', 'Field', 'field', NULL, 0, NULL, '+353 87 669 4847', 'davidfield100@gmail.com', 0, 1, 0, 0, '2017-10-29 12:12:58', NULL, '2017-10-29 12:12:58', -1),
(656, NULL, 'Marcus', 'Mcdonnell', 'donnell', NULL, 0, NULL, '+353 87 050 6288', NULL, 0, 1, 0, 0, '2017-10-29 12:12:58', NULL, '2017-10-29 12:12:58', -1),
(657, NULL, 'Conor', 'Power', 'power', NULL, 0, NULL, NULL, NULL, 0, 1, 0, 0, '2017-10-29 12:12:58', '2017-10-29', '2017-10-29 12:12:58', -1),
(658, NULL, 'Shane', 'Coveney', 'coveney', NULL, 0, NULL, '+353 87 975 0400', NULL, 0, 1, 0, 0, '2017-10-29 12:12:58', '2017-10-29', '2017-10-29 12:12:58', -1),
(659, NULL, 'Phil', 'O\'Kelly', 'kelly', NULL, 0, NULL, '+353 87 382 1182', 'phillyo@gmail.com', 0, 1, 0, 0, '2017-10-29 12:12:58', NULL, '2017-10-29 12:12:58', -1),
(660, NULL, 'Yahia', 'Madani', 'madani', NULL, 0, NULL, '+353 87 235 2169', NULL, 0, 1, 0, 0, '2017-10-29 12:12:58', '2017-10-29', '2017-10-29 12:12:58', -1),
(661, NULL, 'Lorcan', 'Keogh', 'keogh', NULL, 0, NULL, '+353 85 888 1959', NULL, 0, 1, 0, 0, '2017-10-29 12:12:58', NULL, '2017-10-29 12:12:58', -1),
(662, NULL, 'Aidan', 'Grogan', 'grogan', NULL, 0, NULL, '+353 87 947 3297', 'agrogan@upc.ie', 0, 1, 0, 0, '2017-10-29 12:12:58', NULL, '2017-10-29 12:12:58', -1),
(663, NULL, 'Ruben', 'Camingawan', 'camingawan', NULL, 0, NULL, '+353 89 451 1946', NULL, 0, 1, 0, 0, '2017-10-29 12:12:58', '2017-10-29', '2017-10-29 12:12:58', -1),
(664, NULL, 'Declan', 'Doyle', 'doyle', NULL, 0, NULL, '+353 87 225 3726', NULL, 0, 1, 0, 0, '2017-10-29 12:12:58', NULL, '2017-10-29 12:12:58', -1),
(665, NULL, 'Phil', 'Norton', 'norton', NULL, 0, NULL, '+353 86 804 5321', NULL, 0, 1, 0, 0, '2017-10-29 12:12:58', NULL, '2017-10-29 12:12:58', -1),
(666, NULL, 'Barry', 'Mcdonagh', 'donagh', NULL, 0, NULL, '+353 87 762 3566', NULL, 0, 1, 0, 0, '2017-10-29 12:12:58', '2017-10-29', '2017-10-29 12:12:58', -1),
(667, NULL, 'Derek', 'Mulligan', 'mulligan', NULL, 0, NULL, '+353 86 805 5497', NULL, 0, 1, 0, 0, '2017-10-29 12:12:58', NULL, '2017-10-29 12:12:58', -1),
(668, NULL, 'Deirdre', 'Leonard', 'leonard', NULL, 0, NULL, '+353 87 410 6768', 'sullivandeirdre78@yahoo.co.uk', 0, 1, 0, 0, '2017-10-29 12:12:58', NULL, '2017-10-29 12:12:59', -1);
INSERT INTO `person` (`id`, `ext_id`, `fname`, `lname`, `indexed_lname`, `salute_name`, `salt_id`, `landline`, `mobile`, `email`, `is_staff`, `is_guardian`, `is_member`, `active`, `created`, `deactivated`, `updated`, `updated_by`) VALUES
(669, NULL, 'Carl', 'Byrne', 'byrne', NULL, 0, NULL, '+353 87 680 5601', NULL, 0, 1, 0, 0, '2017-10-29 12:12:58', '2017-10-29', '2017-10-29 12:12:58', -1),
(670, NULL, 'Clive', 'Niven', 'ven', NULL, 0, NULL, '+353 87 219 1281', NULL, 0, 1, 0, 0, '2017-10-29 12:12:58', NULL, '2017-10-29 12:12:58', -1),
(671, NULL, 'Darren', 'Cullen', 'cullen', NULL, 0, NULL, '+353 86 344 8985', 'darren.cullen@sjog.ie', 0, 1, 0, 0, '2017-10-29 12:12:58', NULL, '2017-10-29 12:12:58', -1),
(672, NULL, 'Dermot', 'Stapleton', 'stapleton', NULL, 0, NULL, '+353 86 812 2032', NULL, 0, 1, 0, 0, '2017-10-29 12:12:58', '2017-10-29', '2017-10-29 12:12:58', -1),
(673, NULL, 'Michael', 'Flynn', 'flynn', NULL, 0, NULL, NULL, NULL, 0, 1, 0, 0, '2017-10-29 12:12:58', '2017-10-29', '2017-10-29 12:12:58', -1),
(674, NULL, 'Ross', 'O\'Connor', 'connor', NULL, 0, NULL, '+353 87 980 5025', NULL, 0, 1, 0, 0, '2017-10-29 12:12:58', '2017-10-29', '2017-10-29 12:12:58', -1),
(675, NULL, 'Lorcan', 'Fitzgerald', 'fitzgerald', NULL, 0, NULL, '+353 87 456 6144', 'lrcn.fitzgerald@gmail.com', 0, 1, 0, 0, '2017-10-29 12:12:58', '2017-10-29', '2017-10-29 12:12:58', -1),
(676, NULL, 'Mark', 'Mcloughlin', 'loughlin', NULL, 0, NULL, NULL, NULL, 0, 1, 0, 0, '2017-10-29 12:12:58', '2017-10-29', '2017-10-29 12:12:58', -1),
(677, NULL, 'Paul', 'Toomey', 'toomey', NULL, 0, NULL, '+353 86 322 5767', NULL, 0, 1, 0, 0, '2017-10-29 12:12:58', '2017-10-29', '2017-10-29 12:12:58', -1),
(678, NULL, 'Andrew', 'O\'Malley', 'malley', NULL, 0, NULL, '+353 86 848 4110', NULL, 0, 1, 0, 0, '2017-10-29 12:12:58', NULL, '2017-10-29 12:12:58', -1),
(679, NULL, 'Kieran', 'Dunne', 'dunne', NULL, 0, NULL, '+353 87 120 8672', 'kdunne@microsoft.com', 0, 1, 0, 0, '2017-10-29 12:12:58', NULL, '2017-10-29 12:12:59', -1),
(680, NULL, 'Tomas', 'Jones', 'jones', NULL, 0, NULL, '+353 87 989 5227', NULL, 0, 1, 0, 0, '2017-10-29 12:12:58', '2017-10-29', '2017-10-29 12:12:58', -1),
(681, NULL, 'Christian', 'Leahy', 'leahy', NULL, 0, NULL, '+353 87 277 5035', NULL, 0, 1, 0, 0, '2017-10-29 12:12:58', NULL, '2017-10-29 12:12:58', -1),
(682, NULL, 'Denis', 'Mcgowan', 'gowan', NULL, 0, NULL, '+353 86 874 4548', NULL, 0, 1, 0, 0, '2017-10-29 12:12:58', NULL, '2017-10-29 12:12:58', -1),
(683, NULL, 'Stuart', 'Sheridan', 'sheridan', NULL, 0, NULL, '+353 87 138 3615', NULL, 0, 1, 0, 0, '2017-10-29 12:12:58', NULL, '2017-10-29 12:12:59', -1),
(684, NULL, 'Paul', 'Crawley', 'crawley', NULL, 0, NULL, NULL, NULL, 0, 1, 0, 0, '2017-10-29 12:12:58', '2017-10-29', '2017-10-29 12:12:58', -1),
(685, NULL, 'James', 'Sullivan', 'sullivan', NULL, 0, NULL, NULL, NULL, 0, 1, 0, 0, '2017-10-29 12:12:58', '2017-10-29', '2017-10-29 12:12:58', -1),
(686, NULL, 'William', 'Simpson', 'simpson', NULL, 0, NULL, NULL, NULL, 0, 1, 0, 0, '2017-10-29 12:12:58', '2017-10-29', '2017-10-29 12:12:58', -1),
(687, NULL, 'Cathal', 'Walsh', 'walsh', NULL, 0, NULL, NULL, NULL, 0, 1, 0, 0, '2017-10-29 12:12:58', '2017-10-29', '2017-10-29 12:12:58', -1),
(688, NULL, 'Paul', 'Cavey', 'cavey', NULL, 0, NULL, NULL, NULL, 0, 1, 0, 0, '2017-10-29 12:12:58', '2017-10-29', '2017-10-29 12:12:58', -1),
(689, NULL, 'Anthony', 'Ryan', 'ryan', NULL, 0, NULL, NULL, NULL, 0, 1, 0, 0, '2017-10-29 12:12:58', '2017-10-29', '2017-10-29 12:12:58', -1),
(690, NULL, 'David', 'Lucey', 'lucey', NULL, 0, NULL, '+353 87 822 8881', NULL, 0, 1, 0, 0, '2017-10-29 12:12:58', NULL, '2017-10-29 12:12:58', -1),
(691, NULL, 'Paul', 'Lehane', 'lehane', NULL, 0, NULL, NULL, NULL, 0, 1, 0, 0, '2017-10-29 12:12:58', '2017-10-29', '2017-10-29 12:12:58', -1),
(692, NULL, 'Simon', 'Murphy', 'murphy', NULL, 0, NULL, '+353 86 179 1125', NULL, 0, 1, 0, 0, '2017-10-29 12:12:58', '2017-10-29', '2017-10-29 12:12:58', -1),
(693, NULL, 'Sinead', 'Murphy', 'murphy', NULL, 0, NULL, '+353 87 927 4538', 'pembrokeo@yahoo.ie', 0, 1, 0, 0, '2017-10-29 12:12:58', NULL, '2017-10-29 12:12:59', -1),
(694, NULL, 'Kevin', 'Brogan', 'brogan', NULL, 0, NULL, NULL, NULL, 0, 1, 0, 0, '2017-10-29 12:12:58', '2017-10-29', '2017-10-29 12:12:58', -1),
(695, NULL, 'Jose', 'Jestine', 'jestine', NULL, 0, NULL, '+353 87 984 5605', NULL, 0, 1, 0, 0, '2017-10-29 12:12:58', '2017-10-29', '2017-10-29 12:12:58', -1),
(696, NULL, 'Michael', 'Hayden', 'hayden', NULL, 0, NULL, '+353 87 829 7387', 'hayden.michael@gmail.com', 0, 1, 0, 0, '2017-10-29 12:12:58', NULL, '2017-10-29 12:12:58', -1),
(697, NULL, 'Dennis', 'Agnew', 'agnew', NULL, 0, NULL, '+353 86 836 9647', NULL, 0, 1, 0, 0, '2017-10-29 12:12:58', NULL, '2017-10-29 12:12:58', -1),
(698, NULL, 'Gregory', 'Byrne', 'byrne', NULL, 0, NULL, NULL, NULL, 0, 1, 0, 0, '2017-10-29 12:12:58', '2017-10-29', '2017-10-29 12:12:58', -1),
(699, NULL, 'Simon', 'Murray', 'murray', NULL, 0, NULL, '+353 87 130 9394', NULL, 0, 1, 0, 0, '2017-10-29 12:12:58', '2017-10-29', '2017-10-29 12:12:58', -1),
(700, NULL, 'Ross', 'Loughnane', 'loughnane', NULL, 0, NULL, NULL, NULL, 0, 1, 0, 0, '2017-10-29 12:12:58', '2017-10-29', '2017-10-29 12:12:58', -1),
(701, NULL, 'Greg', 'Molins', 'molins', NULL, 0, NULL, '+353 86 827 4282', NULL, 0, 1, 0, 0, '2017-10-29 12:12:58', NULL, '2017-10-29 12:12:58', -1),
(702, NULL, 'Andrew Aidan', 'Cronin', 'cronin', NULL, 0, NULL, NULL, NULL, 0, 1, 0, 0, '2017-10-29 12:12:58', '2017-10-29', '2017-10-29 12:12:58', -1),
(703, NULL, 'Philippe', 'Duval', 'duval', NULL, 0, NULL, '+353 86 080 8069', NULL, 0, 1, 0, 0, '2017-10-29 12:12:58', '2017-10-29', '2017-10-29 12:12:58', -1),
(704, NULL, 'Garrett', 'Flynn', 'flynn', NULL, 0, NULL, '+353 87 923 5171', NULL, 0, 1, 0, 0, '2017-10-29 12:12:58', '2017-10-29', '2017-10-29 12:12:58', -1),
(705, NULL, 'Barry', 'Flynn', 'flynn', NULL, 0, NULL, '+353 86 242 8660', NULL, 0, 1, 0, 0, '2017-10-29 12:12:58', '2017-10-29', '2017-10-29 12:12:58', -1),
(706, NULL, 'Dermot', 'Foley', 'foley', NULL, 0, NULL, '+353 87 293 8179', NULL, 0, 1, 0, 0, '2017-10-29 12:12:58', NULL, '2017-10-29 12:12:58', -1),
(707, NULL, 'Adrian', 'Garvin', 'garvin', NULL, 0, NULL, '+353 87 965 3905', 'adrian.garvin@amundi.com', 0, 1, 0, 0, '2017-10-29 12:12:58', '2017-10-29', '2017-10-29 12:12:58', -1),
(708, NULL, 'Adrian', 'Garvin', 'garvin', NULL, 0, NULL, '+353 87 997 3557', NULL, 0, 1, 0, 0, '2017-10-29 12:12:58', '2017-10-29', '2017-10-29 12:12:58', -1),
(709, NULL, 'Brendan', 'Howard', 'howard', NULL, 0, NULL, '+353 86 854 1281', NULL, 0, 1, 0, 0, '2017-10-29 12:12:58', NULL, '2017-10-29 12:12:59', -1),
(710, NULL, 'Jana', 'Ziglio', 'ziglio', NULL, 0, NULL, '+353 85 720 1979', NULL, 0, 1, 0, 0, '2017-10-29 12:12:58', NULL, '2017-10-29 12:12:59', -1),
(711, NULL, 'Fergal', 'Kelleher', 'kelleher', NULL, 0, NULL, '+353 86 833 2711', NULL, 0, 1, 0, 0, '2017-10-29 12:12:58', '2017-10-29', '2017-10-29 12:12:58', -1),
(712, NULL, 'Barry', 'Kilcline', 'kilcline', NULL, 0, NULL, '+353 86 036 9370', NULL, 0, 1, 0, 0, '2017-10-29 12:12:58', NULL, '2017-10-29 12:12:59', -1),
(713, NULL, 'Kevin', 'Clinton', 'clinton', NULL, 0, NULL, NULL, NULL, 0, 1, 0, 0, '2017-10-29 12:12:58', '2017-10-29', '2017-10-29 12:12:58', -1),
(714, NULL, 'Patrick', 'Mcdermott', 'dermott', NULL, 0, NULL, NULL, 'lorna@lornalynch.com', 0, 1, 0, 0, '2017-10-29 12:12:58', NULL, '2017-10-29 12:12:59', -1),
(715, NULL, 'Robert', 'Mcnamara', 'namara', NULL, 0, NULL, NULL, NULL, 0, 1, 0, 0, '2017-10-29 12:12:58', '2017-10-29', '2017-10-29 12:12:58', -1),
(716, NULL, 'Jonathan', 'O\'Brien', 'brien', NULL, 0, NULL, NULL, NULL, 0, 1, 0, 0, '2017-10-29 12:12:58', '2017-10-29', '2017-10-29 12:12:58', -1),
(717, NULL, 'Eoghan', 'O\'Suilleabhain', 'suilleabhain', NULL, 0, NULL, '+353 87 284 0287', NULL, 0, 1, 0, 0, '2017-10-29 12:12:58', NULL, '2017-10-29 12:12:59', -1),
(718, NULL, 'Daniel', 'Rowan', 'rowan', NULL, 0, NULL, NULL, NULL, 0, 1, 0, 0, '2017-10-29 12:12:58', '2017-10-29', '2017-10-29 12:12:58', -1),
(719, NULL, 'Gerry', 'Stewart', 'stewart', NULL, 0, NULL, NULL, NULL, 0, 1, 0, 0, '2017-10-29 12:12:58', '2017-10-29', '2017-10-29 12:12:58', -1),
(720, NULL, 'John', 'Vaudin', 'vaudin', NULL, 0, NULL, NULL, NULL, 0, 1, 0, 0, '2017-10-29 12:12:58', '2017-10-29', '2017-10-29 12:12:58', -1),
(721, NULL, 'Julie', 'Geraldoy Walshe', 'geraldoywalshe', NULL, 0, NULL, '+353 86 878 2550', 'robwalshe@hotmail.com', 0, 1, 0, 0, '2017-10-29 12:12:58', NULL, '2017-10-29 12:12:59', -1),
(722, NULL, 'Ian', 'Brennan', 'brennan', NULL, 0, NULL, '+353 87 634 6472', NULL, 0, 1, 0, 0, '2017-10-29 12:12:58', NULL, '2017-10-29 12:12:58', -1),
(723, NULL, 'Niall', 'O\'Buachalla', 'buachalla', NULL, 0, NULL, '+353 87 824 0469', 'nobuachalla@gmail.com', 0, 1, 0, 0, '2017-10-29 12:12:58', NULL, '2017-10-29 12:12:58', -1),
(724, NULL, 'Michael', 'Conway', 'conway', NULL, 0, NULL, '+353 87 348 9712', NULL, 0, 1, 0, 0, '2017-10-29 12:12:58', '2017-10-29', '2017-10-29 12:12:58', -1),
(725, NULL, 'Kamokua', 'Abdallatif', 'abdallatif', NULL, 0, NULL, '+353 87 767 0138', NULL, 0, 1, 0, 0, '2017-10-29 12:12:58', '2017-10-29', '2017-10-29 12:12:58', -1),
(726, NULL, 'Jason', 'Fitzpatrick', 'fitzpatrick', NULL, 0, NULL, NULL, NULL, 0, 1, 0, 0, '2017-10-29 12:12:58', '2017-10-29', '2017-10-29 12:12:58', -1),
(727, NULL, 'Colin', 'Fuller', 'fuller', NULL, 0, NULL, '+353 86 858 0825', NULL, 0, 1, 0, 0, '2017-10-29 12:12:58', '2017-10-29', '2017-10-29 12:12:58', -1),
(728, NULL, 'Conor', 'Bannon', 'bannon', NULL, 0, NULL, '+353 86 040 3446', NULL, 0, 1, 0, 0, '2017-10-29 12:12:58', '2017-10-29', '2017-10-29 12:12:58', -1),
(729, NULL, 'Sally', 'Lyons', 'lyons', NULL, 0, NULL, '+353 86 807 2547', NULL, 0, 1, 0, 0, '2017-10-29 12:12:58', '2017-10-29', '2017-10-29 12:12:58', -1),
(730, NULL, 'Andrew', 'Clinch', 'clinch', NULL, 0, NULL, NULL, NULL, 0, 1, 0, 0, '2017-10-29 12:12:58', '2017-10-29', '2017-10-29 12:12:58', -1),
(731, NULL, 'Brian', 'Considine', 'considine', NULL, 0, NULL, '+353 87 273 4334', NULL, 0, 1, 0, 0, '2017-10-29 12:12:58', '2017-10-29', '2017-10-29 12:12:58', -1),
(732, NULL, 'Alan', 'Leonard', 'leonard', NULL, 0, NULL, '+353 87 923 4736', NULL, 0, 1, 0, 0, '2017-10-29 12:12:58', NULL, '2017-10-29 12:12:59', -1),
(733, NULL, 'Marcus', 'Fagan', 'fagan', NULL, 0, NULL, '+353 87 821 4231', 'marcusjfagan@gmail.com', 0, 1, 0, 0, '2017-10-29 12:12:58', NULL, '2017-10-29 12:12:59', -1),
(734, NULL, 'Niall', 'Mcauliffe', 'auliffe', NULL, 0, NULL, '+353 87 836 3421', NULL, 0, 1, 0, 0, '2017-10-29 12:12:58', '2017-10-29', '2017-10-29 12:12:58', -1),
(735, NULL, 'Eoin', 'O\'Connor', 'connor', NULL, 0, NULL, '+353 87 938 0716', NULL, 0, 1, 0, 0, '2017-10-29 12:12:58', '2017-10-29', '2017-10-29 12:12:58', -1),
(736, NULL, 'Aidan', 'Ronayne', 'ronayne', NULL, 0, NULL, '+353 85 788 7563', NULL, 0, 1, 0, 0, '2017-10-29 12:12:58', '2017-10-29', '2017-10-29 12:12:58', -1),
(737, NULL, 'Peter', 'Snodden', 'snodden', NULL, 0, NULL, '+353 86 834 9589', NULL, 0, 1, 0, 0, '2017-10-29 12:12:58', NULL, '2017-10-29 12:12:59', -1),
(738, NULL, 'Michael', 'Butler', 'butler', NULL, 0, NULL, NULL, NULL, 0, 1, 0, 0, '2017-10-29 12:12:58', '2017-10-29', '2017-10-29 12:12:58', -1),
(739, NULL, 'Colleen', 'Quinn', 'quinn', NULL, 0, NULL, '+353 86 811 1043', 'colleen@nurturedevelopment.org', 0, 1, 0, 0, '2017-10-29 12:12:58', NULL, '2017-10-29 12:12:59', -1),
(740, NULL, 'Shane', 'Cotter', 'cotter', NULL, 0, NULL, NULL, NULL, 0, 1, 0, 0, '2017-10-29 12:12:58', '2017-10-29', '2017-10-29 12:12:58', -1),
(741, NULL, 'Mohammed', 'Moniruzzaman', 'moniruzzaman', NULL, 0, NULL, '+353 86 199 7975', NULL, 0, 1, 0, 0, '2017-10-29 12:12:58', NULL, '2017-10-29 12:12:58', -1),
(742, NULL, 'Paul', 'Martin', 'martin', NULL, 0, NULL, '+353 83 343 7742', NULL, 0, 1, 0, 0, '2017-10-29 12:12:58', '2017-10-29', '2017-10-29 12:12:58', -1),
(743, NULL, 'Alberto', 'Geron', 'geron', NULL, 0, NULL, NULL, NULL, 0, 1, 0, 0, '2017-10-29 12:12:58', '2017-10-29', '2017-10-29 12:12:58', -1),
(744, NULL, 'Patrick', 'Kennedy', 'kennedy', NULL, 0, NULL, '+353 89 435 9611', NULL, 0, 1, 0, 0, '2017-10-29 12:12:58', '2017-10-29', '2017-10-29 12:12:58', -1),
(745, NULL, 'Kevin', 'Brogan', 'brogan', NULL, 0, NULL, NULL, NULL, 0, 1, 0, 0, '2017-10-29 12:12:58', '2017-10-29', '2017-10-29 12:12:58', -1),
(746, NULL, 'Dean', 'Dempsey', 'dempsey', NULL, 0, NULL, '+353 86 275 5157', NULL, 0, 1, 0, 0, '2017-10-29 12:12:58', '2017-10-29', '2017-10-29 12:12:58', -1),
(747, NULL, 'Ross', 'Edgeworth', 'edgeworth', NULL, 0, NULL, '+353 87 906 8316', NULL, 0, 1, 0, 0, '2017-10-29 12:12:58', '2017-10-29', '2017-10-29 12:12:58', -1),
(748, NULL, 'David', 'Mckitterick', 'kitterick', NULL, 0, NULL, '+353 86 815 6560', NULL, 0, 1, 0, 0, '2017-10-29 12:12:58', '2017-10-29', '2017-10-29 12:12:58', -1),
(749, NULL, 'Alan', 'Moran', 'moran', NULL, 0, NULL, '+353 87 807 3247', NULL, 0, 1, 0, 0, '2017-10-29 12:12:58', '2017-10-29', '2017-10-29 12:12:58', -1),
(750, NULL, 'Simon', 'Murray', 'murray', NULL, 0, NULL, NULL, NULL, 0, 1, 0, 0, '2017-10-29 12:12:58', '2017-10-29', '2017-10-29 12:12:58', -1),
(751, NULL, 'Jonathan', 'O\'Brien', 'brien', NULL, 0, NULL, NULL, NULL, 0, 1, 0, 0, '2017-10-29 12:12:58', '2017-10-29', '2017-10-29 12:12:58', -1),
(752, NULL, 'John', 'O\'Grady', 'grady', NULL, 0, NULL, '+353 86 876 9391', NULL, 0, 1, 0, 0, '2017-10-29 12:12:58', '2017-10-29', '2017-10-29 12:12:58', -1),
(753, NULL, 'Conor', 'Rapple', 'rapple', NULL, 0, NULL, '+353 87 917 4544', NULL, 0, 1, 0, 0, '2017-10-29 12:12:58', '2017-10-29', '2017-10-29 12:12:58', -1),
(754, NULL, 'Kevin', 'Bailie', 'bailie', NULL, 0, NULL, '+353 86 370 0097', 'kevenbailie@gmail.com', 0, 1, 0, 0, '2017-10-29 12:12:58', '2017-10-29', '2017-10-29 12:12:58', -1),
(755, NULL, 'Bander', 'Alabdulkarim', 'alabdulkarim', NULL, 0, NULL, NULL, NULL, 0, 1, 0, 0, '2017-10-29 12:12:58', '2017-10-29', '2017-10-29 12:12:58', -1),
(756, NULL, 'Stephen', 'Connolly', 'connolly', NULL, 0, NULL, '+353 86 847 4608', 'sjcon28@hotmail.com', 0, 1, 0, 0, '2017-10-29 12:12:58', '2017-10-29', '2017-10-29 12:12:58', -1),
(757, NULL, 'Alun', 'Crane', 'crane', NULL, 0, NULL, '+353 87 195 3423', NULL, 0, 1, 0, 0, '2017-10-29 12:12:58', '2017-10-29', '2017-10-29 12:12:58', -1),
(758, NULL, 'Graham', 'Mccormick', 'cormick', NULL, 0, NULL, '+353 87 978 9720', NULL, 0, 1, 0, 0, '2017-10-29 12:12:58', '2017-10-29', '2017-10-29 12:12:58', -1),
(759, NULL, 'Ciaran', 'Dilworth', 'dilworth', NULL, 0, NULL, '+353 87 282 2616', NULL, 0, 1, 0, 0, '2017-10-29 12:12:58', NULL, '2017-10-29 12:12:58', -1),
(760, NULL, 'David', 'Halpin', 'halpin', NULL, 0, NULL, '+353 83 173 4331', NULL, 0, 1, 0, 0, '2017-10-29 12:12:58', '2017-10-29', '2017-10-29 12:12:58', -1),
(761, NULL, 'John', 'Fogarty', 'fogarty', NULL, 0, NULL, '+353 87 911 1142', 'john.fogarty@leinsterrugby.ie', 0, 1, 0, 0, '2017-10-29 12:12:58', NULL, '2017-10-29 12:12:58', -1),
(762, NULL, 'Adam', 'Boushie', 'boushie', NULL, 0, NULL, NULL, NULL, 0, 1, 0, 0, '2017-10-29 12:12:58', '2017-10-29', '2017-10-29 12:12:58', -1),
(763, NULL, 'David', 'Murray', 'murray', NULL, 0, NULL, '+353 87 917 5156', NULL, 0, 1, 0, 0, '2017-10-29 12:12:58', '2017-10-29', '2017-10-29 12:12:58', -1),
(764, NULL, 'Niall', 'Murphy', 'murphy', NULL, 0, NULL, '+353 87 679 1662', NULL, 0, 1, 0, 0, '2017-10-29 12:12:58', '2017-10-29', '2017-10-29 12:12:58', -1),
(765, NULL, 'Martin', 'Murphy', 'murphy', NULL, 0, NULL, '+353 87 750 5322', NULL, 0, 1, 0, 0, '2017-10-29 12:12:58', '2017-10-29', '2017-10-29 12:12:58', -1),
(766, NULL, 'Bander', 'Alabdulkarim', 'alabdulkarim', NULL, 0, NULL, NULL, NULL, 0, 1, 0, 0, '2017-10-29 12:12:58', '2017-10-29', '2017-10-29 12:12:58', -1),
(767, NULL, 'Mustansir', 'Malik', 'malik', NULL, 0, NULL, '+353 85 783 7906', NULL, 0, 1, 0, 0, '2017-10-29 12:12:58', NULL, '2017-10-29 12:12:58', -1),
(768, NULL, 'Rheymhel', 'Manalo', 'manalo', NULL, 0, NULL, '+353 89 450 2892', NULL, 0, 1, 0, 0, '2017-10-29 12:12:58', '2017-10-29', '2017-10-29 12:12:58', -1),
(769, NULL, 'Ben', 'O\'Connor', 'connor', NULL, 0, NULL, '+353 87 611 2307', 'benoconnor100@yahoo.com', 0, 1, 0, 0, '2017-10-29 12:12:58', '2017-10-29', '2017-10-29 12:12:58', -1),
(770, NULL, 'Daragh', 'O\'Reilly', 'reilly', NULL, 0, NULL, '+353 86 854 2424', NULL, 0, 1, 0, 0, '2017-10-29 12:12:58', '2017-10-29', '2017-10-29 12:12:58', -1),
(771, NULL, 'Brian', 'O\'Sullivan', 'sullivan', NULL, 0, NULL, '+353 87 410 0105', NULL, 0, 1, 0, 0, '2017-10-29 12:12:58', '2017-10-29', '2017-10-29 12:12:58', -1),
(772, NULL, 'Rory', 'Sarsfield', 'sarsfield', NULL, 0, NULL, '+353 86 373 8461', NULL, 0, 1, 0, 0, '2017-10-29 12:12:58', '2017-10-29', '2017-10-29 12:12:58', -1),
(773, NULL, 'Frank', 'Shanahan', 'shanahan', NULL, 0, NULL, '+353 86 368 6692', NULL, 0, 1, 0, 0, '2017-10-29 12:12:58', NULL, '2017-10-29 12:12:59', -1),
(774, NULL, 'Wen Xin', 'Lan', 'lan', NULL, 0, NULL, '+353 86 333 2116', 'sabrina.0628@hotmail.com', 0, 1, 0, 0, '2017-10-29 12:12:58', NULL, '2017-10-29 12:12:59', -1),
(775, NULL, 'Brian', 'Whelan', 'whelan', NULL, 0, NULL, '+353 83 390 2033', NULL, 0, 1, 0, 0, '2017-10-29 12:12:58', '2017-10-29', '2017-10-29 12:12:58', -1),
(776, NULL, 'Laura', 'Pelly', 'pelly', NULL, 0, NULL, '+353 83 038 8398', NULL, 0, 1, 0, 0, '2017-10-29 12:12:58', NULL, '2017-10-29 12:12:58', -1),
(777, NULL, 'Seweryn', 'Sapinska', 'sapinska', NULL, 0, NULL, '+353 87 699 1399', NULL, 0, 1, 0, 0, '2017-10-29 12:12:58', '2017-10-29', '2017-10-29 12:12:58', -1),
(778, NULL, 'Fiachra', 'Oni Chleirigh', 'nichleirigh', NULL, 0, NULL, '+353 89 229 0626', NULL, 0, 1, 0, 0, '2017-10-29 12:12:58', '2017-10-29', '2017-10-29 12:12:58', -1),
(779, NULL, 'Laura', 'Langsford', 'langsford', NULL, 0, NULL, '+353 86 359 4302', NULL, 0, 1, 0, 0, '2017-10-29 12:12:58', '2017-10-29', '2017-10-29 12:12:58', -1),
(780, NULL, 'Charlie', 'Higgins', 'higgins', NULL, 0, NULL, '+353 86 024 5328', NULL, 0, 1, 0, 0, '2017-10-29 12:12:58', NULL, '2017-10-29 12:12:58', -1),
(781, NULL, 'Jason', 'Davies', 'davies', NULL, 0, NULL, '+353 87 741 2863', 'jason.davies10@gmail.com', 0, 1, 0, 0, '2017-10-29 12:12:59', '2017-10-29', '2017-10-29 12:12:59', -1),
(782, NULL, 'Pawan', 'Mohnani', 'mohnani', NULL, 0, NULL, '+353 89 493 2020', NULL, 0, 1, 0, 0, '2017-10-29 12:12:59', '2017-10-29', '2017-10-29 12:12:59', -1),
(783, NULL, 'Robert', 'Mcnamara', 'namara', NULL, 0, NULL, NULL, NULL, 0, 1, 0, 0, '2017-10-29 12:12:59', '2017-10-29', '2017-10-29 12:12:59', -1),
(784, NULL, 'Erdenesuren', 'Namsari', 'namsari', NULL, 0, NULL, '+353 85 141 0417', NULL, 0, 1, 0, 0, '2017-10-29 12:12:59', '2017-10-29', '2017-10-29 12:12:59', -1),
(785, NULL, 'Gianfranco', 'Butera', 'butera', NULL, 0, NULL, '+353 87 979 8237', NULL, 0, 1, 0, 0, '2017-10-29 12:12:59', '2017-10-29', '2017-10-29 12:12:59', -1),
(786, NULL, 'Michael', 'Butler', 'butler', NULL, 0, NULL, '+353 86 047 2087', NULL, 0, 1, 0, 0, '2017-10-29 12:12:59', '2017-10-29', '2017-10-29 12:12:59', -1),
(787, NULL, 'Marco', 'Castorina', 'castorina', NULL, 0, NULL, '+353 86 122 4044', NULL, 0, 1, 0, 0, '2017-10-29 12:12:59', '2017-10-29', '2017-10-29 12:12:59', -1),
(788, NULL, 'Liam', 'Connellan', 'connellan', NULL, 0, NULL, '+353 87 679 6034', NULL, 0, 1, 0, 0, '2017-10-29 12:12:59', '2017-10-29', '2017-10-29 12:12:59', -1),
(789, NULL, 'Shane', 'Cotter', 'cotter', NULL, 0, NULL, '+353 83 369 1521', NULL, 0, 1, 0, 0, '2017-10-29 12:12:59', '2017-10-29', '2017-10-29 12:12:59', -1),
(790, NULL, 'Keith', 'Davis', 'davis', NULL, 0, NULL, '+353 85 717 7754', NULL, 0, 1, 0, 0, '2017-10-29 12:12:59', '2017-10-29', '2017-10-29 12:12:59', -1),
(791, NULL, 'Ciaran', 'Madden', 'madden', NULL, 0, NULL, '+353 87 753 4280', NULL, 0, 1, 0, 0, '2017-10-29 12:12:59', '2017-10-29', '2017-10-29 12:12:59', -1),
(792, NULL, 'Neil', 'Dunne', 'dunne', NULL, 0, NULL, '+353 86 393 0072', NULL, 0, 1, 0, 0, '2017-10-29 12:12:59', '2017-10-29', '2017-10-29 12:12:59', -1),
(793, NULL, 'Paula', 'Mccann', 'cann', NULL, 0, NULL, '+353 87 296 8257', NULL, 0, 1, 0, 0, '2017-10-29 12:12:59', '2017-10-29', '2017-10-29 12:12:59', -1),
(794, NULL, 'Kieran', 'Glennon', 'glennon', NULL, 0, NULL, '+353 87 291 9925', NULL, 0, 1, 0, 0, '2017-10-29 12:12:59', '2017-10-29', '2017-10-29 12:12:59', -1),
(795, NULL, 'Sean', 'Mullan', 'mullan', NULL, 0, NULL, '+353 87 236 6451', NULL, 0, 1, 0, 0, '2017-10-29 12:12:59', '2017-10-29', '2017-10-29 12:12:59', -1),
(796, NULL, 'Niall', 'O\'Regan', 'regan', NULL, 0, NULL, '+353 87 992 6926', NULL, 0, 1, 0, 0, '2017-10-29 12:12:59', '2017-10-29', '2017-10-29 12:12:59', -1),
(797, NULL, 'Diego', 'Riveiro', 'riveiro', NULL, 0, NULL, NULL, NULL, 0, 1, 0, 0, '2017-10-29 12:12:59', '2017-10-29', '2017-10-29 12:12:59', -1),
(798, NULL, 'Billy', 'Stirling', 'stirling', NULL, 0, NULL, '+353 86 736 8190', NULL, 0, 1, 0, 0, '2017-10-29 12:12:59', '2017-10-29', '2017-10-29 12:12:59', -1),
(799, NULL, 'Niall', 'O\'Meara', 'meara', NULL, 0, NULL, '+353 86 886 0928', NULL, 0, 1, 0, 0, '2017-10-29 12:12:59', '2017-10-29', '2017-10-29 12:12:59', -1),
(800, NULL, 'Mike', 'Hartwell', 'hartwell', NULL, 0, NULL, '+353 86 382 5490', NULL, 0, 1, 0, 0, '2017-10-29 12:12:59', '2017-10-29', '2017-10-29 12:12:59', -1),
(801, NULL, 'Mark', 'Hickey', 'hickey', NULL, 0, NULL, '+353 87 964 1204', NULL, 0, 1, 0, 0, '2017-10-29 12:12:59', '2017-10-29', '2017-10-29 12:12:59', -1),
(802, NULL, 'Desmond', 'Kinch', 'kinch', NULL, 0, NULL, NULL, NULL, 0, 1, 0, 0, '2017-10-29 12:12:59', '2017-10-29', '2017-10-29 12:12:59', -1),
(803, NULL, 'Desmond', 'Kinch', 'kinch', NULL, 0, NULL, NULL, NULL, 0, 1, 0, 0, '2017-10-29 12:12:59', '2017-10-29', '2017-10-29 12:12:59', -1),
(804, NULL, 'Gavin', 'Downes', 'downes', NULL, 0, NULL, '+353 87 268 6544', NULL, 0, 1, 0, 0, '2017-10-29 12:12:59', '2017-10-29', '2017-10-29 12:12:59', -1),
(805, NULL, 'Kenn', 'Steffensen', 'steffensen', NULL, 0, NULL, '+353 83 827 0587', NULL, 0, 1, 0, 0, '2017-10-29 12:12:59', '2017-10-29', '2017-10-29 12:12:59', -1),
(806, NULL, 'Triona', 'Macgregor', 'gregor', NULL, 0, NULL, '+353 87 859 7010', 'trionamuldoon@gmail.com', 0, 1, 0, 0, '2017-10-29 12:12:59', NULL, '2017-10-29 12:12:59', -1),
(807, NULL, 'Zubair', 'Khan', 'khan', NULL, 0, NULL, '+353 86 390 4377', NULL, 0, 1, 0, 0, '2017-10-29 12:12:59', '2017-10-29', '2017-10-29 12:12:59', -1),
(808, NULL, 'Niall', 'Whelan', 'whelan', NULL, 0, NULL, '+353 86 323 4499', NULL, 0, 1, 0, 0, '2017-10-29 12:12:59', '2017-10-29', '2017-10-29 12:12:59', -1),
(809, NULL, 'Ahmed', 'Ali', 'ali', NULL, 0, NULL, '+353 86 811 9015', NULL, 0, 1, 0, 0, '2017-10-29 12:12:59', '2017-10-29', '2017-10-29 12:12:59', -1),
(810, NULL, 'Sandora', 'Lai', 'lai', NULL, 0, NULL, '+353 83 033 2977', NULL, 0, 1, 0, 0, '2017-10-29 12:12:59', '2017-10-29', '2017-10-29 12:12:59', -1),
(811, NULL, 'Salma', 'Abuwisier', 'abuwisier', NULL, 0, NULL, '+353 87 605 4434', NULL, 0, 1, 0, 0, '2017-10-29 12:12:59', '2017-10-29', '2017-10-29 12:12:59', -1),
(812, NULL, 'Tudorita', 'Cofa', 'cofa', NULL, 0, NULL, '+353 89 984 4066', NULL, 0, 1, 0, 0, '2017-10-29 12:12:59', NULL, '2017-10-29 12:12:59', -1),
(813, NULL, 'Peter', 'Finnegan', 'finnegan', NULL, 0, NULL, '+353 83 033 9042', NULL, 0, 1, 0, 0, '2017-10-29 12:12:59', NULL, '2017-10-29 12:12:59', -1),
(814, NULL, 'Philippa', 'Flynn', 'flynn', NULL, 0, NULL, '+353 87 057 1684', 'philippaflynn1@gmail.com', 0, 1, 0, 0, '2017-10-29 12:12:59', '2017-10-29', '2017-10-29 12:12:59', -1),
(815, NULL, 'Lorna', 'Flynn', 'flynn', NULL, 0, NULL, '+353 87 944 8930', 'lornaflynn0510@gmail.com', 0, 1, 0, 0, '2017-10-29 12:12:59', '2017-10-29', '2017-10-29 12:12:59', -1),
(816, NULL, 'Niamh', 'Howard', 'howard', NULL, 0, NULL, '+353 86 824 1144', 'niamhhoward@gmail.com', 0, 1, 0, 0, '2017-10-29 12:12:59', NULL, '2017-10-29 12:12:59', -1),
(817, NULL, 'Paula', 'Mcafee', 'afee', NULL, 0, NULL, '+353 87 959 1502', 'paulamcafee93@gmail.com', 0, 1, 0, 0, '2017-10-29 12:12:59', '2017-10-29', '2017-10-29 12:12:59', -1),
(818, NULL, 'Lorna', 'Lynch', 'lynch', NULL, 0, NULL, '+353 86 831 8937', 'patrick@maccarthyjohnston.com', 0, 1, 0, 0, '2017-10-29 12:12:59', NULL, '2017-10-29 12:12:59', -1),
(819, NULL, 'Michelle', 'Nevin', 'nevin', NULL, 0, NULL, '+353 86 811 6088', 'nevin.michelle@gmail.com', 0, 1, 0, 0, '2017-10-29 12:12:59', NULL, '2017-10-29 12:12:59', -1),
(820, NULL, 'Aislinn', 'O\'Buachalla', 'buachalla', NULL, 0, NULL, '+353 87 777 4888', 'aislinn.obuachalla@savills.ie', 0, 1, 0, 0, '2017-10-29 12:12:59', '2017-10-29', '2017-10-29 12:12:59', -1),
(821, NULL, 'Dara', 'Brennan', 'brennan', NULL, 0, NULL, '+353 87 330 9267', 'daraok2@gmail.com', 0, 1, 0, 0, '2017-10-29 12:12:59', NULL, '2017-10-29 12:12:59', -1),
(822, NULL, 'Carol', 'O\'Buachalla', 'buachalla', NULL, 0, NULL, '+353 87 132 7683', 'carolob17@gmail.com', 0, 1, 0, 0, '2017-10-29 12:12:59', NULL, '2017-10-29 12:12:59', -1),
(823, NULL, 'Gillian', 'Agnew', 'agnew', NULL, 0, NULL, '+353 86 608 9529', 'gillianagnew1@gmail.com', 0, 1, 0, 0, '2017-10-29 12:12:59', NULL, '2017-10-29 12:12:59', -1),
(824, NULL, 'Aoife', 'Kelly', 'kelly', NULL, 0, NULL, '+353 87 784 0323', 'aoifekelly2000@gmail.com', 0, 1, 0, 0, '2017-10-29 12:12:59', NULL, '2017-10-29 12:12:59', -1),
(825, NULL, 'Beatriz', 'Alonso', 'alonso', NULL, 0, NULL, '+353 89 430 3442', 'aisclo@yahoo.es', 0, 1, 0, 0, '2017-10-29 12:12:59', NULL, '2017-10-29 12:12:59', -1),
(826, NULL, 'Sharon', 'Mcconnell', 'connell', NULL, 0, NULL, '+353 86 803 6021', 'mcconnellsharon61@yahoo.com', 0, 1, 0, 0, '2017-10-29 12:12:59', '2017-10-29', '2017-10-29 12:12:59', -1),
(827, NULL, 'Michelle', 'Mccreery', 'creery', NULL, 0, NULL, '+353 87 419 0770', 'michelleraggett@hotmail.com', 0, 1, 0, 0, '2017-10-29 12:12:59', NULL, '2017-10-29 12:12:59', -1),
(828, NULL, 'Anne', 'Duane', 'duane', NULL, 0, NULL, '+353 87 281 8143', 'aduane30@gmail.com', 0, 1, 0, 0, '2017-10-29 12:12:59', NULL, '2017-10-29 12:12:59', -1),
(829, NULL, 'Amanda', 'Ronayne', 'ronayne', NULL, 0, NULL, '+353 86 349 5945', 'amandaro20@hotmail.com', 0, 1, 0, 0, '2017-10-29 12:12:59', '2017-10-29', '2017-10-29 12:12:59', -1),
(830, NULL, 'Eve', 'Thomson', 'thomson', NULL, 0, NULL, '+353 86 828 8854', 'evebolger@gmail.com', 0, 1, 0, 0, '2017-10-29 12:12:59', NULL, '2017-10-29 12:12:59', -1),
(831, NULL, 'Claire', 'Snodden', 'snodden', NULL, 0, NULL, '+353 87 183 5265', 'clairesnodden@gmail.com', 0, 1, 0, 0, '2017-10-29 12:12:59', NULL, '2017-10-29 12:12:59', -1),
(832, NULL, 'Claire', 'Butler', 'butler', NULL, 0, NULL, '+353 87 842 5743', 'ecfarren@gmail.com', 0, 1, 0, 0, '2017-10-29 12:12:59', NULL, '2017-10-29 12:12:59', -1),
(833, NULL, 'Rachel', 'Marie', 'marie', NULL, 0, NULL, '+353 86 601 7779', 'r.mcdonnell@jesusandmarycollege.ie', 0, 1, 0, 0, '2017-10-29 12:12:59', NULL, '2017-10-29 12:12:59', -1),
(834, NULL, 'Trish', 'Dilworth', 'dilworth', NULL, 0, NULL, '+353 86 600 8768', 'triciac80@hotmail.com', 0, 1, 0, 0, '2017-10-29 12:12:59', NULL, '2017-10-29 12:12:59', -1),
(835, NULL, 'Kasia', 'Sapinska', 'sapinska', NULL, 0, NULL, '+353 85 148 2629', 'kasia.sapinska18@gmail.com', 0, 1, 0, 0, '2017-10-29 12:12:59', '2017-10-29', '2017-10-29 12:12:59', -1),
(836, NULL, 'Gulshan', 'Mohnani', 'mohnani', NULL, 0, NULL, '+353 89 493 3670', 'gulisha19@gmail.com', 0, 1, 0, 0, '2017-10-29 12:12:59', '2017-10-29', '2017-10-29 12:12:59', -1),
(837, NULL, 'Una', 'Duval', 'duval', NULL, 0, NULL, '+353 86 100 0288', 'uoshea@gmail.com', 0, 1, 0, 0, '2017-10-29 12:12:59', '2017-10-29', '2017-10-29 12:12:59', -1),
(838, NULL, 'Cora', 'Phelan', 'phelan', NULL, 0, NULL, '+353 87 965 3904', 'cora.phelan@gmail.com', 0, 1, 0, 0, '2017-10-29 12:12:59', '2017-10-29', '2017-10-29 12:12:59', -1),
(839, NULL, 'Ann', 'Kelleher', 'kelleher', NULL, 0, NULL, '+353 86 852 1111', 'annflemingkelleher@gmail.com', 0, 1, 0, 0, '2017-10-29 12:12:59', '2017-10-29', '2017-10-29 12:12:59', -1),
(840, NULL, 'Claire', 'Kilcline', 'kilcline', NULL, 0, NULL, '+353 86 389 6647', 'kilclineb@gmail.com', 0, 1, 0, 0, '2017-10-29 12:12:59', NULL, '2017-10-29 12:12:59', -1),
(841, NULL, 'Norma', 'Mcnamara', 'namara', NULL, 0, NULL, '+353 86 917 9029', 'normagill1@eircom.net', 0, 1, 0, 0, '2017-10-29 12:12:59', NULL, '2017-10-29 12:12:59', -1),
(842, NULL, 'Marie', 'Ryan', 'ryan', NULL, 0, NULL, '+353 87 994 1146', 'marieryan72@gmail.com', 0, 1, 0, 0, '2017-10-29 12:12:59', NULL, '2017-10-29 12:12:59', -1),
(843, NULL, 'Lorraine', 'Stewart', 'stewart', NULL, 0, NULL, '+353 87 966 4257', 'lmcgraynor@gmail.com', 0, 1, 0, 0, '2017-10-29 12:12:59', '2017-10-29', '2017-10-29 12:12:59', -1),
(844, NULL, 'Amal', 'Abdallatif', 'abdallatif', NULL, 0, NULL, '+353 86 251 9180', 'khalad69@gmail.com', 0, 1, 0, 0, '2017-10-29 12:12:59', '2017-10-29', '2017-10-29 12:12:59', -1),
(845, NULL, 'Marie', 'Fitzpatrick', 'fitzpatrick', NULL, 0, NULL, '+353 86 818 4497', 'mia.fitzpatrick@gmail.com', 0, 1, 0, 0, '2017-10-29 12:12:59', NULL, '2017-10-29 12:12:59', -1),
(846, NULL, 'Eleanor', 'Griffin', 'griffin', NULL, 0, NULL, '+353 86 160 6958', 'eleanorchambers@gmail.com', 0, 1, 0, 0, '2017-10-29 12:12:59', NULL, '2017-10-29 12:12:59', -1),
(847, NULL, 'Yvonne', 'Bannon', 'bannon', NULL, 0, NULL, '+353 86 109 6679', 'yvoburke@yahoo.com', 0, 1, 0, 0, '2017-10-29 12:12:59', '2017-10-29', '2017-10-29 12:12:59', -1),
(848, NULL, 'Barbara', 'Hewson', 'hewson', NULL, 0, NULL, '+353 86 851 2770', 'barbarahewson@ymail.com', 0, 1, 0, 0, '2017-10-29 12:12:59', NULL, '2017-10-29 12:12:59', -1),
(849, NULL, 'Siobhan', 'O\'Donovan', 'donovan', NULL, 0, NULL, '+353 86 407 7645', 'skodonovan@gmail.com', 0, 1, 0, 0, '2017-10-29 12:12:59', NULL, '2017-10-29 12:12:59', -1),
(850, NULL, 'Jenny', 'Considine', 'considine', NULL, 0, NULL, '+353 86 608 4454', 'jennyconsidine1@gmail.com', 0, 1, 0, 0, '2017-10-29 12:12:59', '2017-10-29', '2017-10-29 12:12:59', -1),
(851, NULL, 'Claire', 'Keogh', 'keogh', NULL, 0, NULL, '+353 86 820 8251', 'clairewhite69@hotmail.com', 0, 1, 0, 0, '2017-10-29 12:12:59', NULL, '2017-10-29 12:12:59', -1),
(852, NULL, 'Elaine', 'Kiely', 'kiely', NULL, 0, NULL, '+353 86 832 1417', 'elaine.kiely@me.com', 0, 1, 0, 0, '2017-10-29 12:12:59', NULL, '2017-10-29 12:12:59', -1),
(853, NULL, 'Orla', 'Healy', 'healy', NULL, 0, NULL, '+353 87 646 4915', 'orlaleonard17@gmail.com', 0, 1, 0, 0, '2017-10-29 12:12:59', NULL, '2017-10-29 12:12:59', -1),
(854, NULL, 'Jane', 'Dunne', 'dunne', NULL, 0, NULL, '+353 87 917 3485', 'jane.dunne@gmail.com', 0, 1, 0, 0, '2017-10-29 12:12:59', NULL, '2017-10-29 12:12:59', -1),
(855, NULL, 'Bairbre', 'Mcauliffe', 'auliffe', NULL, 0, NULL, '+353 87 226 7618', 'bairbre.drurybyrne@clearchannel.ie', 0, 1, 0, 0, '2017-10-29 12:12:59', NULL, '2017-10-29 12:12:59', -1),
(856, NULL, 'Kary', 'Mulally', 'mulally', NULL, 0, NULL, '+353 86 319 6961', 'karymullally@gmail.com', 0, 1, 0, 0, '2017-10-29 12:12:59', '2017-10-29', '2017-10-29 12:12:59', -1),
(857, NULL, 'Tara', 'Mccarthy', 'carthy', NULL, 0, NULL, '+353 87 798 4437', 'dirichaud@gmail.com', 0, 1, 0, 0, '2017-10-29 12:12:59', NULL, '2017-10-29 12:12:59', -1),
(858, NULL, 'Emer', 'Ross', 'ross', NULL, 0, NULL, '+353 86 723 3366', 'emer.ross@gmail.com', 0, 1, 0, 0, '2017-10-29 12:12:59', NULL, '2017-10-29 12:12:59', -1),
(859, NULL, 'Suzanne', 'Cotter', 'cotter', NULL, 0, NULL, '+353 87 610 4509', 'suzpyne@hotmail.com', 0, 1, 0, 0, '2017-10-29 12:12:59', NULL, '2017-10-29 12:12:59', -1),
(860, NULL, 'Joanne', 'Hackett', 'hackett', NULL, 0, NULL, '+353 87 779 4992', 'joannehackett@hotmail.com', 0, 1, 0, 0, '2017-10-29 12:12:59', NULL, '2017-10-29 12:12:59', -1),
(861, NULL, 'Margaret', 'Mcdonnell', 'donnell', NULL, 0, NULL, '+353 83 334 7898', 'margaret.mcdonnell@pfizer.com', 0, 1, 0, 0, '2017-10-29 12:12:59', NULL, '2017-10-29 12:12:59', -1),
(862, NULL, 'Zoe', 'Higgins', 'higgins', NULL, 0, NULL, '+353 83 865 4145', 'zturner73@gmail.com', 0, 1, 0, 0, '2017-10-29 12:12:59', NULL, '2017-10-29 12:12:59', -1),
(863, NULL, 'Hina', 'Zubair', 'zubair', NULL, 0, NULL, '+353 86 892 3811', 'zubairali.khan@yahoo.com', 0, 1, 0, 0, '2017-10-29 12:12:59', '2017-10-29', '2017-10-29 12:12:59', -1),
(864, NULL, 'Alma', 'Camingawan', 'camingawan', NULL, 0, NULL, '+353 87 965 5782', 'rubencmn@hotmail.com', 0, 1, 0, 0, '2017-10-29 12:12:59', '2017-10-29', '2017-10-29 12:12:59', -1),
(865, NULL, 'Lisa', 'Kehoe', 'kehoe', NULL, 0, NULL, '+353 87 285 8015', 'lisa.kehoe@bnymellon.com', 0, 1, 0, 0, '2017-10-29 12:12:59', NULL, '2017-10-29 12:12:59', -1),
(866, NULL, 'Rejone', 'Botazini Nery', 'botazininery', NULL, 0, NULL, '+353 86 831 3249', 'rejanenery@gmail.com', 0, 1, 0, 0, '2017-10-29 12:12:59', '2017-10-29', '2017-10-29 12:12:59', -1),
(867, NULL, 'Maria', 'Gardiner', 'gardiner', NULL, 0, NULL, '+353 87 685 5712', 'maria.gard@gmail.com', 0, 1, 0, 0, '2017-10-29 12:12:59', '2017-10-29', '2017-10-29 12:12:59', -1),
(868, NULL, 'Jennifer', 'O\'Connor', 'connor', NULL, 0, NULL, '+353 86 604 3885', 'jen.anne.coffey@gmail.com', 0, 1, 0, 0, '2017-10-29 12:12:59', '2017-10-29', '2017-10-29 12:12:59', -1),
(869, NULL, 'Sarah', 'Fitzgerald', 'fitzgerald', NULL, 0, NULL, '+353 87 967 0422', 'geraghtysarah2006@gmail.com', 0, 1, 0, 0, '2017-10-29 12:12:59', '2017-10-29', '2017-10-29 12:12:59', -1),
(870, NULL, 'Laura', 'Toomey', 'toomey', NULL, 0, NULL, '+353 89 437 8069', 'laura.toomey@yahoo.co.uk', 0, 1, 0, 0, '2017-10-29 12:12:59', '2017-10-29', '2017-10-29 12:12:59', -1),
(871, NULL, 'Lindsay', 'O\'Leary', 'leary', NULL, 0, NULL, '+353 86 831 1808', 'lindsay.oleary@cpl.ie', 0, 1, 0, 0, '2017-10-29 12:12:59', NULL, '2017-10-29 12:12:59', -1),
(872, NULL, 'Nicola', 'Waldron', 'waldron', NULL, 0, NULL, '+353 85 863 9349', 'waldronnicola@rocketmail.com', 0, 1, 0, 0, '2017-10-29 12:12:59', NULL, '2017-10-29 12:12:59', -1),
(873, NULL, 'Clare', 'Roy', 'roy', NULL, 0, NULL, '+353 86 342 3532', 'claremcgowan@gmail.com', 0, 1, 0, 0, '2017-10-29 12:12:59', NULL, '2017-10-29 12:12:59', -1),
(874, NULL, 'Elaine', 'Hughes', 'hughes', NULL, 0, NULL, '+353 87 790 8560', 'elaine@tha.ie', 0, 1, 0, 0, '2017-10-29 12:12:59', NULL, '2017-10-29 12:12:59', -1),
(875, NULL, 'Deirdre', 'Meagher', 'meagher', NULL, 0, NULL, '+353 86 821 5342', 'deirdre.meagher@yahoo.ie', 0, 1, 0, 0, '2017-10-29 12:12:59', NULL, '2017-10-29 12:12:59', -1),
(876, NULL, 'Sharon', 'Gallagher', 'gallagher', NULL, 0, NULL, '+353 86 362 5567', 'shaz_needham@yahoo.com', 0, 1, 0, 0, '2017-10-29 12:12:59', NULL, '2017-10-29 12:12:59', -1),
(877, NULL, 'Lorraine', 'Sullivan', 'sullivan', NULL, 0, NULL, '+353 86 338 0829', 'jsullivan@rkd.ie', 0, 1, 0, 0, '2017-10-29 12:12:59', '2017-10-29', '2017-10-29 12:12:59', -1),
(878, NULL, 'Elaine', 'Simpson', 'simpson', NULL, 0, NULL, '+353 87 762 6682', 'elainesim28@hotmail.com', 0, 1, 0, 0, '2017-10-29 12:12:59', '2017-10-29', '2017-10-29 12:12:59', -1),
(879, NULL, 'Sam', 'Walsh', 'walsh', NULL, 0, NULL, '+353 86 833 2284', 'sam.x.walsh@gmail.com', 0, 1, 0, 0, '2017-10-29 12:12:59', NULL, '2017-10-29 12:12:59', -1),
(880, NULL, 'Jean', 'Smith', 'smith', NULL, 0, NULL, '+353 87 933 5673', 'jeansmith9@eircom.net', 0, 1, 0, 0, '2017-10-29 12:12:59', NULL, '2017-10-29 12:12:59', -1),
(881, NULL, 'Eva', 'Cavey', 'cavey', NULL, 0, NULL, '+353 86 162 7269', 'eva.cavey@gmail.com', 0, 1, 0, 0, '2017-10-29 12:12:59', NULL, '2017-10-29 12:12:59', -1),
(882, NULL, 'Yvonne', 'Mcquinn', 'quinn', NULL, 0, NULL, '+353 86 286 0347', 'yvonne.lande@gmail.com', 0, 1, 0, 0, '2017-10-29 12:12:59', NULL, '2017-10-29 12:12:59', -1),
(883, NULL, 'Michaela', 'Gavalierova', 'gavalierova', NULL, 0, NULL, '+353 86 215 3562', 'michaelagavalierova@gmail.com', 0, 1, 0, 0, '2017-10-29 12:12:59', NULL, '2017-10-29 12:12:59', -1),
(884, NULL, 'Nessa', 'Comerford', 'comerford', NULL, 0, NULL, '+353 86 384 2533', 'comerfordn@gmail.com', 0, 1, 0, 0, '2017-10-29 12:12:59', NULL, '2017-10-29 12:12:59', -1),
(885, NULL, 'Helen', 'Lehane', 'lehane', NULL, 0, NULL, '+353 87 816 2382', 'mcconnell_helen@hotmail.com', 0, 1, 0, 0, '2017-10-29 12:12:59', NULL, '2017-10-29 12:12:59', -1),
(886, NULL, 'Deirdre', 'Dowd', 'dowd', NULL, 0, NULL, '+353 86 833 3989', 'ddowd100@hotmail.com', 0, 1, 0, 0, '2017-10-29 12:12:59', '2017-10-29', '2017-10-29 12:12:59', -1),
(887, NULL, 'Joanne', 'Mcmahon', 'mahon', NULL, 0, NULL, '+353 87 238 0361', 'joannemorganmcmahon@yahoo.co.uk', 0, 1, 0, 0, '2017-10-29 12:12:59', NULL, '2017-10-29 12:12:59', -1),
(888, NULL, 'Evelyn', 'Brogan', 'brogan', NULL, 0, NULL, '+353 87 959 5160', 'evelynmoran@yahoo.co.uk', 0, 1, 0, 0, '2017-10-29 12:12:59', NULL, '2017-10-29 12:12:59', -1),
(889, NULL, 'Michelle', 'Doyle', 'doyle', NULL, 0, NULL, '+353 87 637 6041', 'mrm1doyle@eircom.net', 0, 1, 0, 0, '2017-10-29 12:12:59', NULL, '2017-10-29 12:12:59', -1),
(890, NULL, 'Laurence', 'Lau', 'lau', NULL, 0, NULL, '+353 83 882 9881', 'laupy80@gmail.com', 0, 1, 0, 0, '2017-10-29 12:12:59', '2017-10-29', '2017-10-29 12:12:59', -1),
(891, NULL, 'Audrey', 'O\'Connell', 'connell', NULL, 0, NULL, '+353 83 039 2703', 'audreytoronto71@gmail.com', 0, 1, 0, 0, '2017-10-29 12:12:59', NULL, '2017-10-29 12:12:59', -1),
(892, NULL, 'Cara', 'Mcgreevy', 'greevy', NULL, 0, NULL, '+353 87 290 4937', 'caramckiernan@hotmail.com', 0, 1, 0, 0, '2017-10-29 12:12:59', NULL, '2017-10-29 12:12:59', -1),
(893, NULL, 'Caroline', 'Wall', 'wall', NULL, 0, NULL, '+353 87 979 2140', 'caroline.wall@bbh.com', 0, 1, 0, 0, '2017-10-29 12:12:59', NULL, '2017-10-29 12:12:59', -1),
(894, NULL, 'Yvonne', 'Mulligan', 'mulligan', NULL, 0, NULL, '+353 87 657 2831', 'formconcepts@gmail.com', 0, 1, 0, 0, '2017-10-29 12:12:59', NULL, '2017-10-29 12:12:59', -1),
(895, NULL, 'Carmel', 'Niven', 'ven', NULL, 0, NULL, '+353 85 146 9746', 'carmelniven@yahoo.co.uk', 0, 1, 0, 0, '2017-10-29 12:12:59', NULL, '2017-10-29 12:12:59', -1),
(896, NULL, 'Catriona', 'Mccann', 'cann', NULL, 0, NULL, '+353 86 205 2512', 'catriona.mccann@gmail.com', 0, 1, 0, 0, '2017-10-29 12:12:59', NULL, '2017-10-29 12:12:59', -1),
(897, NULL, 'Elizabeth', 'Stapleton', 'stapleton', NULL, 0, NULL, '+353 87 696 2002', 'lizstapo@live.co.uk', 0, 1, 0, 0, '2017-10-29 12:12:59', '2017-10-29', '2017-10-29 12:12:59', -1),
(898, NULL, 'Dingfen', 'Zhong', 'zhong', NULL, 0, NULL, '+353 87 256 0458', 'dingfen_mick520@yahoo.com', 0, 1, 0, 0, '2017-10-29 12:12:59', '2017-10-29', '2017-10-29 12:12:59', -1),
(899, NULL, 'Jessica', 'Lindsey', 'lindsey', NULL, 0, NULL, '+353 86 240 7244', 'jessicalindsey1980@hotmail.com', 0, 1, 0, 0, '2017-10-29 12:12:59', '2017-10-29', '2017-10-29 12:12:59', -1),
(900, NULL, 'Amy', 'O\'Malley', 'malley', NULL, 0, NULL, '+353 87 917 7542', 'afenning2002@yahoo.com', 0, 1, 0, 0, '2017-10-29 12:12:59', NULL, '2017-10-29 12:12:59', -1),
(901, NULL, 'Emma', 'Dunne', 'dunne', NULL, 0, NULL, '+353 87 281 2567', 'reillyemma@hotmail.com', 0, 1, 0, 0, '2017-10-29 12:12:59', NULL, '2017-10-29 12:12:59', -1),
(902, NULL, 'Susan', 'Jones', 'jones', NULL, 0, NULL, '+353 86 836 2758', 'mcdonaldsusan@hotmail.com', 0, 1, 0, 0, '2017-10-29 12:12:59', '2017-10-29', '2017-10-29 12:12:59', -1),
(903, NULL, 'Serena', 'Leahy', 'leahy', NULL, 0, NULL, '+353 87 743 4765', 'serenagrimes@yahoo.co.uk', 0, 1, 0, 0, '2017-10-29 12:12:59', NULL, '2017-10-29 12:12:59', -1),
(904, NULL, 'Elaine', 'Hannafin', 'hannafin', NULL, 0, NULL, '+353 85 888 4510', 'sorohane@yahoo.ie', 0, 1, 0, 0, '2017-10-29 12:12:59', NULL, '2017-10-29 12:12:59', -1),
(905, NULL, 'Lisa', 'Ryan', 'ryan', NULL, 0, NULL, '+353 86 194 8003', 'lisaryan00@gmail.com', 0, 1, 0, 0, '2017-10-29 12:12:59', NULL, '2017-10-29 12:12:59', -1),
(906, NULL, 'Terri', 'Ryan', 'ryan', NULL, 0, NULL, '+353 87 218 9788', 'minimaad@yahoo.com', 0, 1, 0, 0, '2017-10-29 12:12:59', '2017-10-29', '2017-10-29 12:12:59', -1),
(907, NULL, 'Laura', 'Lucey', 'lucey', NULL, 0, NULL, '+353 87 218 2880', 'laurajphelan@googlemail.com', 0, 1, 0, 0, '2017-10-29 12:12:59', NULL, '2017-10-29 12:12:59', -1),
(908, NULL, 'Christine', 'Horrigan', 'horrigan', NULL, 0, NULL, '+353 87 772 1396', 'dylan@diskinfire.ie', 0, 1, 0, 0, '2017-10-29 12:12:59', NULL, '2017-10-29 12:12:59', -1),
(909, NULL, 'Asha', 'Jestine', 'jestine', NULL, 0, NULL, '+353 87 326 3625', 'ashajustin2008@gmail.com', 0, 1, 0, 0, '2017-10-29 12:12:59', '2017-10-29', '2017-10-29 12:12:59', -1),
(910, NULL, 'Aisling', 'O\'Rafferty', 'rafferty', NULL, 0, NULL, '+353 87 683 8925', 'aislingmellon@gmail.com', 0, 1, 0, 0, '2017-10-29 12:12:59', NULL, '2017-10-29 12:12:59', -1),
(911, NULL, 'Lourdes', 'Gutierrez', 'gutierrez', NULL, 0, NULL, '+353 86 315 0034', 'littlelouly@yahoo.com', 0, 1, 0, 0, '2017-10-29 12:12:59', '2017-10-29', '2017-10-29 12:12:59', -1),
(912, NULL, 'Kelly', 'Murray', 'murray', NULL, 0, NULL, '+353 86 375 1369', 'komalle23@yahoo.com', 0, 1, 0, 0, '2017-10-29 12:12:59', NULL, '2017-10-29 12:12:59', -1),
(913, NULL, 'Beth', 'Kilkenny', 'kilkenny', NULL, 0, NULL, '+353 86 897 4023', 'bethkilkenny@hotmail.com', 0, 1, 0, 0, '2017-10-29 12:12:59', '2017-10-29', '2017-10-29 12:12:59', -1),
(914, NULL, 'Emma', 'Molins', 'molins', NULL, 0, NULL, '+353 87 948 1715', 'barnettemma@yahoo.com', 0, 1, 0, 0, '2017-10-29 12:12:59', NULL, '2017-10-29 12:12:59', -1),
(915, NULL, 'Edna', 'Geron', 'geron', NULL, 0, NULL, '+353 83 867 1208', 'ednamanuel26@yahoo.com', 0, 1, 0, 0, '2017-10-29 12:12:59', '2017-10-29', '2017-10-29 12:12:59', -1),
(916, NULL, 'Andrew', 'Dooney', 'dooney', NULL, 0, NULL, '+353 83 038 6007', 'andrew_dooney@hotmail.com', 0, 1, 0, 0, '2017-10-29 12:12:59', NULL, '2017-10-29 12:12:59', -1),
(917, NULL, 'Jian', 'Zhu', 'zhu', NULL, 0, NULL, '+353 86 057 3542', 'saraerdenesuren@mail.com', 0, 1, 0, 0, '2017-10-29 12:12:59', '2017-10-29', '2017-10-29 12:12:59', -1),
(918, NULL, 'Cait', 'Buggy', 'buggy', NULL, 0, NULL, '+353 87 233 9848', 'donalandcait@eircom.net', 0, 1, 0, 0, '2017-10-29 12:12:59', NULL, '2017-10-29 12:12:59', -1),
(919, NULL, 'Linda', 'Kret', 'kret', NULL, 0, NULL, '+353 85 149 5256', 'linda_kret@yahoo.com', 0, 1, 0, 0, '2017-10-29 12:12:59', NULL, '2017-10-29 12:12:59', -1),
(920, NULL, 'Jackie', 'Clarke', 'clarke', NULL, 0, NULL, '+353 87 958 1916', 'jackie@clarke.ie', 0, 1, 0, 0, '2017-10-29 12:12:59', NULL, '2017-10-29 12:12:59', -1),
(921, NULL, 'Denise', 'Drudy', 'drudy', NULL, 0, NULL, '+353 87 630 6373', 'denisedrudy@yahoo.co.uk', 0, 1, 0, 0, '2017-10-29 12:12:59', NULL, '2017-10-29 12:12:59', -1),
(922, NULL, 'Michelle', 'VictorByrne', 'victorbyrne', NULL, 0, NULL, '+353 86 856 7462', 'mvictorbyrne@gmail.com', 0, 1, 0, 0, '2017-10-29 12:12:59', NULL, '2017-10-29 12:12:59', -1),
(923, NULL, 'Sheila', 'Ferriter', 'ferriter', NULL, 0, NULL, '+353 86 887 3956', 'sheilsmaher@gmail.com', 0, 1, 0, 0, '2017-10-29 12:12:59', NULL, '2017-10-29 12:12:59', -1),
(924, NULL, 'Orla', 'Linnane', 'linnane', NULL, 0, NULL, '+353 86 816 7272', 'osmith16@gmail.com', 0, 1, 0, 0, '2017-10-29 12:12:59', NULL, '2017-10-29 12:12:59', -1),
(925, NULL, 'Margaret', 'Aylward', 'aylward', NULL, 0, NULL, '+353 86 832 4565', 'manningmags@gmail.com', 0, 1, 0, 0, '2017-10-29 12:12:59', NULL, '2017-10-29 12:12:59', -1),
(926, NULL, 'Eimear', 'Mcenroe', 'enroe', NULL, 0, NULL, '+353 86 363 2103', 'eimearburke15@gmail.com', 0, 1, 0, 0, '2017-10-29 12:12:59', NULL, '2017-10-29 12:12:59', -1),
(927, NULL, 'Martina', 'O\'Brien', 'brien', NULL, 0, NULL, '+353 85 283 7471', 'bellsalexis@hotmail.com', 0, 1, 0, 0, '2017-10-29 12:12:59', '2017-10-29', '2017-10-29 12:12:59', -1),
(928, NULL, 'Emma', 'O\'Loughlin', 'loughlin', NULL, 0, NULL, '+353 86 370 7312', 'oloughlinemma@gmail.com', 0, 1, 0, 0, '2017-10-29 12:12:59', NULL, '2017-10-29 12:12:59', -1),
(929, NULL, 'Amanda', 'Swan', 'swan', NULL, 0, NULL, '+353 85 814 7562', 'amandaswan@hotmail.com', 0, 1, 0, 0, '2017-10-29 12:12:59', NULL, '2017-10-29 12:12:59', -1),
(930, NULL, 'Lisa', 'Whelan', 'whelan', NULL, 0, NULL, '+353 86 609 8018', 'brian@medprotect.ie', 0, 1, 0, 0, '2017-10-29 12:12:59', '2017-10-29', '2017-10-29 12:12:59', -1),
(931, NULL, 'Susan', 'Carroll', 'carroll', NULL, 0, NULL, '+353 86 821 0143', 'carroll.susan8@gmail.com', 0, 1, 0, 0, '2017-10-29 12:12:59', NULL, '2017-10-29 12:12:59', -1),
(932, NULL, 'Fintan', 'Cooney', 'cooney', NULL, 0, NULL, '+353 85 264 9478', 'fintanjen@gmail.com', 0, 1, 0, 0, '2017-10-29 12:12:59', '2017-10-29', '2017-10-29 12:12:59', -1),
(933, NULL, 'Ann', 'Mcgauran', 'gauran', NULL, 0, NULL, '+353 87 256 7842', 'ann.toland@hisc.ie', 0, 1, 0, 0, '2017-10-29 12:12:59', NULL, '2017-10-29 12:12:59', -1),
(934, NULL, 'Sinead', 'Fogarty', 'fogarty', NULL, 0, NULL, '+353 87 270 4856', 'sinead.fogarty@roche.com', 0, 1, 0, 0, '2017-10-29 12:12:59', NULL, '2017-10-29 12:12:59', -1),
(935, NULL, 'Victoria', 'Malik', 'malik', NULL, 0, NULL, '+353 85 180 7502', 'vickypalmermalik@yahoo.ie', 0, 1, 0, 0, '2017-10-29 12:12:59', NULL, '2017-10-29 12:12:59', -1),
(936, NULL, 'Naveed', 'Kashif', 'kashif', NULL, 0, NULL, '+353 86 173 8943', 'kashif.naveed@ericsson.com', 0, 1, 0, 0, '2017-10-29 12:12:59', NULL, '2017-10-29 12:12:59', -1),
(937, NULL, 'Eilis', 'Clarke', 'clarke', NULL, 0, NULL, '+353 87 121 9783', 'quiggeilis@yahoo.ie', 0, 1, 0, 0, '2017-10-29 12:12:59', NULL, '2017-10-29 12:12:59', -1),
(938, NULL, 'Cathi', 'O\'Brien', 'brien', NULL, 0, NULL, '+353 87 941 1641', 'cathi@farmhill.eu', 0, 1, 0, 0, '2017-10-29 12:12:59', NULL, '2017-10-29 12:12:59', -1),
(939, NULL, 'Helen', 'Casey', 'casey', NULL, 0, NULL, '+353 87 902 4869', 'donalcasey@rsc.ie', 0, 1, 0, 0, '2017-10-29 12:12:59', NULL, '2017-10-29 12:12:59', -1),
(940, NULL, 'Ali', 'Choual', 'choual', NULL, 0, NULL, '+353 87 699 1181', 'alichoual@gmail.com', 0, 1, 0, 0, '2017-10-29 12:12:59', NULL, '2017-10-29 12:12:59', -1),
(941, NULL, 'Lubna', 'Elnoor', 'elnoor', NULL, 0, NULL, '+353 87 976 2211', 'eltayib.elbushari@gmail.com', 0, 1, 0, 0, '2017-10-29 12:12:59', '2017-10-29', '2017-10-29 12:12:59', -1),
(942, NULL, 'Linda', 'Bennett', 'bennett', NULL, 0, NULL, '+353 85 747 8429', 'lindategan62@gmail.com', 0, 1, 0, 0, '2017-10-29 12:12:59', '2017-10-29', '2017-10-29 12:12:59', -1),
(943, NULL, 'Fiona', 'Gamble', 'gamble', NULL, 0, NULL, '+353 86 821 7799', 'fionagamble36@gmail.com', 0, 1, 0, 0, '2017-10-29 12:12:59', NULL, '2017-10-29 12:12:59', -1),
(944, NULL, 'Jane', 'Woodcock', 'woodcock', NULL, 0, NULL, '+353 86 892 5500', 'jcmwoodcock@gmail.com', 0, 1, 0, 0, '2017-10-29 12:12:59', '2017-10-29', '2017-10-29 12:12:59', -1),
(945, NULL, 'Anne', 'Wren', 'wren', NULL, 0, NULL, '+353 87 215 3829', 'wren.anne.t@gmail.com', 0, 1, 0, 0, '2017-10-29 12:12:59', NULL, '2017-10-29 12:12:59', -1),
(946, NULL, 'Audrey', 'Murray', 'murray', NULL, 0, NULL, '+353 86 853 3868', 'audreysimon1@hotmail.com', 0, 1, 0, 0, '2017-10-29 12:12:59', NULL, '2017-10-29 12:12:59', -1),
(947, NULL, 'Orla', 'Benson', 'benson', NULL, 0, NULL, '+353 87 803 3262', 'bensonorla@gmail.com', 0, 1, 0, 0, '2017-10-29 12:12:59', NULL, '2017-10-29 12:12:59', -1),
(948, NULL, 'Aideen', 'Peters', 'peters', NULL, 0, NULL, '+353 86 833 5029', 'aideen@eci.ie', 0, 1, 0, 0, '2017-10-29 12:12:59', NULL, '2017-10-29 12:12:59', -1),
(949, NULL, 'Ciara', 'Mcmanus', 'manus', NULL, 0, NULL, '+353 87 786 3244', 'ciara.mcmanus@nibrt.ie', 0, 1, 0, 0, '2017-10-29 12:12:59', NULL, '2017-10-29 12:12:59', -1),
(950, NULL, 'James', 'Lyng', 'lyng', NULL, 0, NULL, '+353 86 839 8630', 'james.lyng@ucd.ie', 0, 1, 0, 0, '2017-10-29 12:12:59', '2017-10-29', '2017-10-29 12:12:59', -1),
(951, NULL, 'Annette', 'Patchett', 'patchett', NULL, 0, NULL, '+353 87 414 9458', 'annette.patchett@ucd.ie', 0, 1, 0, 0, '2017-10-29 12:12:59', '2017-10-29', '2017-10-29 12:12:59', -1),
(952, NULL, 'Jane', 'Redmond', 'redmond', NULL, 0, NULL, '+353 86 074 8384', 'jane2redmond@yahoo.co.uk', 0, 1, 0, 0, '2017-10-29 12:12:59', '2017-10-29', '2017-10-29 12:12:59', -1),
(953, NULL, 'Fiona', 'Field', 'field', NULL, 0, NULL, '+353 86 855 4252', 'fiona.field@mediaworks.ie', 0, 1, 0, 0, '2017-10-29 12:12:59', NULL, '2017-10-29 12:12:59', -1),
(954, NULL, 'Kim', 'O\'Kelly', 'kelly', NULL, 0, NULL, '+353 87 613 3248', 'kimokelly@gmail.com', 0, 1, 0, 0, '2017-10-29 12:12:59', NULL, '2017-10-29 12:12:59', -1),
(955, NULL, 'Djazia', 'Chaabane', 'chaabane', NULL, 0, NULL, '+353 87 675 8409', 'djaziachaabane@gmail.com', 0, 1, 0, 0, '2017-10-29 12:12:59', '2017-10-29', '2017-10-29 12:12:59', -1),
(956, NULL, 'Fiona', 'Lalor', 'lalor', NULL, 0, NULL, '+353 86 816 4898', 'lalorfiona@yahoo.ie', 0, 1, 0, 0, '2017-10-29 12:12:59', '2017-10-29', '2017-10-29 12:12:59', -1),
(957, NULL, 'Aisling', 'Keogh', 'keogh', NULL, 0, NULL, '+353 87 902 9374', 'ashlingkeogh@gmail.com', 0, 1, 0, 0, '2017-10-29 12:12:59', NULL, '2017-10-29 12:12:59', -1),
(958, NULL, 'Ralika', 'Belfedhal', 'belfedhal', NULL, 0, NULL, '+353 89 417 7644', 'belkacem2000@yahoo.com', 0, 1, 0, 0, '2017-10-29 12:12:59', '2017-10-29', '2017-10-29 12:12:59', -1),
(959, NULL, 'Jackie', 'Candon', 'candon', NULL, 0, NULL, '+353 86 812 1451', 'jackiecandon99@eircom.net', 0, 1, 0, 0, '2017-10-29 12:12:59', NULL, '2017-10-29 12:12:59', -1),
(960, NULL, 'Caroline', 'De Chaumont', 'dechaumont', NULL, 0, NULL, '+353 87 814 7405', 'caroline.dechaumont@gmail.com', 0, 1, 0, 0, '2017-10-29 12:12:59', '2017-10-29', '2017-10-29 12:12:59', -1),
(961, NULL, 'Lorna', 'Dempsey', 'dempsey', NULL, 0, NULL, '+353 87 656 7885', 'lornad75@gmail.com', 0, 1, 0, 0, '2017-10-29 12:12:59', '2017-10-29', '2017-10-29 12:12:59', -1),
(962, NULL, 'Cora', 'Doran', 'doran', NULL, 0, NULL, '+353 87 998 3569', 'coradeburca.ie@gmail.com', 0, 1, 0, 0, '2017-10-29 12:12:59', '2017-10-29', '2017-10-29 12:12:59', -1),
(963, NULL, 'Katie', 'Fitzpatrick', 'fitzpatrick', NULL, 0, NULL, '+353 86 608 6003', 'katieyoga@gmail.com', 0, 1, 0, 0, '2017-10-29 12:12:59', NULL, '2017-10-29 12:12:59', -1),
(964, NULL, 'Rasha', 'Linehan', 'linehan', NULL, 0, NULL, '+353 86 816 7455', 'rasha_ramzi@yahoo.com', 0, 1, 0, 0, '2017-10-29 12:12:59', NULL, '2017-10-29 12:12:59', -1),
(965, NULL, 'Judit', 'Mardan', 'mardan', NULL, 0, NULL, '+353 86 153 6234', 'jjudithwagnerro@yahoo.com', 0, 1, 0, 0, '2017-10-29 12:12:59', '2017-10-29', '2017-10-29 12:12:59', -1),
(966, NULL, 'Caitriona', 'D\'Arcy O\'Grady', 'darcyogrady', NULL, 0, NULL, '+353 86 811 2586', 'caitdarcy@hotmail.com', 0, 1, 0, 0, '2017-10-29 12:12:59', NULL, '2017-10-29 12:12:59', -1),
(967, NULL, 'Ruth', 'Quinlan', 'quinlan', NULL, 0, NULL, '+353 86 830 0210', 'tr_quinlan@hotmail.com', 0, 1, 0, 0, '2017-10-29 12:12:59', '2017-10-29', '2017-10-29 12:12:59', -1),
(968, NULL, 'Olga', 'Saadoune', 'saadoune', NULL, 0, NULL, '+353 87 180 8388', 'ilyas25s@yandex.ru', 0, 1, 0, 0, '2017-10-29 12:12:59', NULL, '2017-10-29 12:12:59', -1);
INSERT INTO `person` (`id`, `ext_id`, `fname`, `lname`, `indexed_lname`, `salute_name`, `salt_id`, `landline`, `mobile`, `email`, `is_staff`, `is_guardian`, `is_member`, `active`, `created`, `deactivated`, `updated`, `updated_by`) VALUES
(969, NULL, 'Niamh', 'Muldowney', 'muldowney', NULL, 0, NULL, '+353 87 997 5315', 'nmuldowney05@eircom.net', 0, 1, 0, 0, '2017-10-29 12:12:59', NULL, '2017-10-29 12:12:59', -1),
(970, NULL, 'Joanne', 'Harte', 'harte', NULL, 0, NULL, '+353 87 225 5025', 'joanne10harte@gmail.com', 0, 1, 0, 0, '2017-10-29 12:12:59', NULL, '2017-10-29 12:12:59', -1),
(971, NULL, 'Siobhan', 'Boylan', 'boylan', NULL, 0, NULL, '+353 86 155 6586', 'boylansiobhan@gmail.com', 0, 1, 0, 0, '2017-10-29 12:12:59', '2017-10-29', '2017-10-29 12:12:59', -1),
(972, NULL, 'Fiona', 'Broughton', 'broughton', NULL, 0, NULL, '+353 87 298 9388', 'fionabroughton@hotmail.com', 0, 1, 0, 0, '2017-10-29 12:12:59', '2017-10-29', '2017-10-29 12:12:59', -1),
(973, NULL, 'Pilar', 'Rodriguez', 'rodriguez', NULL, 0, NULL, '+353 89 435 1905', 'pilarrodriguezdublin@hotmail.com', 0, 1, 0, 0, '2017-10-29 12:12:59', '2017-10-29', '2017-10-29 12:12:59', -1),
(974, NULL, 'Petre', 'Cofa', 'cofa', NULL, 0, NULL, '+353 89 247 8369', 'cofa_petrica@yahoo.com', 0, 1, 0, 0, '2017-10-29 12:12:59', NULL, '2017-10-29 12:12:59', -1),
(975, NULL, 'Martina', 'Cody', 'cody', NULL, 0, NULL, '+353 87 644 9670', 'martinacody@gmail.com', 0, 1, 0, 0, '2017-10-29 12:12:59', '2017-10-29', '2017-10-29 12:12:59', -1),
(976, NULL, 'Sinead', 'Cosgrove', 'cosgrove', NULL, 0, NULL, '+353 85 711 6459', 'sinead.cosgrove@chemistry.ie', 0, 1, 0, 0, '2017-10-29 12:12:59', NULL, '2017-10-29 12:12:59', -1),
(977, NULL, 'Gemma', 'Cody', 'cody', NULL, 0, NULL, '+353 87 240 8693', 'gcoady@mhc.ie', 0, 1, 0, 0, '2017-10-29 12:12:59', '2017-10-29', '2017-10-29 12:12:59', -1),
(978, NULL, 'Aesha', 'Duadu', 'duadu', NULL, 0, NULL, '+353 87 238 1654', 'mohammed.hfied@gmail.com', 0, 1, 0, 0, '2017-10-29 12:12:59', '2017-10-29', '2017-10-29 12:12:59', -1),
(979, NULL, 'Celine', 'Forbes', 'forbes', NULL, 0, NULL, '+353 86 896 5883', 'celine.murrin@ucd.ie', 0, 1, 0, 0, '2017-10-29 12:12:59', NULL, '2017-10-29 12:12:59', -1),
(980, NULL, 'Rachel', 'Furlong', 'furlong', NULL, 0, NULL, '+353 86 836 1212', 'rachelafurlong@gmail.com', 0, 1, 0, 0, '2017-10-29 12:12:59', '2017-10-29', '2017-10-29 12:12:59', -1),
(981, NULL, 'Martina', 'Mckillen', 'killen', NULL, 0, NULL, '+353 87 331 5233', 'mmckillen52@gmail.com', 0, 1, 0, 0, '2017-10-29 12:12:59', '2017-10-29', '2017-10-29 12:12:59', -1),
(982, NULL, 'Suzanne', 'Mcguinness', 'guinness', NULL, 0, NULL, '+353 86 386 6197', 's_cullen@yahoo.com', 0, 1, 0, 0, '2017-10-29 12:12:59', NULL, '2017-10-29 12:12:59', -1),
(983, NULL, 'Noreen', 'Maguire', 'maguire', NULL, 0, NULL, '+353 87 686 7724', 'noreen.maguire9@gmail.com', 0, 1, 0, 0, '2017-10-29 12:12:59', NULL, '2017-10-29 12:12:59', -1),
(984, NULL, 'Janine', 'Nolan', 'nolan', NULL, 0, NULL, '+353 87 218 7513', 'jbillings@eircom.net', 0, 1, 0, 0, '2017-10-29 12:12:59', '2017-10-29', '2017-10-29 12:12:59', -1),
(985, NULL, 'Mary', 'Bagge', 'bagge', NULL, 0, NULL, '+353 86 831 3443', 'tomandmarynoone@yahoo.com', 0, 1, 0, 0, '2017-10-29 12:12:59', NULL, '2017-10-29 12:12:59', -1),
(986, NULL, 'Cherry', 'Rodriguez', 'rodriguez', NULL, 0, NULL, '+353 86 826 4953', 'cherry_almonicar@yahoo.com', 0, 1, 0, 0, '2017-10-29 12:12:59', '2017-10-29', '2017-10-29 12:12:59', -1),
(987, NULL, 'Catherine', 'Vale', 'vale', NULL, 0, NULL, '+353 86 380 1655', 'catherine_vale@yahoo.ie', 0, 1, 0, 0, '2017-10-29 12:12:59', '2017-10-29', '2017-10-29 12:12:59', -1),
(988, NULL, 'Azzedine', 'Medbou', 'medbou', NULL, 0, NULL, '+353 89 254 4821', 'azzedinemedbou@hotmail.com', 0, 1, 0, 0, '2017-10-29 12:12:59', '2017-10-29', '2017-10-29 12:12:59', -1),
(989, NULL, 'Martina', 'Freeman', 'freeman', NULL, 0, NULL, '+353 86 064 1952', 'martyfreeman1977@gmail.com', 0, 1, 0, 0, '2017-10-29 12:12:59', '2017-10-29', '2017-10-29 12:12:59', -1),
(990, NULL, 'Nancy', 'Pantin', 'pantin', NULL, 0, NULL, '+353 89 499 1166', 'dublin71@aol.com', 0, 1, 0, 0, '2017-10-29 12:12:59', '2017-10-29', '2017-10-29 12:12:59', -1),
(991, NULL, 'Ferdusi', 'Zaman', 'zaman', NULL, 0, NULL, '+353 89 428 6968', 'monireu@gmail.com', 0, 1, 0, 0, '2017-10-29 12:12:59', NULL, '2017-10-29 12:12:59', -1),
(992, NULL, 'Elaine', 'Butler', 'butler', NULL, 0, NULL, '+353 87 814 6623', 'ms.e.butler@gmail.com', 0, 1, 0, 0, '2017-10-29 12:12:59', '2017-10-29', '2017-10-29 12:12:59', -1),
(993, NULL, 'Toni', 'Brosnan', 'brosnan', NULL, 0, NULL, '+353 86 803 5982', 'toni_brosnan@hotmail.com', 0, 1, 0, 0, '2017-10-29 12:12:59', '2017-10-29', '2017-10-29 12:12:59', -1),
(994, NULL, 'Triona', 'Mc Conkey', 'conkey', NULL, 0, NULL, '+353 87 265 1473', 'triona@mccomms.ie', 0, 1, 0, 0, '2017-10-29 12:12:59', '2017-10-29', '2017-10-29 12:12:59', -1),
(995, NULL, 'Patricia', 'Gabetto', 'gabetto', NULL, 0, NULL, '+353 87 667 2991', 'patricia.gabetto@gmail.com', 0, 1, 0, 0, '2017-10-29 12:12:59', '2017-10-29', '2017-10-29 12:12:59', -1),
(996, NULL, 'Amanda', 'Long', 'long', NULL, 0, NULL, '+353 86 380 3003', 'nigel.murphy@pps.ie', 0, 1, 0, 0, '2017-10-29 12:12:59', '2017-10-29', '2017-10-29 12:12:59', -1),
(997, NULL, 'Suzanne', 'Bermas', 'bermas', NULL, 0, NULL, '+353 86 375 4477', 'suzannejob@gmail.com', 0, 1, 0, 0, '2017-10-29 12:12:59', '2017-10-29', '2017-10-29 12:12:59', -1),
(998, NULL, 'Una', 'Meehan', 'meehan', NULL, 0, NULL, '+353 86 087 3826', 'unameehan@hotmail.com', 0, 1, 0, 0, '2017-10-29 12:12:59', '2017-10-29', '2017-10-29 12:12:59', -1),
(999, NULL, 'Jennifer', 'Mangan', 'mangan', NULL, 0, NULL, '+353 85 138 2755', 'mangan.jennifer@gmail.com', 0, 1, 0, 0, '2017-10-29 12:12:59', '2017-10-29', '2017-10-29 12:12:59', -1),
(1000, NULL, 'Anita', 'Mcdonnell', 'donnell', NULL, 0, NULL, '+353 86 885 5625', 'anitamcd@me.com', 0, 1, 0, 0, '2017-10-29 12:12:59', '2017-10-29', '2017-10-29 12:12:59', -1),
(1001, NULL, 'Doone', 'O\'Doherty', 'doherty', NULL, 0, NULL, '+353 87 276 8112', 'doone.odoherty@ie.pwc.com', 0, 1, 0, 0, '2017-10-29 12:12:59', NULL, '2017-10-29 12:12:59', -1),
(1002, NULL, 'Magdalena', 'Duma', 'duma', NULL, 0, NULL, '+353 85 231 5191', 'clinch_eastwood@go2.pl', 0, 1, 0, 0, '2017-10-29 12:12:59', '2017-10-29', '2017-10-29 12:12:59', -1),
(1003, NULL, 'Cecilia', 'Porlucas', 'porlucas', NULL, 0, NULL, '+353 87 903 1431', 'ceciliaporlucas@yahoo.com', 0, 1, 0, 0, '2017-10-29 12:12:59', '2017-10-29', '2017-10-29 12:12:59', -1),
(1004, NULL, 'Beena', 'Kooran', 'kooran', NULL, 0, NULL, '+353 87 124 9009', 'kcsunnycheria@yahoo.com', 0, 1, 0, 0, '2017-10-29 12:12:59', NULL, '2017-10-29 12:12:59', -1),
(1005, NULL, 'Lauryn', 'Mcloughlin', 'loughlin', NULL, 0, NULL, '+353 85 129 3486', 'laurynm24@hotmail.com', 0, 1, 0, 0, '2017-10-29 12:12:59', '2017-10-29', '2017-10-29 12:12:59', -1),
(1006, NULL, 'Suzanne', 'Roche', 'roche', NULL, 0, NULL, '+353 86 383 6870', 'sroche@frankennis.com', 0, 1, 0, 0, '2017-10-29 12:12:59', '2017-10-29', '2017-10-29 12:12:59', -1),
(1007, NULL, 'Maedhbh', 'Cronin', 'cronin', NULL, 0, NULL, '+353 87 113 5854', 'maedhbhcronin@gmail.com', 0, 1, 0, 0, '2017-10-29 12:12:59', '2017-10-29', '2017-10-29 12:12:59', -1),
(1008, NULL, 'Nouf', 'Alnasser', 'alnasser', NULL, 0, NULL, '+353 85 749 5070', 'noufsn@hotmail.com', 0, 1, 0, 0, '2017-10-29 12:12:59', NULL, '2017-10-29 12:12:59', -1),
(1009, NULL, 'Sarah', 'Prescott', 'prescott', NULL, 0, NULL, '+353 87 184 7051', 'sarah.prescott@ucd.ie', 0, 1, 0, 0, '2017-10-29 12:12:59', '2017-10-29', '2017-10-29 12:12:59', -1),
(1010, NULL, 'Laila', 'Berthelsen', 'berthelsen', NULL, 0, NULL, '+353 86 237 4450', 'berthelsen22@icloud.com', 0, 1, 0, 0, '2017-10-29 12:12:59', '2017-10-29', '2017-10-29 12:12:59', -1),
(1011, NULL, 'Michelle', 'Brennan', 'brennan', NULL, 0, NULL, '+353 87 958 4142', 'maltatimeagain@gmail.com', 0, 1, 0, 0, '2017-10-29 12:12:59', '2017-10-29', '2017-10-29 12:12:59', -1),
(1012, NULL, 'Hussein', 'Buhidma', 'buhidma', NULL, 0, NULL, '+353 87 655 5735', 'buhedma@gmail.com', 0, 1, 0, 0, '2017-10-29 12:12:59', '2017-10-29', '2017-10-29 12:12:59', -1),
(1013, NULL, 'Juvy', 'Ledesma', 'ledesma', NULL, 0, NULL, '+353 87 915 8483', 'rhenzledesma@yahoo.com', 0, 1, 0, 0, '2017-10-29 12:12:59', '2017-10-29', '2017-10-29 12:12:59', -1),
(1014, NULL, 'Paula', 'Flanagan', 'flanagan', NULL, 0, NULL, '+353 87 997 0803', 'paula.flanagan@gmail.com', 0, 1, 0, 0, '2017-10-29 12:12:59', '2017-10-29', '2017-10-29 12:12:59', -1),
(1015, NULL, 'David', 'Duffy', 'duffy', NULL, 0, NULL, '+353 87 052 5459', 'dduffy245@gmail.com', 0, 1, 0, 0, '2017-10-29 12:12:59', '2017-10-29', '2017-10-29 12:12:59', -1),
(1016, NULL, 'Mairin', 'Boland', 'boland', NULL, 0, NULL, '+353 87 652 2932', 'mairin.boland@gmail.com', 0, 1, 0, 0, '2017-10-29 12:12:59', '2017-10-29', '2017-10-29 12:12:59', -1),
(1017, NULL, 'Elaine', 'Quinlan', 'quinlan', NULL, 0, NULL, '+353 87 917 5817', 'elainequinlan@hotmail.com', 0, 1, 0, 0, '2017-10-29 12:12:59', '2017-10-29', '2017-10-29 12:12:59', -1),
(1018, NULL, 'Ameua', 'De Jesus', 'dejesus', NULL, 0, NULL, '+353 86 384 5330', 'amydublin_06@yahoo.com', 0, 1, 0, 0, '2017-10-29 12:12:59', '2017-10-29', '2017-10-29 12:12:59', -1),
(1019, NULL, 'Colette', 'O\'Brien', 'brien', NULL, 0, NULL, '+353 86 100 6228', 'coletteob@hotmail.com', 0, 1, 0, 0, '2017-10-29 12:12:59', '2017-10-29', '2017-10-29 12:12:59', -1),
(1020, NULL, 'Bernadette', 'Mcgovern', 'govern', NULL, 0, NULL, '+353 86 861 1932', 'mcgovernnb2012@yahoo.com', 0, 1, 0, 0, '2017-10-29 12:12:59', '2017-10-29', '2017-10-29 12:12:59', -1),
(1021, NULL, 'Danielle', 'Dowling', 'dowling', NULL, 0, NULL, '+353 86 200 4734', 'danielledowling2010@gmail.com', 0, 1, 0, 0, '2017-10-29 12:12:59', '2017-10-29', '2017-10-29 12:12:59', -1),
(1022, NULL, 'Jeannie', 'Perocho', 'perocho', NULL, 0, NULL, '+353 87 910 0776', 'jeanniepers@yahoo.co.uk', 0, 1, 0, 0, '2017-10-29 12:12:59', '2017-10-29', '2017-10-29 12:12:59', -1),
(1023, NULL, 'Emer', 'Dunne', 'dunne', NULL, 0, NULL, '+353 87 987 7566', 'emer.byrne@dit.ie', 0, 1, 0, 0, '2017-10-29 12:12:59', '2017-10-29', '2017-10-29 12:12:59', -1),
(1024, NULL, 'Sharon', 'Hogan', 'hogan', NULL, 0, NULL, '+353 89 460 6645', 'charlie.72@hotmail.it', 0, 1, 0, 0, '2017-10-29 12:12:59', '2017-10-29', '2017-10-29 12:12:59', -1),
(1025, NULL, 'Kevin', 'Cronin', 'cronin', NULL, 0, NULL, '+353 87 270 6036', 'kevin.cronin@rte.ie', 0, 1, 0, 0, '2017-10-29 12:12:59', '2017-10-29', '2017-10-29 12:12:59', -1),
(1026, NULL, 'Sarah', 'Mccormick', 'cormick', NULL, 0, NULL, '+353 86 860 9990', 'sasmac@gmail.com', 0, 1, 0, 0, '2017-10-29 12:12:59', '2017-10-29', '2017-10-29 12:12:59', -1),
(1027, NULL, 'Mercedes', 'Lopez', 'lopez', NULL, 0, NULL, '+353 83 826 8568', 'lopez.steffensen@gmail.com', 0, 1, 0, 0, '2017-10-29 12:12:59', '2017-10-29', '2017-10-29 12:12:59', -1),
(1028, NULL, 'Esraa', 'Arafat', 'arafat', NULL, 0, NULL, '+353 86 080 6019', 'ahmd33@hotmail.com', 0, 1, 0, 0, '2017-10-29 12:12:59', '2017-10-29', '2017-10-29 12:12:59', -1),
(1029, NULL, 'Imelda', 'Farrell', 'farrell', NULL, 0, NULL, '+353 86 730 3412', 'imeldafarrell3@yahoo.co.uk', 0, 1, 0, 0, '2017-10-29 12:12:59', '2017-10-29', '2017-10-29 12:12:59', -1),
(1030, NULL, 'Claire', 'Walsh', 'walsh', NULL, 0, NULL, '+353 86 825 4183', 'clairepwalsh@gmail.com', 0, 1, 0, 0, '2017-10-29 12:12:59', NULL, '2017-10-29 12:12:59', -1),
(1031, NULL, 'Audrey', 'Martin', 'martin', NULL, 0, NULL, '+353 87 991 5448', 'audrey.martin@dit.ie', 0, 1, 0, 0, '2017-10-29 12:12:59', '2017-10-29', '2017-10-29 12:12:59', -1),
(1032, NULL, 'Lyes', 'Bouhadja', 'bouhadja', NULL, 0, NULL, '+353 87 795 0986', 'lyesabdou@hotmail.com', 0, 1, 0, 0, '2017-10-29 12:12:59', '2017-10-29', '2017-10-29 12:12:59', -1),
(1033, NULL, 'Ian', 'Byrne', 'byrne', NULL, 0, NULL, '+353 89 255 2783', 'ianmdbyrne@gmail.com', 0, 1, 0, 0, '2017-10-29 12:12:59', '2017-10-29', '2017-10-29 12:12:59', -1),
(1034, NULL, 'Helena', 'Donohue', 'donohue', NULL, 0, NULL, '+353 85 734 2392', 'helena-donohue@hotmail.com', 0, 1, 0, 0, '2017-10-29 12:12:59', '2017-10-29', '2017-10-29 12:12:59', -1),
(1035, NULL, 'Miriam', 'Heneghan', 'heneghan', NULL, 0, NULL, '+353 87 822 5204', 'miriam.cormack@gtech.com', 0, 1, 0, 0, '2017-10-29 12:12:59', NULL, '2017-10-29 12:12:59', -1),
(1036, NULL, 'Amanda', 'Moran', 'moran', NULL, 0, NULL, '+353 86 340 2389', 'moranamanda72@gmail.com', 0, 1, 0, 0, '2017-10-29 12:12:59', '2017-10-29', '2017-10-29 12:12:59', -1),
(1037, NULL, 'Roseleen', 'Morrissey', 'morrissey', NULL, 0, NULL, '+353 87 618 6386', 'roseleenmorrissey@hotmail.com', 0, 1, 0, 0, '2017-10-29 12:12:59', '2017-10-29', '2017-10-29 12:12:59', -1),
(1038, NULL, 'Suzanne', 'Bennett', 'bennett', NULL, 0, NULL, '+353 85 772 0514', 'suzannemarybennett@yahoo.ie', 0, 1, 0, 0, '2017-10-29 12:12:59', '2017-10-29', '2017-10-29 12:12:59', -1),
(1039, NULL, 'Anne', 'Nangle', 'nangle', NULL, 0, NULL, '+353 87 617 1283', 'annenangle@eircom.net', 0, 1, 0, 0, '2017-10-29 12:12:59', '2017-10-29', '2017-10-29 12:12:59', -1),
(1040, NULL, 'Marguerite', 'Sheridan', 'sheridan', NULL, 0, NULL, '+353 87 926 4989', 'marguerite.sheridan@rte.ie', 0, 1, 0, 0, '2017-10-29 12:12:59', '2017-10-29', '2017-10-29 12:12:59', -1),
(1041, NULL, 'Laura', 'Kennedy', 'kennedy', NULL, 0, NULL, '+353 86 231 4195', 'lauramackenna@iol.ie', 0, 1, 0, 0, '2017-10-29 12:12:59', '2017-10-29', '2017-10-29 12:12:59', -1),
(1042, NULL, 'Brian', 'Nolan', 'nolan', NULL, 0, NULL, '+353 85 282 9952', 'mnbective65@gmail.com', 0, 1, 0, 0, '2017-10-29 12:12:59', '2017-10-29', '2017-10-29 12:12:59', -1),
(1043, NULL, 'Orna', 'Conway', 'conway', NULL, 0, NULL, '+353 87 836 1402', 'ornaconway@gmail.com', 0, 1, 0, 0, '2017-10-29 12:12:59', '2017-10-29', '2017-10-29 12:12:59', -1),
(1044, NULL, 'Patricia', 'Archbold', 'archbold', NULL, 0, NULL, '+353 85 234 7112', 'patriciaarchbold@yahoo.co.uk', 0, 1, 0, 0, '2017-10-29 12:12:59', '2017-10-29', '2017-10-29 12:12:59', -1),
(1045, NULL, 'Katarina', 'Obrcianova', 'brcianova', NULL, 0, NULL, '+353 87 215 4088', 'katulienka_o@hotmail.com', 0, 1, 0, 0, '2017-10-29 12:12:59', '2017-10-29', '2017-10-29 12:12:59', -1),
(1046, NULL, 'Michelle', 'Butera', 'butera', NULL, 0, NULL, '+353 87 948 3900', 'michellebutera1@gmail.com', 0, 1, 0, 0, '2017-10-29 12:12:59', '2017-10-29', '2017-10-29 12:12:59', -1),
(1047, NULL, 'Ryan', 'Fahy', 'fahy', NULL, 0, NULL, '+353 85 769 0916', 'ryandmccann@me.com', 0, 1, 0, 0, '2017-10-29 12:12:59', '2017-10-29', '2017-10-29 12:12:59', -1),
(1048, NULL, 'Yvonne', 'Glennon', 'glennon', NULL, 0, NULL, '+353 86 866 4694', 'yvonnegoode@hotmail.com', 0, 1, 0, 0, '2017-10-29 12:12:59', '2017-10-29', '2017-10-29 12:12:59', -1),
(1049, NULL, 'Sarah', 'Mullan', 'mullan', NULL, 0, NULL, '+353 86 042 1427', 'bpmullan@gmail.com', 0, 1, 0, 0, '2017-10-29 12:12:59', '2017-10-29', '2017-10-29 12:12:59', -1),
(1050, NULL, 'Lynette', 'O\'Regan', 'regan', NULL, 0, NULL, '+353 87 901 0585', 'lynette.oregan@yahoo.ie', 0, 1, 0, 0, '2017-10-29 12:12:59', '2017-10-29', '2017-10-29 12:12:59', -1),
(1051, NULL, 'Janet', 'Mccormack', 'cormack', NULL, 0, NULL, '+353 86 821 3370', 'janet.mccormack77@gmail.com', 0, 1, 0, 0, '2017-10-29 12:12:59', '2017-10-29', '2017-10-29 12:12:59', -1),
(1052, NULL, 'Mauwa', 'Kinch', 'kinch', NULL, 0, NULL, '+353 86 812 0951', 'deskinch@eircom.net', 0, 1, 0, 0, '2017-10-29 12:12:59', NULL, '2017-10-29 12:12:59', -1),
(1053, NULL, 'Susie', 'Downes', 'downes', NULL, 0, NULL, '+353 87 264 3774', 'susanmcelwee@gmail.com', 0, 1, 0, 0, '2017-10-29 12:12:59', '2017-10-29', '2017-10-29 12:12:59', -1),
(1054, NULL, 'Lorraine', 'Sarsfield', 'sarsfield', NULL, 0, NULL, '+353 86 175 5840', 'lorraine.power@gmail.com', 0, 1, 0, 0, '2017-10-29 12:12:59', '2017-10-29', '2017-10-29 12:12:59', -1),
(1055, NULL, 'Agata', 'Di Fario', 'difario', NULL, 0, NULL, '+353 86 227 0848', 'agatella84@hotmail.it', 0, 1, 0, 0, '2017-10-29 12:12:59', '2017-10-29', '2017-10-29 12:12:59', -1),
(1056, NULL, 'Triona', 'Feeney', 'feeney', NULL, 0, NULL, '+353 87 669 7461', 'lconnellan2004@yahoo.co.uk', 0, 1, 0, 0, '2017-10-29 12:12:59', '2017-10-29', '2017-10-29 12:12:59', -1),
(1057, NULL, 'Susan', 'Behan', 'behan', NULL, 0, NULL, '+353 87 616 8002', 'suecbehan@yahoo.com', 0, 1, 0, 0, '2017-10-29 12:12:59', '2017-10-29', '2017-10-29 12:12:59', -1),
(1058, NULL, 'Mary', 'Madden', 'madden', NULL, 0, NULL, '+353 85 133 7414', 'marylynnmadden@gmail.com', 0, 1, 0, 0, '2017-10-29 12:12:59', '2017-10-29', '2017-10-29 12:12:59', -1),
(1059, NULL, 'Chi', 'Luo', 'luo', NULL, 0, NULL, '+353 86 865 3393', 'dunnene@tcd.ie', 0, 1, 0, 0, '2017-10-29 12:12:59', '2017-10-29', '2017-10-29 12:12:59', -1),
(1060, NULL, 'Jimena', 'Sanchez', 'sanchez', NULL, 0, NULL, '+353 89 964 5632', 'jimesanchez@gmail.com', 0, 1, 0, 0, '2017-10-29 12:12:59', '2017-10-29', '2017-10-29 12:12:59', -1),
(1061, NULL, 'Amy', 'Canniffe', 'canniffe', NULL, 0, NULL, '+353 87 698 3908', 'acanniffe@yahoo.fr', 0, 1, 0, 0, '2017-10-29 12:12:59', NULL, '2017-10-29 12:12:59', -1),
(1062, NULL, 'Siobhan', 'O\'Meara', 'meara', NULL, 0, NULL, '+353 86 824 5501', 'shiv.farrell@gmail.com', 0, 1, 0, 0, '2017-10-29 12:12:59', '2017-10-29', '2017-10-29 12:12:59', -1),
(1063, NULL, 'Jade', 'Shephard', 'shephard', NULL, 0, NULL, '+353 86 832 8215', 'jadeshephard@gmail.com', 0, 1, 0, 0, '2017-10-29 12:12:59', '2017-10-29', '2017-10-29 12:12:59', -1),
(1064, NULL, 'Sinead', 'Hickey', 'hickey', NULL, 0, NULL, '+353 87 268 9742', 'sineadcassidy@gmail.com', 0, 1, 0, 0, '2017-10-29 12:12:59', '2017-10-29', '2017-10-29 12:12:59', -1),
(1065, NULL, 'Jacinta', 'Bond', 'bond', NULL, 0, NULL, '+353 87 922 5159', 'jbond@websense.com', 0, 1, 0, 0, '2017-10-29 12:12:59', '2017-10-29', '2017-10-29 12:12:59', -1),
(1066, NULL, 'Claire', 'Mccormack', 'cormack', NULL, 0, NULL, '+353 87 216 9846', 'cmccormack@amoss.ie', 0, 1, 0, 0, '2017-10-29 12:12:59', '2017-10-29', '2017-10-29 12:12:59', -1),
(1067, NULL, 'Maura', 'Young', 'young', NULL, 0, NULL, '+353 87 745 5170', 'maurajyoung@yahoo.co.uk', 0, 1, 0, 0, '2017-10-29 12:12:59', '2017-10-29', '2017-10-29 12:12:59', -1),
(1068, NULL, 'Caroline', 'Murray', 'murray', NULL, 0, NULL, '+353 86 821 5280', 'carodaly@hotmail.com', 0, 1, 0, 0, '2017-10-29 12:12:59', '2017-10-29', '2017-10-29 12:12:59', -1),
(1069, NULL, 'Martha', 'Murphy', 'murphy', NULL, 0, NULL, '+353 86 190 8411', 'martha_mcgrath@hotmail.com', 0, 1, 0, 0, '2017-10-29 12:12:59', '2017-10-29', '2017-10-29 12:12:59', -1),
(1070, NULL, 'Carol', 'Manalo', 'manalo', NULL, 0, NULL, '+353 89 440 2439', 'rheymhelm@yahoo.com', 0, 1, 0, 0, '2017-10-29 12:12:59', '2017-10-29', '2017-10-29 12:12:59', -1),
(1071, NULL, 'Tara', 'O\'Sullivan', 'sullivan', NULL, 0, NULL, '+353 86 849 6787', 'kenny_tara@hotmail.com', 0, 1, 0, 0, '2017-10-29 12:12:59', '2017-10-29', '2017-10-29 12:12:59', -1),
(1072, NULL, 'Victoria', 'Breen', 'breen', NULL, 0, NULL, '+353 86 332 9032', 'victoriabreen26@hotmail.com', 0, 1, 0, 0, '2017-10-29 12:12:59', '2017-10-29', '2017-10-29 12:12:59', -1),
(1073, NULL, 'Elena', 'Davies', 'davies', NULL, 0, NULL, '+353 87 993 4742', 'elena.ciuntuc@novartis.com', 0, 1, 0, 0, '2017-10-29 12:12:59', '2017-10-29', '2017-10-29 12:12:59', -1),
(1074, NULL, 'Naomi', 'Foley', 'foley', NULL, 0, NULL, '+353 87 202 3843', 'naofoley@gmail.com', 0, 1, 0, 0, '2017-10-29 12:12:59', '2017-10-29', '2017-10-29 12:12:59', -1),
(1075, NULL, 'Laura', 'Edgeworth', 'edgeworth', NULL, 0, NULL, '+353 86 845 1816', 'laura.s.ke@gmail.com', 0, 1, 0, 0, '2017-10-29 12:12:59', '2017-10-29', '2017-10-29 12:12:59', -1),
(1076, NULL, 'Sinead', 'Hingston', 'hingston', NULL, 0, NULL, '+353 86 386 0796', 'sineadhingston@gmail.com', 0, 1, 0, 0, '2017-10-29 12:12:59', '2017-10-29', '2017-10-29 12:12:59', -1),
(1077, NULL, 'Aoife', 'Feeney', 'feeney', NULL, 0, NULL, '+353 86 354 4200', 'feeney.aoife@gmail.com', 0, 1, 0, 0, '2017-10-29 12:12:59', '2017-10-29', '2017-10-29 12:12:59', -1),
(1078, NULL, 'Ciara', 'O\'Brien', 'brien', NULL, 0, NULL, '+353 83 175 9245', 'flossettes@hotmail.com', 0, 1, 0, 0, '2017-10-29 12:12:59', '2017-10-29', '2017-10-29 12:12:59', -1),
(1079, NULL, 'Fiona', 'O\'Grady', 'grady', NULL, 0, NULL, '+353 86 837 1952', 'fionamurphy52@hotmail.com', 0, 1, 0, 0, '2017-10-29 12:12:59', '2017-10-29', '2017-10-29 12:12:59', -1),
(1080, NULL, 'Ruth', 'O\'Hagan', 'hagan', NULL, 0, NULL, '+353 86 833 4333', 'rohagan@eircom.net', 0, 1, 0, 0, '2017-10-29 12:12:59', '2017-10-29', '2017-10-29 12:12:59', -1),
(1081, NULL, 'Deirdre', 'Eogan', 'eogan', NULL, 0, NULL, '+353 87 900 6160', 'deirdre.eogan@gmail.com', 0, 1, 0, 0, '2017-10-29 12:12:59', '2017-10-29', '2017-10-29 12:12:59', -1),
(1082, NULL, 'Nataliya', 'Rusal', 'rusal', NULL, 0, NULL, '+353 86 809 2005', 'natashka_dublin@yahoo.co.uk', 0, 1, 0, 0, '2017-10-29 12:12:59', '2017-10-29', '2017-10-29 12:12:59', -1),
(1083, NULL, 'Lisa', 'O\'Reilly', 'reilly', NULL, 0, NULL, '+353 86 814 2360', 'cahilllisa@hotmail.com', 0, 1, 0, 0, '2017-10-29 12:12:59', '2017-10-29', '2017-10-29 12:12:59', -1),
(1084, NULL, 'Sarah', 'Fanagan', 'fanagan', NULL, 0, NULL, '+353 86 446 0139', 'sarahfanagan@gmail.com', 0, 1, 0, 0, '2017-10-29 12:12:59', '2017-10-29', '2017-10-29 12:12:59', -1),
(1085, NULL, 'Meadhbh', 'Dunne', 'dunne', NULL, 0, NULL, '+353 87 628 0846', 'pmbermingham@eircom.net', 0, 1, 0, 0, '2017-10-29 12:12:59', '2017-10-29', '2017-10-29 12:12:59', -1),
(1086, NULL, 'Johanna', 'Carroll', 'carroll', NULL, 0, NULL, '+353 86 852 0345', 'johannamoore79@hotmail.com', 0, 1, 0, 0, '2017-10-29 12:12:59', '2017-10-29', '2017-10-29 12:12:59', -1),
(1087, NULL, 'Inga', 'Andersone', 'andersone', NULL, 0, NULL, '+353 87 758 0731', 'andersone.inga@gmail.com', 0, 1, 0, 0, '2017-10-29 12:12:59', '2017-10-29', '2017-10-29 12:12:59', -1),
(1088, NULL, 'Jennifer', 'Little', 'little', NULL, 0, NULL, '+353 87 063 7704', 'jmtbray@gmail.com', 0, 1, 0, 0, '2017-10-29 12:12:59', '2017-10-29', '2017-10-29 12:12:59', -1),
(1089, NULL, 'Deirdre', 'Mason', 'mason', NULL, 0, NULL, '+353 86 257 0395', 'deirdre.costello@eu.jll.com', 0, 1, 0, 0, '2017-10-29 12:12:59', '2017-10-29', '2017-10-29 12:12:59', -1),
(1090, NULL, 'Roisin', 'Allen', 'allen', NULL, 0, NULL, '+353 87 740 0670', 'roisinallen@eircom.net', 0, 1, 0, 0, '2017-10-29 12:12:59', '2017-10-29', '2017-10-29 12:12:59', -1),
(1091, NULL, 'Helen', 'Memery', 'memery', NULL, 0, NULL, '+353 87 243 1484', 'holliememery@gmail.com', 0, 1, 0, 0, '2017-10-29 12:12:59', '2017-10-29', '2017-10-29 12:12:59', -1),
(1092, NULL, 'Louise', 'Kavanagh', 'kavanagh', NULL, 0, NULL, '+353 86 358 3524', 'lkavanag@tcd.ie', 0, 1, 0, 0, '2017-10-29 12:12:59', '2017-10-29', '2017-10-29 12:12:59', -1),
(1093, NULL, 'Lorraine', 'Nolan', 'nolan', NULL, 0, NULL, '+353 86 074 2415', 'lorrainenol@hotmail.com', 0, 1, 0, 0, '2017-10-29 12:12:59', '2017-10-29', '2017-10-29 12:12:59', -1),
(1094, NULL, 'Fiona', 'Pekaar', 'pekaar', NULL, 0, NULL, '+353 86 247 7274', 'fiona@phelim.net', 0, 1, 0, 0, '2017-10-29 12:12:59', '2017-10-29', '2017-10-29 12:12:59', -1),
(1095, NULL, 'Martha', 'Ryan', 'ryan', NULL, 0, NULL, '+353 87 235 7456', 'martharyan1@gmail.com', 0, 1, 0, 0, '2017-10-29 12:12:59', '2017-10-29', '2017-10-29 12:12:59', -1),
(1096, NULL, 'Eleanor', 'Palmer', 'palmer', NULL, 0, NULL, '+353 83 870 2644', 'elidcpower@gmail.com', 0, 1, 0, 0, '2017-10-29 12:12:59', '2017-10-29', '2017-10-29 12:12:59', -1),
(1097, NULL, 'Elizabeth', 'Hanley', 'hanley', NULL, 0, NULL, '+353 86 821 0682', 'emlodoro@gmail.com', 0, 1, 0, 0, '2017-10-29 12:12:59', '2017-10-29', '2017-10-29 12:12:59', -1),
(1098, NULL, 'Gerch', 'Rossiter', 'rossiter', NULL, 0, NULL, '+353 86 806 0388', 'gerch@eircom.net', 0, 1, 0, 0, '2017-10-29 12:12:59', '2017-10-29', '2017-10-29 12:12:59', -1),
(1099, NULL, 'Karen', 'Swan', 'swan', NULL, 0, NULL, '+353 86 823 1871', 'mchughser@gmail.com', 0, 1, 0, 0, '2017-10-29 12:12:59', '2017-10-29', '2017-10-29 12:12:59', -1),
(1100, NULL, 'Michaela', 'Boushie', 'boushie', NULL, 0, NULL, '+353 87 431 4059', 'omboushie@gmail.com', 0, 1, 0, 0, '2017-10-29 12:12:59', '2017-10-29', '2017-10-29 12:12:59', -1);

-- --------------------------------------------------------

--
-- Table structure for table `prm_salutation`
--

CREATE TABLE `prm_salutation` (
  `id` tinyint(3) UNSIGNED NOT NULL,
  `title` varchar(100) COLLATE utf8_bin NOT NULL,
  `pod_restrained` tinyint(1) UNSIGNED NOT NULL DEFAULT '0',
  `parent_id` tinyint(3) UNSIGNED DEFAULT NULL,
  `attribute` tinytext CHARACTER SET latin1 COLLATE latin1_bin,
  `weight` tinyint(4) UNSIGNED NOT NULL DEFAULT '0',
  `active` tinyint(1) UNSIGNED NOT NULL DEFAULT '1',
  `updated` datetime NOT NULL,
  `updated_by` smallint(6) NOT NULL
) ENGINE=InnoDB DEFAULT CHARSET=utf8 COLLATE=utf8_bin;

--
-- Dumping data for table `prm_salutation`
--

INSERT INTO `prm_salutation` (`id`, `title`, `pod_restrained`, `parent_id`, `attribute`, `weight`, `active`, `updated`, `updated_by`) VALUES
(1, 'Ath.', 1, NULL, NULL, 3, 1, '2016-08-05 03:33:03', 1),
(2, 'Br.', 1, NULL, NULL, 3, 1, '2016-08-05 03:33:03', 1),
(3, 'Dr.', 1, NULL, NULL, 3, 1, '2016-08-05 03:33:03', 1),
(4, 'Fr.', 1, NULL, NULL, 3, 1, '2016-08-05 03:33:03', 1),
(5, 'Miss', 1, NULL, NULL, 2, 1, '2016-08-05 03:33:03', 1),
(6, 'Mr.', 1, NULL, NULL, 0, 1, '2016-08-05 03:33:03', 1),
(7, 'Mrs.', 1, NULL, NULL, 1, 1, '2016-08-05 03:33:03', 1),
(8, 'Ms.', 1, NULL, NULL, 2, 1, '2016-08-05 03:33:03', 1),
(9, 'Rev.', 1, NULL, NULL, 3, 1, '2016-08-05 03:33:03', 1),
(10, 'Senator', 1, NULL, NULL, 4, 1, '2016-08-05 03:33:03', 1),
(11, 'Sr.', 1, NULL, NULL, 3, 1, '2016-08-05 03:33:03', 1),
(12, 'Uas.', 1, NULL, NULL, 3, 1, '2016-08-05 03:33:03', 1),
(13, 'Most Reverend', 1, NULL, NULL, 4, 1, '2016-08-05 03:33:03', 1),
(14, 'The Right Rev.', 1, NULL, NULL, 4, 1, '2016-08-05 03:33:03', 1),
(15, 'Very Rev.', 1, NULL, NULL, 4, 1, '2016-08-05 03:33:03', 1),
(16, 'Canon', 1, NULL, NULL, 4, 1, '2016-08-05 03:33:03', 1),
(17, 'Mons.', 1, NULL, NULL, 4, 1, '2016-08-05 03:33:03', 1),
(18, 'Prof.', 1, NULL, NULL, 4, 1, '2016-08-05 03:33:03', 1),
(19, 'The', 1, NULL, NULL, 4, 1, '2016-08-05 03:33:03', 1);

-- --------------------------------------------------------

--
-- Table structure for table `prm_staff_role`
--

CREATE TABLE `prm_staff_role` (
  `id` tinyint(3) UNSIGNED NOT NULL,
  `title` varchar(100) COLLATE utf8_bin NOT NULL,
  `pod_restrained` tinyint(1) UNSIGNED NOT NULL DEFAULT '0',
  `parent_id` tinyint(3) UNSIGNED DEFAULT NULL,
  `attribute` tinytext CHARACTER SET latin1 COLLATE latin1_bin,
  `weight` tinyint(4) UNSIGNED NOT NULL DEFAULT '0',
  `active` tinyint(1) UNSIGNED NOT NULL DEFAULT '1',
  `updated` datetime NOT NULL,
  `updated_by` int(6) NOT NULL
) ENGINE=InnoDB DEFAULT CHARSET=utf8 COLLATE=utf8_bin;

--
-- Dumping data for table `prm_staff_role`
--

INSERT INTO `prm_staff_role` (`id`, `title`, `pod_restrained`, `parent_id`, `attribute`, `weight`, `active`, `updated`, `updated_by`) VALUES
(1, 'Developer', 0, 1, '1', 5, 1, '2016-07-11 00:00:00', 1),
(2, 'Administrator', 0, 2, '11', 4, 1, '2016-07-11 00:00:00', 1),
(3, 'Teacher', 0, 3, '21', 2, 1, '2016-07-11 00:00:00', 1),
(4, 'Teaching Assistant', 0, 4, '25', 3, 1, '2016-07-11 00:00:00', 1),
(5, 'Guardian', 0, 5, '31', 1, 1, '2016-07-25 00:00:00', 1),
(6, 'Pupil', 0, 6, '41', 0, 1, '2017-02-13 00:00:00', 1);

-- --------------------------------------------------------

--
-- Table structure for table `staff_role`
--

CREATE TABLE `staff_role` (
  `tbl_id` tinyint(3) UNSIGNED NOT NULL,
  `id` tinyint(10) UNSIGNED NOT NULL,
  `role` tinyint(3) UNSIGNED NOT NULL,
  `role_begin` date NOT NULL,
  `role_end` date DEFAULT NULL,
  `updated` datetime NOT NULL,
  `updated_by` smallint(6) NOT NULL
) ENGINE=InnoDB DEFAULT CHARSET=latin1;

--
-- Dumping data for table `staff_role`
--

INSERT INTO `staff_role` (`tbl_id`, `id`, `role`, `role_begin`, `role_end`, `updated`, `updated_by`) VALUES
(1, 2, 3, '2017-10-29', NULL, '2017-10-29 12:12:59', -1),
(2, 3, 3, '2017-10-29', NULL, '2017-10-29 12:12:59', -1),
(3, 4, 3, '2017-10-29', NULL, '2017-10-29 12:12:59', -1),
(4, 5, 3, '2017-10-29', NULL, '2017-10-29 12:12:59', -1),
(5, 6, 3, '2017-10-29', NULL, '2017-10-29 12:12:59', -1),
(6, 7, 3, '2017-10-29', NULL, '2017-10-29 12:12:59', -1),
(7, 8, 3, '2017-10-29', NULL, '2017-10-29 12:12:59', -1),
(8, 9, 3, '2017-10-29', NULL, '2017-10-29 12:12:59', -1),
(9, 10, 3, '2017-10-29', NULL, '2017-10-29 12:12:59', -1),
(10, 11, 3, '2017-10-29', NULL, '2017-10-29 12:12:59', -1),
(11, 12, 3, '2017-10-29', NULL, '2017-10-29 12:12:59', -1),
(12, 13, 3, '2017-10-29', NULL, '2017-10-29 12:12:59', -1),
(13, 14, 3, '2017-10-29', NULL, '2017-10-29 12:12:59', -1),
(14, 15, 3, '2017-10-29', NULL, '2017-10-29 12:12:59', -1),
(15, 16, 3, '2017-10-29', NULL, '2017-10-29 12:12:59', -1),
(16, 17, 3, '2017-10-29', NULL, '2017-10-29 12:12:59', -1),
(17, 18, 3, '2017-10-29', NULL, '2017-10-29 12:12:59', -1),
(18, 19, 4, '2017-10-29', NULL, '2017-10-29 12:12:59', -1),
(19, 20, 4, '2017-10-29', NULL, '2017-10-29 12:12:59', -1),
(20, 21, 4, '2017-10-29', NULL, '2017-10-29 12:12:59', -1),
(21, 22, 4, '2017-10-29', NULL, '2017-10-29 12:12:59', -1),
(22, 23, 4, '2017-10-29', NULL, '2017-10-29 12:12:59', -1),
(23, 24, 4, '2017-10-29', NULL, '2017-10-29 12:12:59', -1),
(24, 25, 4, '2017-10-29', NULL, '2017-10-29 12:12:59', -1),
(25, 26, 4, '2017-10-29', NULL, '2017-10-29 12:12:59', -1);

--
-- Indexes for dumped tables
--

--
-- Indexes for table `app_screen_user`
--
ALTER TABLE `app_screen_user`
  ADD PRIMARY KEY (`tbl_id`),
  ADD UNIQUE KEY `id_app_model` (`id`,`app_slug`(15),`model`(35)) USING BTREE,
  ADD KEY `ind_id` (`id`),
  ADD KEY `app_slug` (`app_slug`(15)) USING BTREE;

--
-- Indexes for table `group_class`
--
ALTER TABLE `group_class`
  ADD PRIMARY KEY (`id`),
  ADD UNIQUE KEY `abbr` (`abbr`) USING BTREE,
  ADD UNIQUE KEY `title` (`title`),
  ADD UNIQUE KEY `ext_id` (`ext_id`) USING BTREE,
  ADD KEY `active` (`active`),
  ADD KEY `type_id` (`type_id`),
  ADD KEY `supergroup_id` (`group_super_id`) USING BTREE;

--
-- Indexes for table `group_leader`
--
ALTER TABLE `group_leader`
  ADD PRIMARY KEY (`tbl_id`),
  ADD KEY `id` (`id`),
  ADD KEY `group_id` (`group_class_id`),
  ADD KEY `id_group` (`id`,`group_class_id`) USING BTREE,
  ADD KEY `group_super_id` (`group_super_id`);

--
-- Indexes for table `group_super`
--
ALTER TABLE `group_super`
  ADD PRIMARY KEY (`id`),
  ADD UNIQUE KEY `title` (`title`) USING BTREE,
  ADD UNIQUE KEY `abbr` (`abbr`) USING BTREE,
  ADD UNIQUE KEY `ext_id` (`ext_id`) USING BTREE,
  ADD KEY `active` (`active`),
  ADD KEY `current` (`current`);

--
-- Indexes for table `member_assistant`
--
ALTER TABLE `member_assistant`
  ADD PRIMARY KEY (`tbl_id`),
  ADD KEY `assistant_end` (`assistant_end`) USING BTREE,
  ADD KEY `assistant_id` (`assistant_id`) USING BTREE,
  ADD KEY `id` (`id`);

--
-- Indexes for table `member_group_class`
--
ALTER TABLE `member_group_class`
  ADD PRIMARY KEY (`tbl_id`),
  ADD UNIQUE KEY `id_group_end` (`id`,`group_class_id`,`in_group_end`),
  ADD KEY `id` (`id`),
  ADD KEY `group_id` (`group_class_id`),
  ADD KEY `id_group` (`id`,`group_class_id`) USING BTREE,
  ADD KEY `group_super_id` (`group_super_id`);

--
-- Indexes for table `member_guardian`
--
ALTER TABLE `member_guardian`
  ADD PRIMARY KEY (`tbl_id`),
  ADD KEY `guardian_end` (`guardian_end`) USING BTREE,
  ADD KEY `guardian_id` (`guardian_id`),
  ADD KEY `id` (`id`),
  ADD KEY `is_default` (`is_default`);

--
-- Indexes for table `member_sibling`
--
ALTER TABLE `member_sibling`
  ADD PRIMARY KEY (`tbl_id`),
  ADD KEY `sibling_end` (`sibling_end`),
  ADD KEY `sibling_id` (`sibling_id`),
  ADD KEY `id` (`id`);

--
-- Indexes for table `nsadmin_pm_day`
--
ALTER TABLE `nsadmin_pm_day`
  ADD PRIMARY KEY (`id`),
  ADD KEY `event_id` (`event_id`);

--
-- Indexes for table `nsadmin_pm_event`
--
ALTER TABLE `nsadmin_pm_event`
  ADD PRIMARY KEY (`id`),
  ADD KEY `year_starting` (`year_starting`),
  ADD KEY `active` (`active`);

--
-- Indexes for table `nsadmin_pm_reservation`
--
ALTER TABLE `nsadmin_pm_reservation`
  ADD PRIMARY KEY (`id`),
  ADD KEY `slot_id` (`slot_id`),
  ADD KEY `member_id` (`member_id`),
  ADD KEY `event_id` (`event_id`),
  ADD KEY `day_id` (`day_id`),
  ADD KEY `staff_id` (`staff_id`),
  ADD KEY `support_staff_id` (`support_staff_id`),
  ADD KEY `is_temp` (`is_temp`);

--
-- Indexes for table `nsadmin_pm_slot`
--
ALTER TABLE `nsadmin_pm_slot`
  ADD PRIMARY KEY (`id`),
  ADD KEY `event_id` (`event_id`),
  ADD KEY `day_id` (`day_id`);

--
-- Indexes for table `nsadmin_setting`
--
ALTER TABLE `nsadmin_setting`
  ADD PRIMARY KEY (`tbl_id`),
  ADD UNIQUE KEY `param` (`setting_key`(35));

--
-- Indexes for table `person`
--
ALTER TABLE `person`
  ADD PRIMARY KEY (`id`),
  ADD UNIQUE KEY `ext_id` (`ext_id`) USING BTREE,
  ADD UNIQUE KEY `email` (`email`(50)),
  ADD UNIQUE KEY `mobile` (`mobile`(20)) USING BTREE,
  ADD KEY `active` (`active`),
  ADD KEY `lname_index` (`indexed_lname`(35)) USING BTREE,
  ADD KEY `is_staff` (`is_staff`),
  ADD KEY `is_guardian` (`is_guardian`),
  ADD KEY `is_member` (`is_member`);

--
-- Indexes for table `prm_staff_role`
--
ALTER TABLE `prm_staff_role`
  ADD PRIMARY KEY (`id`),
  ADD KEY `active` (`active`),
  ADD KEY `pod_restrained` (`pod_restrained`),
  ADD KEY `param_weight` (`weight`);

--
-- Indexes for table `staff_role`
--
ALTER TABLE `staff_role`
  ADD PRIMARY KEY (`tbl_id`),
  ADD UNIQUE KEY `id_role` (`id`,`role`),
  ADD KEY `id` (`id`),
  ADD KEY `role` (`role`);

--
-- AUTO_INCREMENT for dumped tables
--

--
-- AUTO_INCREMENT for table `app_screen_user`
--
ALTER TABLE `app_screen_user`
  MODIFY `tbl_id` int(10) UNSIGNED NOT NULL AUTO_INCREMENT, AUTO_INCREMENT=3;
--
-- AUTO_INCREMENT for table `group_class`
--
ALTER TABLE `group_class`
  MODIFY `id` tinyint(2) NOT NULL AUTO_INCREMENT, AUTO_INCREMENT=17;
--
-- AUTO_INCREMENT for table `group_leader`
--
ALTER TABLE `group_leader`
  MODIFY `tbl_id` int(6) UNSIGNED NOT NULL AUTO_INCREMENT, AUTO_INCREMENT=18;
--
-- AUTO_INCREMENT for table `group_super`
--
ALTER TABLE `group_super`
  MODIFY `id` tinyint(2) NOT NULL AUTO_INCREMENT, AUTO_INCREMENT=10;
--
-- AUTO_INCREMENT for table `member_assistant`
--
ALTER TABLE `member_assistant`
  MODIFY `tbl_id` int(6) UNSIGNED NOT NULL AUTO_INCREMENT, AUTO_INCREMENT=101;
--
-- AUTO_INCREMENT for table `member_group_class`
--
ALTER TABLE `member_group_class`
  MODIFY `tbl_id` int(6) UNSIGNED NOT NULL AUTO_INCREMENT, AUTO_INCREMENT=456;
--
-- AUTO_INCREMENT for table `member_guardian`
--
ALTER TABLE `member_guardian`
  MODIFY `tbl_id` int(6) UNSIGNED NOT NULL AUTO_INCREMENT, AUTO_INCREMENT=788;
--
-- AUTO_INCREMENT for table `member_sibling`
--
ALTER TABLE `member_sibling`
  MODIFY `tbl_id` int(6) UNSIGNED NOT NULL AUTO_INCREMENT, AUTO_INCREMENT=363;
--
-- AUTO_INCREMENT for table `nsadmin_pm_day`
--
ALTER TABLE `nsadmin_pm_day`
  MODIFY `id` smallint(5) UNSIGNED NOT NULL AUTO_INCREMENT, AUTO_INCREMENT=19;
--
-- AUTO_INCREMENT for table `nsadmin_pm_event`
--
ALTER TABLE `nsadmin_pm_event`
  MODIFY `id` smallint(5) UNSIGNED NOT NULL AUTO_INCREMENT, AUTO_INCREMENT=3;
--
-- AUTO_INCREMENT for table `nsadmin_pm_reservation`
--
ALTER TABLE `nsadmin_pm_reservation`
  MODIFY `id` int(10) UNSIGNED NOT NULL AUTO_INCREMENT, AUTO_INCREMENT=147;
--
-- AUTO_INCREMENT for table `nsadmin_pm_slot`
--
ALTER TABLE `nsadmin_pm_slot`
  MODIFY `id` smallint(5) UNSIGNED NOT NULL AUTO_INCREMENT, AUTO_INCREMENT=269;
--
-- AUTO_INCREMENT for table `nsadmin_setting`
--
ALTER TABLE `nsadmin_setting`
  MODIFY `tbl_id` int(10) UNSIGNED NOT NULL AUTO_INCREMENT, AUTO_INCREMENT=2;
--
-- AUTO_INCREMENT for table `prm_staff_role`
--
ALTER TABLE `prm_staff_role`
  MODIFY `id` tinyint(3) UNSIGNED NOT NULL AUTO_INCREMENT, AUTO_INCREMENT=7;
--
-- AUTO_INCREMENT for table `staff_role`
--
ALTER TABLE `staff_role`
  MODIFY `tbl_id` tinyint(3) UNSIGNED NOT NULL AUTO_INCREMENT, AUTO_INCREMENT=26;
/*!40101 SET CHARACTER_SET_CLIENT=@OLD_CHARACTER_SET_CLIENT */;
/*!40101 SET CHARACTER_SET_RESULTS=@OLD_CHARACTER_SET_RESULTS */;
/*!40101 SET COLLATION_CONNECTION=@OLD_COLLATION_CONNECTION */;
