-- phpMyAdmin SQL Dump
-- version 4.6.4
-- https://www.phpmyadmin.net/
--
-- Host: 127.0.0.1
-- Generation Time: Feb 12, 2018 at 01:35 AM
-- Server version: 5.7.14
-- PHP Version: 5.6.25

SET SQL_MODE = "NO_AUTO_VALUE_ON_ZERO";
SET time_zone = "+00:00";


/*!40101 SET @OLD_CHARACTER_SET_CLIENT=@@CHARACTER_SET_CLIENT */;
/*!40101 SET @OLD_CHARACTER_SET_RESULTS=@@CHARACTER_SET_RESULTS */;
/*!40101 SET @OLD_COLLATION_CONNECTION=@@COLLATION_CONNECTION */;
/*!40101 SET NAMES utf8mb4 */;

--
-- Database: `databizs_org_11111a`
--

-- --------------------------------------------------------

--
-- Table structure for table `academic_year`
--

CREATE TABLE `academic_year` (
  `tbl_id` int(11) NOT NULL,
  `year_starting` year(4) NOT NULL,
  `open_date` date NOT NULL,
  `day_name` text CHARACTER SET latin1 NOT NULL,
  `is_first_of_week` tinyint(1) UNSIGNED NOT NULL DEFAULT '0',
  `is_last_of_week` tinyint(1) UNSIGNED NOT NULL DEFAULT '0'
) ENGINE=InnoDB DEFAULT CHARSET=utf8 COLLATE=utf8_bin COMMENT='used by both nsadmin and tp modules';

--
-- Dumping data for table `academic_year`
--

INSERT INTO `academic_year` (`tbl_id`, `year_starting`, `open_date`, `day_name`, `is_first_of_week`, `is_last_of_week`) VALUES
(1, 2017, '2018-07-02', 'MONDAY', 1, 1),
(2, 2017, '2018-06-29', 'FRIDAY', 0, 1),
(3, 2017, '2018-06-28', 'THURSDAY', 0, 0),
(4, 2017, '2018-06-27', 'WEDNESDAY', 0, 0),
(5, 2017, '2018-06-26', 'TUESDAY', 0, 0),
(6, 2017, '2018-06-25', 'MONDAY', 1, 0),
(7, 2017, '2018-06-22', 'FRIDAY', 0, 1),
(8, 2017, '2018-06-21', 'THURSDAY', 0, 0),
(9, 2017, '2018-06-20', 'WEDNESDAY', 0, 0),
(10, 2017, '2018-06-19', 'TUESDAY', 0, 0),
(11, 2017, '2018-06-18', 'MONDAY', 1, 0),
(12, 2017, '2018-06-15', 'FRIDAY', 0, 1),
(13, 2017, '2018-06-14', 'THURSDAY', 0, 0),
(14, 2017, '2018-06-13', 'WEDNESDAY', 0, 0),
(15, 2017, '2018-06-12', 'TUESDAY', 0, 0),
(16, 2017, '2018-06-11', 'MONDAY', 1, 0),
(17, 2017, '2018-06-08', 'FRIDAY', 0, 1),
(18, 2017, '2018-06-07', 'THURSDAY', 0, 0),
(19, 2017, '2018-06-06', 'WEDNESDAY', 0, 0),
(20, 2017, '2018-06-04', 'MONDAY', 1, 0),
(21, 2017, '2018-06-01', 'FRIDAY', 0, 1),
(22, 2017, '2018-05-31', 'THURSDAY', 0, 0),
(23, 2017, '2018-05-30', 'WEDNESDAY', 0, 0),
(24, 2017, '2018-05-29', 'TUESDAY', 0, 0),
(25, 2017, '2018-05-28', 'MONDAY', 1, 0),
(26, 2017, '2018-05-25', 'FRIDAY', 0, 1),
(27, 2017, '2018-05-24', 'THURSDAY', 0, 0),
(28, 2017, '2018-05-23', 'WEDNESDAY', 0, 0),
(29, 2017, '2018-05-22', 'TUESDAY', 0, 0),
(30, 2017, '2018-05-21', 'MONDAY', 1, 0),
(31, 2017, '2018-05-18', 'FRIDAY', 0, 1),
(32, 2017, '2018-05-17', 'THURSDAY', 0, 0),
(33, 2017, '2018-05-16', 'WEDNESDAY', 0, 0),
(34, 2017, '2018-05-15', 'TUESDAY', 0, 0),
(35, 2017, '2018-05-14', 'MONDAY', 1, 0),
(36, 2017, '2018-05-11', 'FRIDAY', 0, 1),
(37, 2017, '2018-05-10', 'THURSDAY', 0, 0),
(38, 2017, '2018-05-09', 'WEDNESDAY', 0, 0),
(39, 2017, '2018-05-08', 'TUESDAY', 0, 0),
(40, 2017, '2018-05-07', 'MONDAY', 1, 0),
(41, 2017, '2018-05-04', 'FRIDAY', 0, 1),
(42, 2017, '2018-05-03', 'THURSDAY', 0, 0),
(43, 2017, '2018-05-02', 'WEDNESDAY', 0, 0),
(44, 2017, '2018-05-01', 'TUESDAY', 1, 0),
(45, 2017, '2018-04-27', 'FRIDAY', 0, 1),
(46, 2017, '2018-04-26', 'THURSDAY', 0, 0),
(47, 2017, '2018-04-25', 'WEDNESDAY', 0, 0),
(48, 2017, '2018-04-24', 'TUESDAY', 0, 0),
(49, 2017, '2018-04-09', 'MONDAY', 1, 0),
(50, 2017, '2018-04-06', 'FRIDAY', 0, 1),
(51, 2017, '2018-04-05', 'THURSDAY', 0, 0),
(52, 2017, '2018-04-04', 'WEDNESDAY', 0, 0),
(53, 2017, '2018-04-03', 'TUESDAY', 0, 0),
(54, 2017, '2018-04-02', 'MONDAY', 1, 0),
(55, 2017, '2018-03-30', 'FRIDAY', 0, 1),
(56, 2017, '2018-03-29', 'THURSDAY', 0, 0),
(57, 2017, '2018-03-28', 'WEDNESDAY', 0, 0),
(58, 2017, '2018-03-27', 'TUESDAY', 0, 0),
(59, 2017, '2018-03-26', 'MONDAY', 1, 0),
(60, 2017, '2018-03-23', 'FRIDAY', 0, 1),
(61, 2017, '2018-03-22', 'THURSDAY', 0, 0),
(62, 2017, '2018-03-21', 'WEDNESDAY', 0, 0),
(63, 2017, '2018-03-20', 'TUESDAY', 1, 0),
(64, 2017, '2018-03-16', 'FRIDAY', 0, 1),
(65, 2017, '2018-03-15', 'THURSDAY', 0, 0),
(66, 2017, '2018-03-14', 'WEDNESDAY', 0, 0),
(67, 2017, '2018-03-13', 'TUESDAY', 0, 0),
(68, 2017, '2018-03-12', 'MONDAY', 1, 0),
(69, 2017, '2018-03-09', 'FRIDAY', 0, 1),
(70, 2017, '2018-03-08', 'THURSDAY', 0, 0),
(71, 2017, '2018-03-07', 'WEDNESDAY', 0, 0),
(72, 2017, '2018-03-06', 'TUESDAY', 0, 0),
(73, 2017, '2018-03-05', 'MONDAY', 1, 0),
(74, 2017, '2018-03-02', 'FRIDAY', 0, 1),
(75, 2017, '2018-03-01', 'THURSDAY', 0, 0),
(76, 2017, '2018-02-28', 'WEDNESDAY', 0, 0),
(77, 2017, '2018-02-27', 'TUESDAY', 1, 0),
(78, 2017, '2018-02-22', 'THURSDAY', 0, 1),
(79, 2017, '2018-02-21', 'WEDNESDAY', 0, 0),
(80, 2017, '2018-02-20', 'TUESDAY', 0, 0),
(81, 2017, '2018-02-19', 'MONDAY', 1, 0),
(82, 2017, '2018-02-16', 'FRIDAY', 0, 1),
(83, 2017, '2018-02-15', 'THURSDAY', 0, 0),
(84, 2017, '2018-02-14', 'WEDNESDAY', 0, 0),
(85, 2017, '2018-02-13', 'TUESDAY', 0, 0),
(86, 2017, '2018-02-12', 'MONDAY', 1, 0),
(87, 2017, '2018-02-09', 'FRIDAY', 0, 1),
(88, 2017, '2018-02-08', 'THURSDAY', 0, 0),
(89, 2017, '2018-02-07', 'WEDNESDAY', 0, 0),
(90, 2017, '2018-02-06', 'TUESDAY', 0, 0),
(91, 2017, '2018-02-05', 'MONDAY', 1, 0),
(92, 2017, '2018-02-02', 'FRIDAY', 0, 1),
(93, 2017, '2018-02-01', 'THURSDAY', 0, 0),
(94, 2017, '2018-01-31', 'WEDNESDAY', 0, 0),
(95, 2017, '2018-01-30', 'TUESDAY', 0, 0),
(96, 2017, '2018-01-29', 'MONDAY', 1, 0),
(97, 2017, '2018-01-26', 'FRIDAY', 0, 1),
(98, 2017, '2018-01-25', 'THURSDAY', 0, 0),
(99, 2017, '2018-01-24', 'WEDNESDAY', 0, 0),
(100, 2017, '2018-01-23', 'TUESDAY', 0, 0),
(101, 2017, '2018-01-22', 'MONDAY', 1, 0),
(102, 2017, '2018-01-19', 'FRIDAY', 0, 1),
(103, 2017, '2018-01-18', 'THURSDAY', 0, 0),
(104, 2017, '2018-01-17', 'WEDNESDAY', 0, 0),
(105, 2017, '2018-01-16', 'TUESDAY', 0, 0),
(106, 2017, '2018-01-15', 'MONDAY', 1, 0),
(107, 2017, '2018-01-12', 'FRIDAY', 0, 1),
(108, 2017, '2018-01-11', 'THURSDAY', 0, 0),
(109, 2017, '2018-01-10', 'WEDNESDAY', 0, 0),
(110, 2017, '2018-01-09', 'TUESDAY', 1, 0),
(111, 2017, '2017-12-22', 'FRIDAY', 0, 1),
(112, 2017, '2017-12-21', 'THURSDAY', 0, 0),
(113, 2017, '2017-12-20', 'WEDNESDAY', 0, 0),
(114, 2017, '2017-12-19', 'TUESDAY', 0, 0),
(115, 2017, '2017-12-18', 'MONDAY', 1, 0),
(116, 2017, '2017-12-15', 'FRIDAY', 0, 1),
(117, 2017, '2017-12-14', 'THURSDAY', 0, 0),
(118, 2017, '2017-12-13', 'WEDNESDAY', 0, 0),
(119, 2017, '2017-12-12', 'TUESDAY', 0, 0),
(120, 2017, '2017-12-11', 'MONDAY', 1, 0),
(121, 2017, '2017-12-08', 'FRIDAY', 0, 1),
(122, 2017, '2017-12-07', 'THURSDAY', 0, 0),
(123, 2017, '2017-12-06', 'WEDNESDAY', 0, 0),
(124, 2017, '2017-12-05', 'TUESDAY', 0, 0),
(125, 2017, '2017-12-04', 'MONDAY', 1, 0),
(126, 2017, '2017-12-01', 'FRIDAY', 0, 1),
(127, 2017, '2017-11-30', 'THURSDAY', 0, 0),
(128, 2017, '2017-11-29', 'WEDNESDAY', 0, 0),
(129, 2017, '2017-11-28', 'TUESDAY', 0, 0),
(130, 2017, '2017-11-27', 'MONDAY', 1, 0),
(131, 2017, '2017-11-24', 'FRIDAY', 0, 1),
(132, 2017, '2017-11-23', 'THURSDAY', 0, 0),
(133, 2017, '2017-11-22', 'WEDNESDAY', 0, 0),
(134, 2017, '2017-11-21', 'TUESDAY', 0, 0),
(135, 2017, '2017-11-20', 'MONDAY', 1, 0),
(136, 2017, '2017-11-17', 'FRIDAY', 0, 1),
(137, 2017, '2017-11-16', 'THURSDAY', 0, 0),
(138, 2017, '2017-11-15', 'WEDNESDAY', 0, 0),
(139, 2017, '2017-11-14', 'TUESDAY', 0, 0),
(140, 2017, '2017-11-13', 'MONDAY', 1, 0),
(141, 2017, '2017-11-10', 'FRIDAY', 0, 1),
(142, 2017, '2017-11-09', 'THURSDAY', 0, 0),
(143, 2017, '2017-11-08', 'WEDNESDAY', 0, 0),
(144, 2017, '2017-11-07', 'TUESDAY', 0, 0),
(145, 2017, '2017-10-30', 'MONDAY', 1, 0),
(146, 2017, '2017-10-27', 'FRIDAY', 0, 1),
(147, 2017, '2017-10-26', 'THURSDAY', 0, 0),
(148, 2017, '2017-10-25', 'WEDNESDAY', 0, 0),
(149, 2017, '2017-10-24', 'TUESDAY', 0, 0),
(150, 2017, '2017-10-23', 'MONDAY', 1, 0),
(151, 2017, '2017-10-20', 'FRIDAY', 0, 1),
(152, 2017, '2017-10-19', 'THURSDAY', 0, 0),
(153, 2017, '2017-10-18', 'WEDNESDAY', 0, 0),
(154, 2017, '2017-10-17', 'TUESDAY', 0, 0),
(155, 2017, '2017-10-16', 'MONDAY', 1, 0),
(156, 2017, '2017-10-13', 'FRIDAY', 0, 1),
(157, 2017, '2017-10-12', 'THURSDAY', 0, 0),
(158, 2017, '2017-10-11', 'WEDNESDAY', 0, 0),
(159, 2017, '2017-10-10', 'TUESDAY', 0, 0),
(160, 2017, '2017-10-09', 'MONDAY', 1, 0),
(161, 2017, '2017-10-06', 'FRIDAY', 0, 1),
(162, 2017, '2017-10-05', 'THURSDAY', 0, 0),
(163, 2017, '2017-10-04', 'WEDNESDAY', 0, 0),
(164, 2017, '2017-10-03', 'TUESDAY', 0, 0),
(165, 2017, '2017-10-02', 'MONDAY', 1, 0),
(166, 2017, '2017-09-29', 'FRIDAY', 0, 1),
(167, 2017, '2017-09-28', 'THURSDAY', 0, 0),
(168, 2017, '2017-09-27', 'WEDNESDAY', 0, 0),
(169, 2017, '2017-09-26', 'TUESDAY', 0, 0),
(170, 2017, '2017-09-25', 'MONDAY', 1, 0),
(171, 2017, '2017-09-22', 'FRIDAY', 0, 1),
(172, 2017, '2017-09-21', 'THURSDAY', 0, 0),
(173, 2017, '2017-09-20', 'WEDNESDAY', 0, 0),
(174, 2017, '2017-09-19', 'TUESDAY', 0, 0),
(175, 2017, '2017-09-18', 'MONDAY', 1, 0),
(176, 2017, '2017-09-15', 'FRIDAY', 0, 1),
(177, 2017, '2017-09-14', 'THURSDAY', 0, 0),
(178, 2017, '2017-09-13', 'WEDNESDAY', 0, 0),
(179, 2017, '2017-09-12', 'TUESDAY', 0, 0),
(180, 2017, '2017-09-11', 'MONDAY', 1, 0),
(181, 2017, '2017-09-08', 'FRIDAY', 0, 1),
(182, 2017, '2017-09-07', 'THURSDAY', 0, 0),
(183, 2017, '2017-09-06', 'WEDNESDAY', 0, 0),
(184, 2017, '2017-09-05', 'TUESDAY', 0, 0),
(185, 2017, '2017-09-04', 'MONDAY', 1, 0),
(186, 2017, '2017-09-01', 'FRIDAY', 1, 1);

-- --------------------------------------------------------

--
-- Table structure for table `app_screen_user`
--

CREATE TABLE `app_screen_user` (
  `tbl_id` int(10) UNSIGNED NOT NULL,
  `id` int(10) NOT NULL,
  `role_id` tinyint(2) UNSIGNED NOT NULL,
  `app_slug` tinytext COLLATE latin1_bin NOT NULL,
  `module` tinytext COLLATE latin1_bin,
  `model` tinytext COLLATE latin1_bin NOT NULL,
  `method` text COLLATE latin1_bin NOT NULL
) ENGINE=InnoDB DEFAULT CHARSET=latin1 COLLATE=latin1_bin;

--
-- Dumping data for table `app_screen_user`
--

INSERT INTO `app_screen_user` (`tbl_id`, `id`, `role_id`, `app_slug`, `module`, `model`, `method`) VALUES
(2, 1, 2, 'pt_meeting_scheduler', NULL, 'home', '{"index": "r"}'),
(3, 806, 6, 'pt_meeting_scheduler', NULL, 'home', '{"index": "r"}'),
(4, 806, 6, 'pt_meeting_scheduler', NULL, 'publichome', '{"index": "r"}'),
(5, 806, 6, 'pt_meeting_scheduler', NULL, 'guardiantimetables', '{"index": "r"}'),
(6, 1, 2, 'teaching_planner', NULL, 'home', '{"index": "r"}'),
(7, 1, 2, 'nsadmin', NULL, 'home', '{"index": "r"}'),
(9, 1, 2, 'nsadmin', 'appointments', 'home', '{"index": "r"}');

-- --------------------------------------------------------

--
-- Table structure for table `app_screen_user_tmp`
--

CREATE TABLE `app_screen_user_tmp` (
  `tbl_id` int(10) UNSIGNED NOT NULL,
  `id` int(10) NOT NULL,
  `role_id` tinyint(2) UNSIGNED NOT NULL,
  `app_slug` tinytext COLLATE latin1_bin NOT NULL,
  `model` tinytext COLLATE latin1_bin NOT NULL,
  `method` text COLLATE latin1_bin NOT NULL
) ENGINE=InnoDB DEFAULT CHARSET=latin1 COLLATE=latin1_bin;

--
-- Dumping data for table `app_screen_user_tmp`
--

INSERT INTO `app_screen_user_tmp` (`tbl_id`, `id`, `role_id`, `app_slug`, `model`, `method`) VALUES
(2, 1, 0, 'nsadmin', 'home', '{"index": "r"}'),
(3, 1, 0, 'manager', 'home', '{"index": "r"}'),
(4, 1101, 0, 'manager', 'home', '{"index": "r"}'),
(6, 1101, 0, 'nsadmin', 'home', '{"index": "r"}'),
(8, 18, 0, 'nsadmin', 'publichome', '{"index": "r"}'),
(9, 18, 0, 'nsadmin', 'parentmeetingplanner', '{"guardiantimetables":"rw"}'),
(10, 7, 0, 'nsadmin', 'publichome', '{"index": "r"}'),
(11, 7, 0, 'nsadmin', 'parentmeetingplanner', '{"guardiantimetables":"rw"}'),
(16, 19, 0, 'nsadmin', 'publichome', '{"index":"r"}'),
(17, 19, 0, 'nsadmin', 'parentmeetingplanner', '{"guardiantimetables":"rw"}'),
(18, 21, 0, 'nsadmin', 'publichome', '{"index":"r"}'),
(19, 21, 0, 'nsadmin', 'parentmeetingplanner', '{"guardiantimetables":"rw"}'),
(20, 482, 0, 'nsadmin', 'publichome', '{"index":"r"}'),
(21, 482, 0, 'nsadmin', 'parentmeetingplanner', '{"guardiantimetables":"rw"}'),
(22, 483, 0, 'nsadmin', 'publichome', '{"index":"r"}'),
(23, 483, 0, 'nsadmin', 'parentmeetingplanner', '{"guardiantimetables":"rw"}'),
(24, 484, 0, 'nsadmin', 'publichome', '{"index":"r"}'),
(25, 484, 0, 'nsadmin', 'parentmeetingplanner', '{"guardiantimetables":"rw"}'),
(26, 485, 0, 'nsadmin', 'publichome', '{"index":"r"}'),
(27, 485, 0, 'nsadmin', 'parentmeetingplanner', '{"guardiantimetables":"rw"}'),
(28, 486, 0, 'nsadmin', 'publichome', '{"index":"r"}'),
(29, 486, 0, 'nsadmin', 'parentmeetingplanner', '{"guardiantimetables":"rw"}'),
(30, 487, 0, 'nsadmin', 'publichome', '{"index":"r"}'),
(31, 487, 0, 'nsadmin', 'parentmeetingplanner', '{"guardiantimetables":"rw"}'),
(32, 488, 0, 'nsadmin', 'publichome', '{"index":"r"}'),
(33, 488, 0, 'nsadmin', 'parentmeetingplanner', '{"guardiantimetables":"rw"}'),
(34, 489, 0, 'nsadmin', 'publichome', '{"index":"r"}'),
(35, 489, 0, 'nsadmin', 'parentmeetingplanner', '{"guardiantimetables":"rw"}'),
(36, 490, 0, 'nsadmin', 'publichome', '{"index":"r"}'),
(37, 490, 0, 'nsadmin', 'parentmeetingplanner', '{"guardiantimetables":"rw"}'),
(38, 491, 0, 'nsadmin', 'publichome', '{"index":"r"}'),
(39, 491, 0, 'nsadmin', 'parentmeetingplanner', '{"guardiantimetables":"rw"}'),
(40, 492, 0, 'nsadmin', 'publichome', '{"index":"r"}'),
(41, 492, 0, 'nsadmin', 'parentmeetingplanner', '{"guardiantimetables":"rw"}'),
(42, 493, 0, 'nsadmin', 'publichome', '{"index":"r"}'),
(43, 493, 0, 'nsadmin', 'parentmeetingplanner', '{"guardiantimetables":"rw"}'),
(44, 494, 0, 'nsadmin', 'publichome', '{"index":"r"}'),
(45, 494, 0, 'nsadmin', 'parentmeetingplanner', '{"guardiantimetables":"rw"}'),
(46, 495, 0, 'nsadmin', 'publichome', '{"index":"r"}'),
(47, 495, 0, 'nsadmin', 'parentmeetingplanner', '{"guardiantimetables":"rw"}'),
(48, 496, 0, 'nsadmin', 'publichome', '{"index":"r"}'),
(49, 496, 0, 'nsadmin', 'parentmeetingplanner', '{"guardiantimetables":"rw"}'),
(50, 497, 0, 'nsadmin', 'publichome', '{"index":"r"}'),
(51, 497, 0, 'nsadmin', 'parentmeetingplanner', '{"guardiantimetables":"rw"}'),
(52, 498, 0, 'nsadmin', 'publichome', '{"index":"r"}'),
(53, 498, 0, 'nsadmin', 'parentmeetingplanner', '{"guardiantimetables":"rw"}'),
(54, 499, 0, 'nsadmin', 'publichome', '{"index":"r"}'),
(55, 499, 0, 'nsadmin', 'parentmeetingplanner', '{"guardiantimetables":"rw"}'),
(56, 500, 0, 'nsadmin', 'publichome', '{"index":"r"}'),
(57, 500, 0, 'nsadmin', 'parentmeetingplanner', '{"guardiantimetables":"rw"}'),
(58, 501, 0, 'nsadmin', 'publichome', '{"index":"r"}'),
(59, 501, 0, 'nsadmin', 'parentmeetingplanner', '{"guardiantimetables":"rw"}'),
(60, 502, 0, 'nsadmin', 'publichome', '{"index":"r"}'),
(61, 502, 0, 'nsadmin', 'parentmeetingplanner', '{"guardiantimetables":"rw"}'),
(62, 503, 0, 'nsadmin', 'publichome', '{"index":"r"}'),
(63, 503, 0, 'nsadmin', 'parentmeetingplanner', '{"guardiantimetables":"rw"}'),
(64, 504, 0, 'nsadmin', 'publichome', '{"index":"r"}'),
(65, 504, 0, 'nsadmin', 'parentmeetingplanner', '{"guardiantimetables":"rw"}'),
(66, 505, 0, 'nsadmin', 'publichome', '{"index":"r"}'),
(67, 505, 0, 'nsadmin', 'parentmeetingplanner', '{"guardiantimetables":"rw"}'),
(68, 506, 0, 'nsadmin', 'publichome', '{"index":"r"}'),
(69, 506, 0, 'nsadmin', 'parentmeetingplanner', '{"guardiantimetables":"rw"}'),
(70, 507, 0, 'nsadmin', 'publichome', '{"index":"r"}'),
(71, 507, 0, 'nsadmin', 'parentmeetingplanner', '{"guardiantimetables":"rw"}'),
(72, 508, 0, 'nsadmin', 'publichome', '{"index":"r"}'),
(73, 508, 0, 'nsadmin', 'parentmeetingplanner', '{"guardiantimetables":"rw"}'),
(74, 509, 0, 'nsadmin', 'publichome', '{"index":"r"}'),
(75, 509, 0, 'nsadmin', 'parentmeetingplanner', '{"guardiantimetables":"rw"}'),
(76, 510, 0, 'nsadmin', 'publichome', '{"index":"r"}'),
(77, 510, 0, 'nsadmin', 'parentmeetingplanner', '{"guardiantimetables":"rw"}'),
(78, 511, 0, 'nsadmin', 'publichome', '{"index":"r"}'),
(79, 511, 0, 'nsadmin', 'parentmeetingplanner', '{"guardiantimetables":"rw"}'),
(80, 512, 0, 'nsadmin', 'publichome', '{"index":"r"}'),
(81, 512, 0, 'nsadmin', 'parentmeetingplanner', '{"guardiantimetables":"rw"}'),
(82, 513, 0, 'nsadmin', 'publichome', '{"index":"r"}'),
(83, 513, 0, 'nsadmin', 'parentmeetingplanner', '{"guardiantimetables":"rw"}'),
(84, 514, 0, 'nsadmin', 'publichome', '{"index":"r"}'),
(85, 514, 0, 'nsadmin', 'parentmeetingplanner', '{"guardiantimetables":"rw"}'),
(86, 515, 0, 'nsadmin', 'publichome', '{"index":"r"}'),
(87, 515, 0, 'nsadmin', 'parentmeetingplanner', '{"guardiantimetables":"rw"}'),
(88, 516, 0, 'nsadmin', 'publichome', '{"index":"r"}'),
(89, 516, 0, 'nsadmin', 'parentmeetingplanner', '{"guardiantimetables":"rw"}'),
(90, 517, 0, 'nsadmin', 'publichome', '{"index":"r"}'),
(91, 517, 0, 'nsadmin', 'parentmeetingplanner', '{"guardiantimetables":"rw"}'),
(92, 518, 0, 'nsadmin', 'publichome', '{"index":"r"}'),
(93, 518, 0, 'nsadmin', 'parentmeetingplanner', '{"guardiantimetables":"rw"}'),
(94, 519, 0, 'nsadmin', 'publichome', '{"index":"r"}'),
(95, 519, 0, 'nsadmin', 'parentmeetingplanner', '{"guardiantimetables":"rw"}'),
(96, 520, 0, 'nsadmin', 'publichome', '{"index":"r"}'),
(97, 520, 0, 'nsadmin', 'parentmeetingplanner', '{"guardiantimetables":"rw"}'),
(98, 521, 0, 'nsadmin', 'publichome', '{"index":"r"}'),
(99, 521, 0, 'nsadmin', 'parentmeetingplanner', '{"guardiantimetables":"rw"}'),
(100, 522, 0, 'nsadmin', 'publichome', '{"index":"r"}'),
(101, 522, 0, 'nsadmin', 'parentmeetingplanner', '{"guardiantimetables":"rw"}'),
(102, 523, 0, 'nsadmin', 'publichome', '{"index":"r"}'),
(103, 523, 0, 'nsadmin', 'parentmeetingplanner', '{"guardiantimetables":"rw"}'),
(104, 524, 0, 'nsadmin', 'publichome', '{"index":"r"}'),
(105, 524, 0, 'nsadmin', 'parentmeetingplanner', '{"guardiantimetables":"rw"}'),
(106, 525, 0, 'nsadmin', 'publichome', '{"index":"r"}'),
(107, 525, 0, 'nsadmin', 'parentmeetingplanner', '{"guardiantimetables":"rw"}'),
(108, 526, 0, 'nsadmin', 'publichome', '{"index":"r"}'),
(109, 526, 0, 'nsadmin', 'parentmeetingplanner', '{"guardiantimetables":"rw"}'),
(110, 527, 0, 'nsadmin', 'publichome', '{"index":"r"}'),
(111, 527, 0, 'nsadmin', 'parentmeetingplanner', '{"guardiantimetables":"rw"}'),
(112, 528, 0, 'nsadmin', 'publichome', '{"index":"r"}'),
(113, 528, 0, 'nsadmin', 'parentmeetingplanner', '{"guardiantimetables":"rw"}'),
(114, 529, 0, 'nsadmin', 'publichome', '{"index":"r"}'),
(115, 529, 0, 'nsadmin', 'parentmeetingplanner', '{"guardiantimetables":"rw"}'),
(116, 530, 0, 'nsadmin', 'publichome', '{"index":"r"}'),
(117, 530, 0, 'nsadmin', 'parentmeetingplanner', '{"guardiantimetables":"rw"}'),
(118, 531, 0, 'nsadmin', 'publichome', '{"index":"r"}'),
(119, 531, 0, 'nsadmin', 'parentmeetingplanner', '{"guardiantimetables":"rw"}'),
(120, 532, 0, 'nsadmin', 'publichome', '{"index":"r"}'),
(121, 532, 0, 'nsadmin', 'parentmeetingplanner', '{"guardiantimetables":"rw"}'),
(122, 533, 0, 'nsadmin', 'publichome', '{"index":"r"}'),
(123, 533, 0, 'nsadmin', 'parentmeetingplanner', '{"guardiantimetables":"rw"}'),
(124, 534, 0, 'nsadmin', 'publichome', '{"index":"r"}'),
(125, 534, 0, 'nsadmin', 'parentmeetingplanner', '{"guardiantimetables":"rw"}'),
(126, 535, 0, 'nsadmin', 'publichome', '{"index":"r"}'),
(127, 535, 0, 'nsadmin', 'parentmeetingplanner', '{"guardiantimetables":"rw"}'),
(128, 536, 0, 'nsadmin', 'publichome', '{"index":"r"}'),
(129, 536, 0, 'nsadmin', 'parentmeetingplanner', '{"guardiantimetables":"rw"}'),
(130, 537, 0, 'nsadmin', 'publichome', '{"index":"r"}'),
(131, 537, 0, 'nsadmin', 'parentmeetingplanner', '{"guardiantimetables":"rw"}'),
(132, 538, 0, 'nsadmin', 'publichome', '{"index":"r"}'),
(133, 538, 0, 'nsadmin', 'parentmeetingplanner', '{"guardiantimetables":"rw"}'),
(134, 539, 0, 'nsadmin', 'publichome', '{"index":"r"}'),
(135, 539, 0, 'nsadmin', 'parentmeetingplanner', '{"guardiantimetables":"rw"}'),
(136, 540, 0, 'nsadmin', 'publichome', '{"index":"r"}'),
(137, 540, 0, 'nsadmin', 'parentmeetingplanner', '{"guardiantimetables":"rw"}'),
(138, 541, 0, 'nsadmin', 'publichome', '{"index":"r"}'),
(139, 541, 0, 'nsadmin', 'parentmeetingplanner', '{"guardiantimetables":"rw"}'),
(140, 542, 0, 'nsadmin', 'publichome', '{"index":"r"}'),
(141, 542, 0, 'nsadmin', 'parentmeetingplanner', '{"guardiantimetables":"rw"}'),
(142, 543, 0, 'nsadmin', 'publichome', '{"index":"r"}'),
(143, 543, 0, 'nsadmin', 'parentmeetingplanner', '{"guardiantimetables":"rw"}'),
(144, 544, 0, 'nsadmin', 'publichome', '{"index":"r"}'),
(145, 544, 0, 'nsadmin', 'parentmeetingplanner', '{"guardiantimetables":"rw"}'),
(146, 545, 0, 'nsadmin', 'publichome', '{"index":"r"}'),
(147, 545, 0, 'nsadmin', 'parentmeetingplanner', '{"guardiantimetables":"rw"}'),
(148, 546, 0, 'nsadmin', 'publichome', '{"index":"r"}'),
(149, 546, 0, 'nsadmin', 'parentmeetingplanner', '{"guardiantimetables":"rw"}'),
(150, 547, 0, 'nsadmin', 'publichome', '{"index":"r"}'),
(151, 547, 0, 'nsadmin', 'parentmeetingplanner', '{"guardiantimetables":"rw"}'),
(152, 548, 0, 'nsadmin', 'publichome', '{"index":"r"}'),
(153, 548, 0, 'nsadmin', 'parentmeetingplanner', '{"guardiantimetables":"rw"}'),
(154, 549, 0, 'nsadmin', 'publichome', '{"index":"r"}'),
(155, 549, 0, 'nsadmin', 'parentmeetingplanner', '{"guardiantimetables":"rw"}'),
(156, 550, 0, 'nsadmin', 'publichome', '{"index":"r"}'),
(157, 550, 0, 'nsadmin', 'parentmeetingplanner', '{"guardiantimetables":"rw"}'),
(158, 551, 0, 'nsadmin', 'publichome', '{"index":"r"}'),
(159, 551, 0, 'nsadmin', 'parentmeetingplanner', '{"guardiantimetables":"rw"}'),
(160, 552, 0, 'nsadmin', 'publichome', '{"index":"r"}'),
(161, 552, 0, 'nsadmin', 'parentmeetingplanner', '{"guardiantimetables":"rw"}'),
(162, 553, 0, 'nsadmin', 'publichome', '{"index":"r"}'),
(163, 553, 0, 'nsadmin', 'parentmeetingplanner', '{"guardiantimetables":"rw"}'),
(164, 554, 0, 'nsadmin', 'publichome', '{"index":"r"}'),
(165, 554, 0, 'nsadmin', 'parentmeetingplanner', '{"guardiantimetables":"rw"}'),
(166, 555, 0, 'nsadmin', 'publichome', '{"index":"r"}'),
(167, 555, 0, 'nsadmin', 'parentmeetingplanner', '{"guardiantimetables":"rw"}'),
(168, 556, 0, 'nsadmin', 'publichome', '{"index":"r"}'),
(169, 556, 0, 'nsadmin', 'parentmeetingplanner', '{"guardiantimetables":"rw"}'),
(170, 557, 0, 'nsadmin', 'publichome', '{"index":"r"}'),
(171, 557, 0, 'nsadmin', 'parentmeetingplanner', '{"guardiantimetables":"rw"}'),
(172, 558, 0, 'nsadmin', 'publichome', '{"index":"r"}'),
(173, 558, 0, 'nsadmin', 'parentmeetingplanner', '{"guardiantimetables":"rw"}'),
(174, 559, 0, 'nsadmin', 'publichome', '{"index":"r"}'),
(175, 559, 0, 'nsadmin', 'parentmeetingplanner', '{"guardiantimetables":"rw"}'),
(176, 560, 0, 'nsadmin', 'publichome', '{"index":"r"}'),
(177, 560, 0, 'nsadmin', 'parentmeetingplanner', '{"guardiantimetables":"rw"}'),
(178, 561, 0, 'nsadmin', 'publichome', '{"index":"r"}'),
(179, 561, 0, 'nsadmin', 'parentmeetingplanner', '{"guardiantimetables":"rw"}'),
(180, 562, 0, 'nsadmin', 'publichome', '{"index":"r"}'),
(181, 562, 0, 'nsadmin', 'parentmeetingplanner', '{"guardiantimetables":"rw"}'),
(182, 563, 0, 'nsadmin', 'publichome', '{"index":"r"}'),
(183, 563, 0, 'nsadmin', 'parentmeetingplanner', '{"guardiantimetables":"rw"}'),
(184, 564, 0, 'nsadmin', 'publichome', '{"index":"r"}'),
(185, 564, 0, 'nsadmin', 'parentmeetingplanner', '{"guardiantimetables":"rw"}'),
(186, 565, 0, 'nsadmin', 'publichome', '{"index":"r"}'),
(187, 565, 0, 'nsadmin', 'parentmeetingplanner', '{"guardiantimetables":"rw"}'),
(188, 566, 0, 'nsadmin', 'publichome', '{"index":"r"}'),
(189, 566, 0, 'nsadmin', 'parentmeetingplanner', '{"guardiantimetables":"rw"}'),
(190, 567, 0, 'nsadmin', 'publichome', '{"index":"r"}'),
(191, 567, 0, 'nsadmin', 'parentmeetingplanner', '{"guardiantimetables":"rw"}'),
(192, 568, 0, 'nsadmin', 'publichome', '{"index":"r"}'),
(193, 568, 0, 'nsadmin', 'parentmeetingplanner', '{"guardiantimetables":"rw"}'),
(194, 569, 0, 'nsadmin', 'publichome', '{"index":"r"}'),
(195, 569, 0, 'nsadmin', 'parentmeetingplanner', '{"guardiantimetables":"rw"}'),
(196, 570, 0, 'nsadmin', 'publichome', '{"index":"r"}'),
(197, 570, 0, 'nsadmin', 'parentmeetingplanner', '{"guardiantimetables":"rw"}'),
(198, 571, 0, 'nsadmin', 'publichome', '{"index":"r"}'),
(199, 571, 0, 'nsadmin', 'parentmeetingplanner', '{"guardiantimetables":"rw"}'),
(200, 572, 0, 'nsadmin', 'publichome', '{"index":"r"}'),
(201, 572, 0, 'nsadmin', 'parentmeetingplanner', '{"guardiantimetables":"rw"}'),
(202, 573, 0, 'nsadmin', 'publichome', '{"index":"r"}'),
(203, 573, 0, 'nsadmin', 'parentmeetingplanner', '{"guardiantimetables":"rw"}'),
(204, 574, 0, 'nsadmin', 'publichome', '{"index":"r"}'),
(205, 574, 0, 'nsadmin', 'parentmeetingplanner', '{"guardiantimetables":"rw"}'),
(206, 575, 0, 'nsadmin', 'publichome', '{"index":"r"}'),
(207, 575, 0, 'nsadmin', 'parentmeetingplanner', '{"guardiantimetables":"rw"}'),
(208, 576, 0, 'nsadmin', 'publichome', '{"index":"r"}'),
(209, 576, 0, 'nsadmin', 'parentmeetingplanner', '{"guardiantimetables":"rw"}'),
(210, 577, 0, 'nsadmin', 'publichome', '{"index":"r"}'),
(211, 577, 0, 'nsadmin', 'parentmeetingplanner', '{"guardiantimetables":"rw"}'),
(212, 578, 0, 'nsadmin', 'publichome', '{"index":"r"}'),
(213, 578, 0, 'nsadmin', 'parentmeetingplanner', '{"guardiantimetables":"rw"}'),
(214, 579, 0, 'nsadmin', 'publichome', '{"index":"r"}'),
(215, 579, 0, 'nsadmin', 'parentmeetingplanner', '{"guardiantimetables":"rw"}'),
(216, 580, 0, 'nsadmin', 'publichome', '{"index":"r"}'),
(217, 580, 0, 'nsadmin', 'parentmeetingplanner', '{"guardiantimetables":"rw"}'),
(218, 581, 0, 'nsadmin', 'publichome', '{"index":"r"}'),
(219, 581, 0, 'nsadmin', 'parentmeetingplanner', '{"guardiantimetables":"rw"}'),
(220, 582, 0, 'nsadmin', 'publichome', '{"index":"r"}'),
(221, 582, 0, 'nsadmin', 'parentmeetingplanner', '{"guardiantimetables":"rw"}'),
(222, 583, 0, 'nsadmin', 'publichome', '{"index":"r"}'),
(223, 583, 0, 'nsadmin', 'parentmeetingplanner', '{"guardiantimetables":"rw"}'),
(224, 584, 0, 'nsadmin', 'publichome', '{"index":"r"}'),
(225, 584, 0, 'nsadmin', 'parentmeetingplanner', '{"guardiantimetables":"rw"}'),
(226, 585, 0, 'nsadmin', 'publichome', '{"index":"r"}'),
(227, 585, 0, 'nsadmin', 'parentmeetingplanner', '{"guardiantimetables":"rw"}'),
(228, 586, 0, 'nsadmin', 'publichome', '{"index":"r"}'),
(229, 586, 0, 'nsadmin', 'parentmeetingplanner', '{"guardiantimetables":"rw"}'),
(230, 587, 0, 'nsadmin', 'publichome', '{"index":"r"}'),
(231, 587, 0, 'nsadmin', 'parentmeetingplanner', '{"guardiantimetables":"rw"}'),
(232, 588, 0, 'nsadmin', 'publichome', '{"index":"r"}'),
(233, 588, 0, 'nsadmin', 'parentmeetingplanner', '{"guardiantimetables":"rw"}'),
(234, 589, 0, 'nsadmin', 'publichome', '{"index":"r"}'),
(235, 589, 0, 'nsadmin', 'parentmeetingplanner', '{"guardiantimetables":"rw"}'),
(236, 590, 0, 'nsadmin', 'publichome', '{"index":"r"}'),
(237, 590, 0, 'nsadmin', 'parentmeetingplanner', '{"guardiantimetables":"rw"}'),
(238, 591, 0, 'nsadmin', 'publichome', '{"index":"r"}'),
(239, 591, 0, 'nsadmin', 'parentmeetingplanner', '{"guardiantimetables":"rw"}'),
(240, 592, 0, 'nsadmin', 'publichome', '{"index":"r"}'),
(241, 592, 0, 'nsadmin', 'parentmeetingplanner', '{"guardiantimetables":"rw"}'),
(242, 593, 0, 'nsadmin', 'publichome', '{"index":"r"}'),
(243, 593, 0, 'nsadmin', 'parentmeetingplanner', '{"guardiantimetables":"rw"}'),
(244, 594, 0, 'nsadmin', 'publichome', '{"index":"r"}'),
(245, 594, 0, 'nsadmin', 'parentmeetingplanner', '{"guardiantimetables":"rw"}'),
(246, 595, 0, 'nsadmin', 'publichome', '{"index":"r"}'),
(247, 595, 0, 'nsadmin', 'parentmeetingplanner', '{"guardiantimetables":"rw"}'),
(248, 596, 0, 'nsadmin', 'publichome', '{"index":"r"}'),
(249, 596, 0, 'nsadmin', 'parentmeetingplanner', '{"guardiantimetables":"rw"}'),
(250, 597, 0, 'nsadmin', 'publichome', '{"index":"r"}'),
(251, 597, 0, 'nsadmin', 'parentmeetingplanner', '{"guardiantimetables":"rw"}'),
(252, 598, 0, 'nsadmin', 'publichome', '{"index":"r"}'),
(253, 598, 0, 'nsadmin', 'parentmeetingplanner', '{"guardiantimetables":"rw"}'),
(254, 599, 0, 'nsadmin', 'publichome', '{"index":"r"}'),
(255, 599, 0, 'nsadmin', 'parentmeetingplanner', '{"guardiantimetables":"rw"}'),
(256, 600, 0, 'nsadmin', 'publichome', '{"index":"r"}'),
(257, 600, 0, 'nsadmin', 'parentmeetingplanner', '{"guardiantimetables":"rw"}'),
(258, 601, 0, 'nsadmin', 'publichome', '{"index":"r"}'),
(259, 601, 0, 'nsadmin', 'parentmeetingplanner', '{"guardiantimetables":"rw"}'),
(260, 602, 0, 'nsadmin', 'publichome', '{"index":"r"}'),
(261, 602, 0, 'nsadmin', 'parentmeetingplanner', '{"guardiantimetables":"rw"}'),
(262, 603, 0, 'nsadmin', 'publichome', '{"index":"r"}'),
(263, 603, 0, 'nsadmin', 'parentmeetingplanner', '{"guardiantimetables":"rw"}'),
(264, 604, 0, 'nsadmin', 'publichome', '{"index":"r"}'),
(265, 604, 0, 'nsadmin', 'parentmeetingplanner', '{"guardiantimetables":"rw"}'),
(266, 605, 0, 'nsadmin', 'publichome', '{"index":"r"}'),
(267, 605, 0, 'nsadmin', 'parentmeetingplanner', '{"guardiantimetables":"rw"}'),
(268, 606, 0, 'nsadmin', 'publichome', '{"index":"r"}'),
(269, 606, 0, 'nsadmin', 'parentmeetingplanner', '{"guardiantimetables":"rw"}'),
(270, 607, 0, 'nsadmin', 'publichome', '{"index":"r"}'),
(271, 607, 0, 'nsadmin', 'parentmeetingplanner', '{"guardiantimetables":"rw"}'),
(272, 608, 0, 'nsadmin', 'publichome', '{"index":"r"}'),
(273, 608, 0, 'nsadmin', 'parentmeetingplanner', '{"guardiantimetables":"rw"}'),
(274, 609, 0, 'nsadmin', 'publichome', '{"index":"r"}'),
(275, 609, 0, 'nsadmin', 'parentmeetingplanner', '{"guardiantimetables":"rw"}'),
(276, 610, 0, 'nsadmin', 'publichome', '{"index":"r"}'),
(277, 610, 0, 'nsadmin', 'parentmeetingplanner', '{"guardiantimetables":"rw"}'),
(278, 611, 0, 'nsadmin', 'publichome', '{"index":"r"}'),
(279, 611, 0, 'nsadmin', 'parentmeetingplanner', '{"guardiantimetables":"rw"}'),
(280, 612, 0, 'nsadmin', 'publichome', '{"index":"r"}'),
(281, 612, 0, 'nsadmin', 'parentmeetingplanner', '{"guardiantimetables":"rw"}'),
(282, 613, 0, 'nsadmin', 'publichome', '{"index":"r"}'),
(283, 613, 0, 'nsadmin', 'parentmeetingplanner', '{"guardiantimetables":"rw"}'),
(284, 614, 0, 'nsadmin', 'publichome', '{"index":"r"}'),
(285, 614, 0, 'nsadmin', 'parentmeetingplanner', '{"guardiantimetables":"rw"}'),
(286, 615, 0, 'nsadmin', 'publichome', '{"index":"r"}'),
(287, 615, 0, 'nsadmin', 'parentmeetingplanner', '{"guardiantimetables":"rw"}'),
(288, 616, 0, 'nsadmin', 'publichome', '{"index":"r"}'),
(289, 616, 0, 'nsadmin', 'parentmeetingplanner', '{"guardiantimetables":"rw"}'),
(290, 617, 0, 'nsadmin', 'publichome', '{"index":"r"}'),
(291, 617, 0, 'nsadmin', 'parentmeetingplanner', '{"guardiantimetables":"rw"}'),
(292, 618, 0, 'nsadmin', 'publichome', '{"index":"r"}'),
(293, 618, 0, 'nsadmin', 'parentmeetingplanner', '{"guardiantimetables":"rw"}'),
(294, 619, 0, 'nsadmin', 'publichome', '{"index":"r"}'),
(295, 619, 0, 'nsadmin', 'parentmeetingplanner', '{"guardiantimetables":"rw"}'),
(296, 620, 0, 'nsadmin', 'publichome', '{"index":"r"}'),
(297, 620, 0, 'nsadmin', 'parentmeetingplanner', '{"guardiantimetables":"rw"}'),
(298, 621, 0, 'nsadmin', 'publichome', '{"index":"r"}'),
(299, 621, 0, 'nsadmin', 'parentmeetingplanner', '{"guardiantimetables":"rw"}'),
(300, 622, 0, 'nsadmin', 'publichome', '{"index":"r"}'),
(301, 622, 0, 'nsadmin', 'parentmeetingplanner', '{"guardiantimetables":"rw"}'),
(302, 623, 0, 'nsadmin', 'publichome', '{"index":"r"}'),
(303, 623, 0, 'nsadmin', 'parentmeetingplanner', '{"guardiantimetables":"rw"}'),
(304, 624, 0, 'nsadmin', 'publichome', '{"index":"r"}'),
(305, 624, 0, 'nsadmin', 'parentmeetingplanner', '{"guardiantimetables":"rw"}'),
(306, 625, 0, 'nsadmin', 'publichome', '{"index":"r"}'),
(307, 625, 0, 'nsadmin', 'parentmeetingplanner', '{"guardiantimetables":"rw"}'),
(308, 626, 0, 'nsadmin', 'publichome', '{"index":"r"}'),
(309, 626, 0, 'nsadmin', 'parentmeetingplanner', '{"guardiantimetables":"rw"}'),
(310, 627, 0, 'nsadmin', 'publichome', '{"index":"r"}'),
(311, 627, 0, 'nsadmin', 'parentmeetingplanner', '{"guardiantimetables":"rw"}'),
(312, 628, 0, 'nsadmin', 'publichome', '{"index":"r"}'),
(313, 628, 0, 'nsadmin', 'parentmeetingplanner', '{"guardiantimetables":"rw"}'),
(314, 629, 0, 'nsadmin', 'publichome', '{"index":"r"}'),
(315, 629, 0, 'nsadmin', 'parentmeetingplanner', '{"guardiantimetables":"rw"}'),
(316, 630, 0, 'nsadmin', 'publichome', '{"index":"r"}'),
(317, 630, 0, 'nsadmin', 'parentmeetingplanner', '{"guardiantimetables":"rw"}'),
(318, 631, 0, 'nsadmin', 'publichome', '{"index":"r"}'),
(319, 631, 0, 'nsadmin', 'parentmeetingplanner', '{"guardiantimetables":"rw"}'),
(320, 632, 0, 'nsadmin', 'publichome', '{"index":"r"}'),
(321, 632, 0, 'nsadmin', 'parentmeetingplanner', '{"guardiantimetables":"rw"}'),
(322, 633, 0, 'nsadmin', 'publichome', '{"index":"r"}'),
(323, 633, 0, 'nsadmin', 'parentmeetingplanner', '{"guardiantimetables":"rw"}'),
(324, 634, 0, 'nsadmin', 'publichome', '{"index":"r"}'),
(325, 634, 0, 'nsadmin', 'parentmeetingplanner', '{"guardiantimetables":"rw"}'),
(326, 635, 0, 'nsadmin', 'publichome', '{"index":"r"}'),
(327, 635, 0, 'nsadmin', 'parentmeetingplanner', '{"guardiantimetables":"rw"}'),
(328, 636, 0, 'nsadmin', 'publichome', '{"index":"r"}'),
(329, 636, 0, 'nsadmin', 'parentmeetingplanner', '{"guardiantimetables":"rw"}'),
(330, 637, 0, 'nsadmin', 'publichome', '{"index":"r"}'),
(331, 637, 0, 'nsadmin', 'parentmeetingplanner', '{"guardiantimetables":"rw"}'),
(332, 638, 0, 'nsadmin', 'publichome', '{"index":"r"}'),
(333, 638, 0, 'nsadmin', 'parentmeetingplanner', '{"guardiantimetables":"rw"}'),
(334, 639, 0, 'nsadmin', 'publichome', '{"index":"r"}'),
(335, 639, 0, 'nsadmin', 'parentmeetingplanner', '{"guardiantimetables":"rw"}'),
(336, 640, 0, 'nsadmin', 'publichome', '{"index":"r"}'),
(337, 640, 0, 'nsadmin', 'parentmeetingplanner', '{"guardiantimetables":"rw"}'),
(338, 641, 0, 'nsadmin', 'publichome', '{"index":"r"}'),
(339, 641, 0, 'nsadmin', 'parentmeetingplanner', '{"guardiantimetables":"rw"}'),
(340, 642, 0, 'nsadmin', 'publichome', '{"index":"r"}'),
(341, 642, 0, 'nsadmin', 'parentmeetingplanner', '{"guardiantimetables":"rw"}'),
(342, 643, 0, 'nsadmin', 'publichome', '{"index":"r"}'),
(343, 643, 0, 'nsadmin', 'parentmeetingplanner', '{"guardiantimetables":"rw"}'),
(344, 644, 0, 'nsadmin', 'publichome', '{"index":"r"}'),
(345, 644, 0, 'nsadmin', 'parentmeetingplanner', '{"guardiantimetables":"rw"}'),
(346, 645, 0, 'nsadmin', 'publichome', '{"index":"r"}'),
(347, 645, 0, 'nsadmin', 'parentmeetingplanner', '{"guardiantimetables":"rw"}'),
(348, 646, 0, 'nsadmin', 'publichome', '{"index":"r"}'),
(349, 646, 0, 'nsadmin', 'parentmeetingplanner', '{"guardiantimetables":"rw"}'),
(350, 647, 0, 'nsadmin', 'publichome', '{"index":"r"}'),
(351, 647, 0, 'nsadmin', 'parentmeetingplanner', '{"guardiantimetables":"rw"}'),
(352, 648, 0, 'nsadmin', 'publichome', '{"index":"r"}'),
(353, 648, 0, 'nsadmin', 'parentmeetingplanner', '{"guardiantimetables":"rw"}'),
(354, 649, 0, 'nsadmin', 'publichome', '{"index":"r"}'),
(355, 649, 0, 'nsadmin', 'parentmeetingplanner', '{"guardiantimetables":"rw"}'),
(356, 650, 0, 'nsadmin', 'publichome', '{"index":"r"}'),
(357, 650, 0, 'nsadmin', 'parentmeetingplanner', '{"guardiantimetables":"rw"}'),
(358, 651, 0, 'nsadmin', 'publichome', '{"index":"r"}'),
(359, 651, 0, 'nsadmin', 'parentmeetingplanner', '{"guardiantimetables":"rw"}'),
(360, 652, 0, 'nsadmin', 'publichome', '{"index":"r"}'),
(361, 652, 0, 'nsadmin', 'parentmeetingplanner', '{"guardiantimetables":"rw"}'),
(362, 653, 0, 'nsadmin', 'publichome', '{"index":"r"}'),
(363, 653, 0, 'nsadmin', 'parentmeetingplanner', '{"guardiantimetables":"rw"}'),
(364, 654, 0, 'nsadmin', 'publichome', '{"index":"r"}'),
(365, 654, 0, 'nsadmin', 'parentmeetingplanner', '{"guardiantimetables":"rw"}'),
(366, 655, 0, 'nsadmin', 'publichome', '{"index":"r"}'),
(367, 655, 0, 'nsadmin', 'parentmeetingplanner', '{"guardiantimetables":"rw"}'),
(368, 656, 0, 'nsadmin', 'publichome', '{"index":"r"}'),
(369, 656, 0, 'nsadmin', 'parentmeetingplanner', '{"guardiantimetables":"rw"}'),
(370, 657, 0, 'nsadmin', 'publichome', '{"index":"r"}'),
(371, 657, 0, 'nsadmin', 'parentmeetingplanner', '{"guardiantimetables":"rw"}'),
(372, 658, 0, 'nsadmin', 'publichome', '{"index":"r"}'),
(373, 658, 0, 'nsadmin', 'parentmeetingplanner', '{"guardiantimetables":"rw"}'),
(374, 659, 0, 'nsadmin', 'publichome', '{"index":"r"}'),
(375, 659, 0, 'nsadmin', 'parentmeetingplanner', '{"guardiantimetables":"rw"}'),
(376, 660, 0, 'nsadmin', 'publichome', '{"index":"r"}'),
(377, 660, 0, 'nsadmin', 'parentmeetingplanner', '{"guardiantimetables":"rw"}'),
(378, 661, 0, 'nsadmin', 'publichome', '{"index":"r"}'),
(379, 661, 0, 'nsadmin', 'parentmeetingplanner', '{"guardiantimetables":"rw"}'),
(380, 662, 0, 'nsadmin', 'publichome', '{"index":"r"}'),
(381, 662, 0, 'nsadmin', 'parentmeetingplanner', '{"guardiantimetables":"rw"}'),
(382, 663, 0, 'nsadmin', 'publichome', '{"index":"r"}'),
(383, 663, 0, 'nsadmin', 'parentmeetingplanner', '{"guardiantimetables":"rw"}'),
(384, 664, 0, 'nsadmin', 'publichome', '{"index":"r"}'),
(385, 664, 0, 'nsadmin', 'parentmeetingplanner', '{"guardiantimetables":"rw"}'),
(386, 665, 0, 'nsadmin', 'publichome', '{"index":"r"}'),
(387, 665, 0, 'nsadmin', 'parentmeetingplanner', '{"guardiantimetables":"rw"}'),
(388, 666, 0, 'nsadmin', 'publichome', '{"index":"r"}'),
(389, 666, 0, 'nsadmin', 'parentmeetingplanner', '{"guardiantimetables":"rw"}'),
(390, 667, 0, 'nsadmin', 'publichome', '{"index":"r"}'),
(391, 667, 0, 'nsadmin', 'parentmeetingplanner', '{"guardiantimetables":"rw"}'),
(392, 668, 0, 'nsadmin', 'publichome', '{"index":"r"}'),
(393, 668, 0, 'nsadmin', 'parentmeetingplanner', '{"guardiantimetables":"rw"}'),
(394, 669, 0, 'nsadmin', 'publichome', '{"index":"r"}'),
(395, 669, 0, 'nsadmin', 'parentmeetingplanner', '{"guardiantimetables":"rw"}'),
(396, 670, 0, 'nsadmin', 'publichome', '{"index":"r"}'),
(397, 670, 0, 'nsadmin', 'parentmeetingplanner', '{"guardiantimetables":"rw"}'),
(398, 671, 0, 'nsadmin', 'publichome', '{"index":"r"}'),
(399, 671, 0, 'nsadmin', 'parentmeetingplanner', '{"guardiantimetables":"rw"}'),
(400, 672, 0, 'nsadmin', 'publichome', '{"index":"r"}'),
(401, 672, 0, 'nsadmin', 'parentmeetingplanner', '{"guardiantimetables":"rw"}'),
(402, 673, 0, 'nsadmin', 'publichome', '{"index":"r"}'),
(403, 673, 0, 'nsadmin', 'parentmeetingplanner', '{"guardiantimetables":"rw"}'),
(404, 674, 0, 'nsadmin', 'publichome', '{"index":"r"}'),
(405, 674, 0, 'nsadmin', 'parentmeetingplanner', '{"guardiantimetables":"rw"}'),
(406, 675, 0, 'nsadmin', 'publichome', '{"index":"r"}'),
(407, 675, 0, 'nsadmin', 'parentmeetingplanner', '{"guardiantimetables":"rw"}'),
(408, 676, 0, 'nsadmin', 'publichome', '{"index":"r"}'),
(409, 676, 0, 'nsadmin', 'parentmeetingplanner', '{"guardiantimetables":"rw"}'),
(410, 677, 0, 'nsadmin', 'publichome', '{"index":"r"}'),
(411, 677, 0, 'nsadmin', 'parentmeetingplanner', '{"guardiantimetables":"rw"}'),
(412, 678, 0, 'nsadmin', 'publichome', '{"index":"r"}'),
(413, 678, 0, 'nsadmin', 'parentmeetingplanner', '{"guardiantimetables":"rw"}'),
(414, 679, 0, 'nsadmin', 'publichome', '{"index":"r"}'),
(415, 679, 0, 'nsadmin', 'parentmeetingplanner', '{"guardiantimetables":"rw"}'),
(416, 680, 0, 'nsadmin', 'publichome', '{"index":"r"}'),
(417, 680, 0, 'nsadmin', 'parentmeetingplanner', '{"guardiantimetables":"rw"}'),
(418, 681, 0, 'nsadmin', 'publichome', '{"index":"r"}'),
(419, 681, 0, 'nsadmin', 'parentmeetingplanner', '{"guardiantimetables":"rw"}'),
(420, 682, 0, 'nsadmin', 'publichome', '{"index":"r"}'),
(421, 682, 0, 'nsadmin', 'parentmeetingplanner', '{"guardiantimetables":"rw"}'),
(422, 683, 0, 'nsadmin', 'publichome', '{"index":"r"}'),
(423, 683, 0, 'nsadmin', 'parentmeetingplanner', '{"guardiantimetables":"rw"}'),
(424, 684, 0, 'nsadmin', 'publichome', '{"index":"r"}'),
(425, 684, 0, 'nsadmin', 'parentmeetingplanner', '{"guardiantimetables":"rw"}'),
(426, 685, 0, 'nsadmin', 'publichome', '{"index":"r"}'),
(427, 685, 0, 'nsadmin', 'parentmeetingplanner', '{"guardiantimetables":"rw"}'),
(428, 686, 0, 'nsadmin', 'publichome', '{"index":"r"}'),
(429, 686, 0, 'nsadmin', 'parentmeetingplanner', '{"guardiantimetables":"rw"}'),
(430, 687, 0, 'nsadmin', 'publichome', '{"index":"r"}'),
(431, 687, 0, 'nsadmin', 'parentmeetingplanner', '{"guardiantimetables":"rw"}'),
(432, 688, 0, 'nsadmin', 'publichome', '{"index":"r"}'),
(433, 688, 0, 'nsadmin', 'parentmeetingplanner', '{"guardiantimetables":"rw"}'),
(434, 689, 0, 'nsadmin', 'publichome', '{"index":"r"}'),
(435, 689, 0, 'nsadmin', 'parentmeetingplanner', '{"guardiantimetables":"rw"}'),
(436, 690, 0, 'nsadmin', 'publichome', '{"index":"r"}'),
(437, 690, 0, 'nsadmin', 'parentmeetingplanner', '{"guardiantimetables":"rw"}'),
(438, 691, 0, 'nsadmin', 'publichome', '{"index":"r"}'),
(439, 691, 0, 'nsadmin', 'parentmeetingplanner', '{"guardiantimetables":"rw"}'),
(440, 692, 0, 'nsadmin', 'publichome', '{"index":"r"}'),
(441, 692, 0, 'nsadmin', 'parentmeetingplanner', '{"guardiantimetables":"rw"}'),
(442, 693, 0, 'nsadmin', 'publichome', '{"index":"r"}'),
(443, 693, 0, 'nsadmin', 'parentmeetingplanner', '{"guardiantimetables":"rw"}'),
(444, 694, 0, 'nsadmin', 'publichome', '{"index":"r"}'),
(445, 694, 0, 'nsadmin', 'parentmeetingplanner', '{"guardiantimetables":"rw"}'),
(446, 695, 0, 'nsadmin', 'publichome', '{"index":"r"}'),
(447, 695, 0, 'nsadmin', 'parentmeetingplanner', '{"guardiantimetables":"rw"}'),
(448, 696, 0, 'nsadmin', 'publichome', '{"index":"r"}'),
(449, 696, 0, 'nsadmin', 'parentmeetingplanner', '{"guardiantimetables":"rw"}'),
(450, 697, 0, 'nsadmin', 'publichome', '{"index":"r"}'),
(451, 697, 0, 'nsadmin', 'parentmeetingplanner', '{"guardiantimetables":"rw"}'),
(452, 698, 0, 'nsadmin', 'publichome', '{"index":"r"}'),
(453, 698, 0, 'nsadmin', 'parentmeetingplanner', '{"guardiantimetables":"rw"}'),
(454, 699, 0, 'nsadmin', 'publichome', '{"index":"r"}'),
(455, 699, 0, 'nsadmin', 'parentmeetingplanner', '{"guardiantimetables":"rw"}'),
(456, 700, 0, 'nsadmin', 'publichome', '{"index":"r"}'),
(457, 700, 0, 'nsadmin', 'parentmeetingplanner', '{"guardiantimetables":"rw"}'),
(458, 701, 0, 'nsadmin', 'publichome', '{"index":"r"}'),
(459, 701, 0, 'nsadmin', 'parentmeetingplanner', '{"guardiantimetables":"rw"}'),
(460, 702, 0, 'nsadmin', 'publichome', '{"index":"r"}'),
(461, 702, 0, 'nsadmin', 'parentmeetingplanner', '{"guardiantimetables":"rw"}'),
(462, 703, 0, 'nsadmin', 'publichome', '{"index":"r"}'),
(463, 703, 0, 'nsadmin', 'parentmeetingplanner', '{"guardiantimetables":"rw"}'),
(464, 704, 0, 'nsadmin', 'publichome', '{"index":"r"}'),
(465, 704, 0, 'nsadmin', 'parentmeetingplanner', '{"guardiantimetables":"rw"}'),
(466, 705, 0, 'nsadmin', 'publichome', '{"index":"r"}'),
(467, 705, 0, 'nsadmin', 'parentmeetingplanner', '{"guardiantimetables":"rw"}'),
(468, 706, 0, 'nsadmin', 'publichome', '{"index":"r"}'),
(469, 706, 0, 'nsadmin', 'parentmeetingplanner', '{"guardiantimetables":"rw"}'),
(470, 707, 0, 'nsadmin', 'publichome', '{"index":"r"}'),
(471, 707, 0, 'nsadmin', 'parentmeetingplanner', '{"guardiantimetables":"rw"}'),
(472, 708, 0, 'nsadmin', 'publichome', '{"index":"r"}'),
(473, 708, 0, 'nsadmin', 'parentmeetingplanner', '{"guardiantimetables":"rw"}'),
(474, 709, 0, 'nsadmin', 'publichome', '{"index":"r"}'),
(475, 709, 0, 'nsadmin', 'parentmeetingplanner', '{"guardiantimetables":"rw"}'),
(476, 710, 0, 'nsadmin', 'publichome', '{"index":"r"}'),
(477, 710, 0, 'nsadmin', 'parentmeetingplanner', '{"guardiantimetables":"rw"}'),
(478, 711, 0, 'nsadmin', 'publichome', '{"index":"r"}'),
(479, 711, 0, 'nsadmin', 'parentmeetingplanner', '{"guardiantimetables":"rw"}'),
(480, 712, 0, 'nsadmin', 'publichome', '{"index":"r"}'),
(481, 712, 0, 'nsadmin', 'parentmeetingplanner', '{"guardiantimetables":"rw"}'),
(482, 713, 0, 'nsadmin', 'publichome', '{"index":"r"}'),
(483, 713, 0, 'nsadmin', 'parentmeetingplanner', '{"guardiantimetables":"rw"}'),
(484, 714, 0, 'nsadmin', 'publichome', '{"index":"r"}'),
(485, 714, 0, 'nsadmin', 'parentmeetingplanner', '{"guardiantimetables":"rw"}'),
(486, 715, 0, 'nsadmin', 'publichome', '{"index":"r"}'),
(487, 715, 0, 'nsadmin', 'parentmeetingplanner', '{"guardiantimetables":"rw"}'),
(488, 716, 0, 'nsadmin', 'publichome', '{"index":"r"}'),
(489, 716, 0, 'nsadmin', 'parentmeetingplanner', '{"guardiantimetables":"rw"}'),
(490, 717, 0, 'nsadmin', 'publichome', '{"index":"r"}'),
(491, 717, 0, 'nsadmin', 'parentmeetingplanner', '{"guardiantimetables":"rw"}'),
(492, 718, 0, 'nsadmin', 'publichome', '{"index":"r"}'),
(493, 718, 0, 'nsadmin', 'parentmeetingplanner', '{"guardiantimetables":"rw"}'),
(494, 719, 0, 'nsadmin', 'publichome', '{"index":"r"}'),
(495, 719, 0, 'nsadmin', 'parentmeetingplanner', '{"guardiantimetables":"rw"}'),
(496, 720, 0, 'nsadmin', 'publichome', '{"index":"r"}'),
(497, 720, 0, 'nsadmin', 'parentmeetingplanner', '{"guardiantimetables":"rw"}'),
(498, 721, 0, 'nsadmin', 'publichome', '{"index":"r"}'),
(499, 721, 0, 'nsadmin', 'parentmeetingplanner', '{"guardiantimetables":"rw"}'),
(500, 722, 0, 'nsadmin', 'publichome', '{"index":"r"}'),
(501, 722, 0, 'nsadmin', 'parentmeetingplanner', '{"guardiantimetables":"rw"}'),
(502, 723, 0, 'nsadmin', 'publichome', '{"index":"r"}'),
(503, 723, 0, 'nsadmin', 'parentmeetingplanner', '{"guardiantimetables":"rw"}'),
(504, 724, 0, 'nsadmin', 'publichome', '{"index":"r"}'),
(505, 724, 0, 'nsadmin', 'parentmeetingplanner', '{"guardiantimetables":"rw"}'),
(506, 725, 0, 'nsadmin', 'publichome', '{"index":"r"}'),
(507, 725, 0, 'nsadmin', 'parentmeetingplanner', '{"guardiantimetables":"rw"}'),
(508, 726, 0, 'nsadmin', 'publichome', '{"index":"r"}'),
(509, 726, 0, 'nsadmin', 'parentmeetingplanner', '{"guardiantimetables":"rw"}'),
(510, 727, 0, 'nsadmin', 'publichome', '{"index":"r"}'),
(511, 727, 0, 'nsadmin', 'parentmeetingplanner', '{"guardiantimetables":"rw"}'),
(512, 728, 0, 'nsadmin', 'publichome', '{"index":"r"}'),
(513, 728, 0, 'nsadmin', 'parentmeetingplanner', '{"guardiantimetables":"rw"}'),
(514, 729, 0, 'nsadmin', 'publichome', '{"index":"r"}'),
(515, 729, 0, 'nsadmin', 'parentmeetingplanner', '{"guardiantimetables":"rw"}'),
(516, 730, 0, 'nsadmin', 'publichome', '{"index":"r"}'),
(517, 730, 0, 'nsadmin', 'parentmeetingplanner', '{"guardiantimetables":"rw"}'),
(518, 731, 0, 'nsadmin', 'publichome', '{"index":"r"}'),
(519, 731, 0, 'nsadmin', 'parentmeetingplanner', '{"guardiantimetables":"rw"}'),
(520, 732, 0, 'nsadmin', 'publichome', '{"index":"r"}'),
(521, 732, 0, 'nsadmin', 'parentmeetingplanner', '{"guardiantimetables":"rw"}'),
(522, 733, 0, 'nsadmin', 'publichome', '{"index":"r"}'),
(523, 733, 0, 'nsadmin', 'parentmeetingplanner', '{"guardiantimetables":"rw"}'),
(524, 734, 0, 'nsadmin', 'publichome', '{"index":"r"}'),
(525, 734, 0, 'nsadmin', 'parentmeetingplanner', '{"guardiantimetables":"rw"}'),
(526, 735, 0, 'nsadmin', 'publichome', '{"index":"r"}'),
(527, 735, 0, 'nsadmin', 'parentmeetingplanner', '{"guardiantimetables":"rw"}'),
(528, 736, 0, 'nsadmin', 'publichome', '{"index":"r"}'),
(529, 736, 0, 'nsadmin', 'parentmeetingplanner', '{"guardiantimetables":"rw"}'),
(530, 737, 0, 'nsadmin', 'publichome', '{"index":"r"}'),
(531, 737, 0, 'nsadmin', 'parentmeetingplanner', '{"guardiantimetables":"rw"}'),
(532, 738, 0, 'nsadmin', 'publichome', '{"index":"r"}'),
(533, 738, 0, 'nsadmin', 'parentmeetingplanner', '{"guardiantimetables":"rw"}'),
(534, 739, 0, 'nsadmin', 'publichome', '{"index":"r"}'),
(535, 739, 0, 'nsadmin', 'parentmeetingplanner', '{"guardiantimetables":"rw"}'),
(536, 740, 0, 'nsadmin', 'publichome', '{"index":"r"}'),
(537, 740, 0, 'nsadmin', 'parentmeetingplanner', '{"guardiantimetables":"rw"}'),
(538, 741, 0, 'nsadmin', 'publichome', '{"index":"r"}'),
(539, 741, 0, 'nsadmin', 'parentmeetingplanner', '{"guardiantimetables":"rw"}'),
(540, 742, 0, 'nsadmin', 'publichome', '{"index":"r"}'),
(541, 742, 0, 'nsadmin', 'parentmeetingplanner', '{"guardiantimetables":"rw"}'),
(542, 743, 0, 'nsadmin', 'publichome', '{"index":"r"}'),
(543, 743, 0, 'nsadmin', 'parentmeetingplanner', '{"guardiantimetables":"rw"}'),
(544, 744, 0, 'nsadmin', 'publichome', '{"index":"r"}'),
(545, 744, 0, 'nsadmin', 'parentmeetingplanner', '{"guardiantimetables":"rw"}'),
(546, 745, 0, 'nsadmin', 'publichome', '{"index":"r"}'),
(547, 745, 0, 'nsadmin', 'parentmeetingplanner', '{"guardiantimetables":"rw"}'),
(548, 746, 0, 'nsadmin', 'publichome', '{"index":"r"}'),
(549, 746, 0, 'nsadmin', 'parentmeetingplanner', '{"guardiantimetables":"rw"}'),
(550, 747, 0, 'nsadmin', 'publichome', '{"index":"r"}'),
(551, 747, 0, 'nsadmin', 'parentmeetingplanner', '{"guardiantimetables":"rw"}'),
(552, 748, 0, 'nsadmin', 'publichome', '{"index":"r"}'),
(553, 748, 0, 'nsadmin', 'parentmeetingplanner', '{"guardiantimetables":"rw"}'),
(554, 749, 0, 'nsadmin', 'publichome', '{"index":"r"}'),
(555, 749, 0, 'nsadmin', 'parentmeetingplanner', '{"guardiantimetables":"rw"}'),
(556, 750, 0, 'nsadmin', 'publichome', '{"index":"r"}'),
(557, 750, 0, 'nsadmin', 'parentmeetingplanner', '{"guardiantimetables":"rw"}'),
(558, 751, 0, 'nsadmin', 'publichome', '{"index":"r"}'),
(559, 751, 0, 'nsadmin', 'parentmeetingplanner', '{"guardiantimetables":"rw"}'),
(560, 752, 0, 'nsadmin', 'publichome', '{"index":"r"}'),
(561, 752, 0, 'nsadmin', 'parentmeetingplanner', '{"guardiantimetables":"rw"}'),
(562, 753, 0, 'nsadmin', 'publichome', '{"index":"r"}'),
(563, 753, 0, 'nsadmin', 'parentmeetingplanner', '{"guardiantimetables":"rw"}'),
(564, 754, 0, 'nsadmin', 'publichome', '{"index":"r"}'),
(565, 754, 0, 'nsadmin', 'parentmeetingplanner', '{"guardiantimetables":"rw"}'),
(566, 755, 0, 'nsadmin', 'publichome', '{"index":"r"}'),
(567, 755, 0, 'nsadmin', 'parentmeetingplanner', '{"guardiantimetables":"rw"}'),
(568, 756, 0, 'nsadmin', 'publichome', '{"index":"r"}'),
(569, 756, 0, 'nsadmin', 'parentmeetingplanner', '{"guardiantimetables":"rw"}'),
(570, 757, 0, 'nsadmin', 'publichome', '{"index":"r"}'),
(571, 757, 0, 'nsadmin', 'parentmeetingplanner', '{"guardiantimetables":"rw"}'),
(572, 758, 0, 'nsadmin', 'publichome', '{"index":"r"}'),
(573, 758, 0, 'nsadmin', 'parentmeetingplanner', '{"guardiantimetables":"rw"}'),
(574, 759, 0, 'nsadmin', 'publichome', '{"index":"r"}'),
(575, 759, 0, 'nsadmin', 'parentmeetingplanner', '{"guardiantimetables":"rw"}'),
(576, 760, 0, 'nsadmin', 'publichome', '{"index":"r"}'),
(577, 760, 0, 'nsadmin', 'parentmeetingplanner', '{"guardiantimetables":"rw"}'),
(578, 761, 0, 'nsadmin', 'publichome', '{"index":"r"}'),
(579, 761, 0, 'nsadmin', 'parentmeetingplanner', '{"guardiantimetables":"rw"}'),
(580, 762, 0, 'nsadmin', 'publichome', '{"index":"r"}'),
(581, 762, 0, 'nsadmin', 'parentmeetingplanner', '{"guardiantimetables":"rw"}'),
(582, 763, 0, 'nsadmin', 'publichome', '{"index":"r"}'),
(583, 763, 0, 'nsadmin', 'parentmeetingplanner', '{"guardiantimetables":"rw"}'),
(584, 764, 0, 'nsadmin', 'publichome', '{"index":"r"}'),
(585, 764, 0, 'nsadmin', 'parentmeetingplanner', '{"guardiantimetables":"rw"}'),
(586, 765, 0, 'nsadmin', 'publichome', '{"index":"r"}'),
(587, 765, 0, 'nsadmin', 'parentmeetingplanner', '{"guardiantimetables":"rw"}'),
(588, 766, 0, 'nsadmin', 'publichome', '{"index":"r"}'),
(589, 766, 0, 'nsadmin', 'parentmeetingplanner', '{"guardiantimetables":"rw"}'),
(590, 767, 0, 'nsadmin', 'publichome', '{"index":"r"}'),
(591, 767, 0, 'nsadmin', 'parentmeetingplanner', '{"guardiantimetables":"rw"}'),
(592, 768, 0, 'nsadmin', 'publichome', '{"index":"r"}'),
(593, 768, 0, 'nsadmin', 'parentmeetingplanner', '{"guardiantimetables":"rw"}'),
(594, 769, 0, 'nsadmin', 'publichome', '{"index":"r"}'),
(595, 769, 0, 'nsadmin', 'parentmeetingplanner', '{"guardiantimetables":"rw"}'),
(596, 770, 0, 'nsadmin', 'publichome', '{"index":"r"}'),
(597, 770, 0, 'nsadmin', 'parentmeetingplanner', '{"guardiantimetables":"rw"}'),
(598, 771, 0, 'nsadmin', 'publichome', '{"index":"r"}'),
(599, 771, 0, 'nsadmin', 'parentmeetingplanner', '{"guardiantimetables":"rw"}'),
(600, 772, 0, 'nsadmin', 'publichome', '{"index":"r"}'),
(601, 772, 0, 'nsadmin', 'parentmeetingplanner', '{"guardiantimetables":"rw"}'),
(602, 773, 0, 'nsadmin', 'publichome', '{"index":"r"}'),
(603, 773, 0, 'nsadmin', 'parentmeetingplanner', '{"guardiantimetables":"rw"}'),
(604, 774, 0, 'nsadmin', 'publichome', '{"index":"r"}'),
(605, 774, 0, 'nsadmin', 'parentmeetingplanner', '{"guardiantimetables":"rw"}'),
(606, 775, 0, 'nsadmin', 'publichome', '{"index":"r"}'),
(607, 775, 0, 'nsadmin', 'parentmeetingplanner', '{"guardiantimetables":"rw"}'),
(608, 776, 0, 'nsadmin', 'publichome', '{"index":"r"}'),
(609, 776, 0, 'nsadmin', 'parentmeetingplanner', '{"guardiantimetables":"rw"}'),
(610, 777, 0, 'nsadmin', 'publichome', '{"index":"r"}'),
(611, 777, 0, 'nsadmin', 'parentmeetingplanner', '{"guardiantimetables":"rw"}'),
(612, 778, 0, 'nsadmin', 'publichome', '{"index":"r"}'),
(613, 778, 0, 'nsadmin', 'parentmeetingplanner', '{"guardiantimetables":"rw"}'),
(614, 779, 0, 'nsadmin', 'publichome', '{"index":"r"}'),
(615, 779, 0, 'nsadmin', 'parentmeetingplanner', '{"guardiantimetables":"rw"}'),
(616, 780, 0, 'nsadmin', 'publichome', '{"index":"r"}'),
(617, 780, 0, 'nsadmin', 'parentmeetingplanner', '{"guardiantimetables":"rw"}'),
(618, 781, 0, 'nsadmin', 'publichome', '{"index":"r"}'),
(619, 781, 0, 'nsadmin', 'parentmeetingplanner', '{"guardiantimetables":"rw"}'),
(620, 782, 0, 'nsadmin', 'publichome', '{"index":"r"}'),
(621, 782, 0, 'nsadmin', 'parentmeetingplanner', '{"guardiantimetables":"rw"}'),
(622, 783, 0, 'nsadmin', 'publichome', '{"index":"r"}'),
(623, 783, 0, 'nsadmin', 'parentmeetingplanner', '{"guardiantimetables":"rw"}'),
(624, 784, 0, 'nsadmin', 'publichome', '{"index":"r"}'),
(625, 784, 0, 'nsadmin', 'parentmeetingplanner', '{"guardiantimetables":"rw"}'),
(626, 785, 0, 'nsadmin', 'publichome', '{"index":"r"}'),
(627, 785, 0, 'nsadmin', 'parentmeetingplanner', '{"guardiantimetables":"rw"}'),
(628, 786, 0, 'nsadmin', 'publichome', '{"index":"r"}'),
(629, 786, 0, 'nsadmin', 'parentmeetingplanner', '{"guardiantimetables":"rw"}'),
(630, 787, 0, 'nsadmin', 'publichome', '{"index":"r"}'),
(631, 787, 0, 'nsadmin', 'parentmeetingplanner', '{"guardiantimetables":"rw"}'),
(632, 788, 0, 'nsadmin', 'publichome', '{"index":"r"}'),
(633, 788, 0, 'nsadmin', 'parentmeetingplanner', '{"guardiantimetables":"rw"}'),
(634, 789, 0, 'nsadmin', 'publichome', '{"index":"r"}'),
(635, 789, 0, 'nsadmin', 'parentmeetingplanner', '{"guardiantimetables":"rw"}'),
(636, 790, 0, 'nsadmin', 'publichome', '{"index":"r"}'),
(637, 790, 0, 'nsadmin', 'parentmeetingplanner', '{"guardiantimetables":"rw"}'),
(638, 791, 0, 'nsadmin', 'publichome', '{"index":"r"}'),
(639, 791, 0, 'nsadmin', 'parentmeetingplanner', '{"guardiantimetables":"rw"}'),
(640, 792, 0, 'nsadmin', 'publichome', '{"index":"r"}'),
(641, 792, 0, 'nsadmin', 'parentmeetingplanner', '{"guardiantimetables":"rw"}'),
(642, 793, 0, 'nsadmin', 'publichome', '{"index":"r"}'),
(643, 793, 0, 'nsadmin', 'parentmeetingplanner', '{"guardiantimetables":"rw"}'),
(644, 794, 0, 'nsadmin', 'publichome', '{"index":"r"}'),
(645, 794, 0, 'nsadmin', 'parentmeetingplanner', '{"guardiantimetables":"rw"}'),
(646, 795, 0, 'nsadmin', 'publichome', '{"index":"r"}'),
(647, 795, 0, 'nsadmin', 'parentmeetingplanner', '{"guardiantimetables":"rw"}'),
(648, 796, 0, 'nsadmin', 'publichome', '{"index":"r"}'),
(649, 796, 0, 'nsadmin', 'parentmeetingplanner', '{"guardiantimetables":"rw"}'),
(650, 797, 0, 'nsadmin', 'publichome', '{"index":"r"}'),
(651, 797, 0, 'nsadmin', 'parentmeetingplanner', '{"guardiantimetables":"rw"}'),
(652, 798, 0, 'nsadmin', 'publichome', '{"index":"r"}'),
(653, 798, 0, 'nsadmin', 'parentmeetingplanner', '{"guardiantimetables":"rw"}'),
(654, 799, 0, 'nsadmin', 'publichome', '{"index":"r"}'),
(655, 799, 0, 'nsadmin', 'parentmeetingplanner', '{"guardiantimetables":"rw"}'),
(656, 800, 0, 'nsadmin', 'publichome', '{"index":"r"}'),
(657, 800, 0, 'nsadmin', 'parentmeetingplanner', '{"guardiantimetables":"rw"}'),
(658, 801, 0, 'nsadmin', 'publichome', '{"index":"r"}'),
(659, 801, 0, 'nsadmin', 'parentmeetingplanner', '{"guardiantimetables":"rw"}'),
(660, 802, 0, 'nsadmin', 'publichome', '{"index":"r"}'),
(661, 802, 0, 'nsadmin', 'parentmeetingplanner', '{"guardiantimetables":"rw"}'),
(662, 803, 0, 'nsadmin', 'publichome', '{"index":"r"}'),
(663, 803, 0, 'nsadmin', 'parentmeetingplanner', '{"guardiantimetables":"rw"}'),
(664, 804, 0, 'nsadmin', 'publichome', '{"index":"r"}'),
(665, 804, 0, 'nsadmin', 'parentmeetingplanner', '{"guardiantimetables":"rw"}'),
(666, 805, 0, 'nsadmin', 'publichome', '{"index":"r"}'),
(667, 805, 0, 'nsadmin', 'parentmeetingplanner', '{"guardiantimetables":"rw"}'),
(668, 806, 0, 'nsadmin', 'publichome', '{"index":"r"}'),
(669, 806, 0, 'nsadmin', 'parentmeetingplanner', '{"guardiantimetables":"rw"}'),
(670, 807, 0, 'nsadmin', 'publichome', '{"index":"r"}'),
(671, 807, 0, 'nsadmin', 'parentmeetingplanner', '{"guardiantimetables":"rw"}'),
(672, 808, 0, 'nsadmin', 'publichome', '{"index":"r"}'),
(673, 808, 0, 'nsadmin', 'parentmeetingplanner', '{"guardiantimetables":"rw"}'),
(674, 809, 0, 'nsadmin', 'publichome', '{"index":"r"}'),
(675, 809, 0, 'nsadmin', 'parentmeetingplanner', '{"guardiantimetables":"rw"}'),
(676, 810, 0, 'nsadmin', 'publichome', '{"index":"r"}'),
(677, 810, 0, 'nsadmin', 'parentmeetingplanner', '{"guardiantimetables":"rw"}'),
(678, 811, 0, 'nsadmin', 'publichome', '{"index":"r"}'),
(679, 811, 0, 'nsadmin', 'parentmeetingplanner', '{"guardiantimetables":"rw"}'),
(680, 812, 0, 'nsadmin', 'publichome', '{"index":"r"}'),
(681, 812, 0, 'nsadmin', 'parentmeetingplanner', '{"guardiantimetables":"rw"}'),
(682, 813, 0, 'nsadmin', 'publichome', '{"index":"r"}'),
(683, 813, 0, 'nsadmin', 'parentmeetingplanner', '{"guardiantimetables":"rw"}'),
(684, 814, 0, 'nsadmin', 'publichome', '{"index":"r"}'),
(685, 814, 0, 'nsadmin', 'parentmeetingplanner', '{"guardiantimetables":"rw"}'),
(686, 815, 0, 'nsadmin', 'publichome', '{"index":"r"}'),
(687, 815, 0, 'nsadmin', 'parentmeetingplanner', '{"guardiantimetables":"rw"}'),
(688, 816, 0, 'nsadmin', 'publichome', '{"index":"r"}'),
(689, 816, 0, 'nsadmin', 'parentmeetingplanner', '{"guardiantimetables":"rw"}'),
(690, 817, 0, 'nsadmin', 'publichome', '{"index":"r"}'),
(691, 817, 0, 'nsadmin', 'parentmeetingplanner', '{"guardiantimetables":"rw"}'),
(692, 818, 0, 'nsadmin', 'publichome', '{"index":"r"}'),
(693, 818, 0, 'nsadmin', 'parentmeetingplanner', '{"guardiantimetables":"rw"}'),
(694, 819, 0, 'nsadmin', 'publichome', '{"index":"r"}'),
(695, 819, 0, 'nsadmin', 'parentmeetingplanner', '{"guardiantimetables":"rw"}'),
(696, 820, 0, 'nsadmin', 'publichome', '{"index":"r"}'),
(697, 820, 0, 'nsadmin', 'parentmeetingplanner', '{"guardiantimetables":"rw"}'),
(698, 821, 0, 'nsadmin', 'publichome', '{"index":"r"}'),
(699, 821, 0, 'nsadmin', 'parentmeetingplanner', '{"guardiantimetables":"rw"}'),
(700, 822, 0, 'nsadmin', 'publichome', '{"index":"r"}'),
(701, 822, 0, 'nsadmin', 'parentmeetingplanner', '{"guardiantimetables":"rw"}'),
(702, 823, 0, 'nsadmin', 'publichome', '{"index":"r"}'),
(703, 823, 0, 'nsadmin', 'parentmeetingplanner', '{"guardiantimetables":"rw"}'),
(704, 824, 0, 'nsadmin', 'publichome', '{"index":"r"}'),
(705, 824, 0, 'nsadmin', 'parentmeetingplanner', '{"guardiantimetables":"rw"}'),
(706, 825, 0, 'nsadmin', 'publichome', '{"index":"r"}'),
(707, 825, 0, 'nsadmin', 'parentmeetingplanner', '{"guardiantimetables":"rw"}'),
(708, 826, 0, 'nsadmin', 'publichome', '{"index":"r"}'),
(709, 826, 0, 'nsadmin', 'parentmeetingplanner', '{"guardiantimetables":"rw"}'),
(710, 827, 0, 'nsadmin', 'publichome', '{"index":"r"}'),
(711, 827, 0, 'nsadmin', 'parentmeetingplanner', '{"guardiantimetables":"rw"}'),
(712, 828, 0, 'nsadmin', 'publichome', '{"index":"r"}'),
(713, 828, 0, 'nsadmin', 'parentmeetingplanner', '{"guardiantimetables":"rw"}'),
(714, 829, 0, 'nsadmin', 'publichome', '{"index":"r"}'),
(715, 829, 0, 'nsadmin', 'parentmeetingplanner', '{"guardiantimetables":"rw"}'),
(716, 830, 0, 'nsadmin', 'publichome', '{"index":"r"}'),
(717, 830, 0, 'nsadmin', 'parentmeetingplanner', '{"guardiantimetables":"rw"}'),
(718, 831, 0, 'nsadmin', 'publichome', '{"index":"r"}'),
(719, 831, 0, 'nsadmin', 'parentmeetingplanner', '{"guardiantimetables":"rw"}'),
(720, 832, 0, 'nsadmin', 'publichome', '{"index":"r"}'),
(721, 832, 0, 'nsadmin', 'parentmeetingplanner', '{"guardiantimetables":"rw"}'),
(722, 833, 0, 'nsadmin', 'publichome', '{"index":"r"}'),
(723, 833, 0, 'nsadmin', 'parentmeetingplanner', '{"guardiantimetables":"rw"}'),
(724, 834, 0, 'nsadmin', 'publichome', '{"index":"r"}'),
(725, 834, 0, 'nsadmin', 'parentmeetingplanner', '{"guardiantimetables":"rw"}'),
(726, 835, 0, 'nsadmin', 'publichome', '{"index":"r"}'),
(727, 835, 0, 'nsadmin', 'parentmeetingplanner', '{"guardiantimetables":"rw"}'),
(728, 836, 0, 'nsadmin', 'publichome', '{"index":"r"}'),
(729, 836, 0, 'nsadmin', 'parentmeetingplanner', '{"guardiantimetables":"rw"}'),
(730, 837, 0, 'nsadmin', 'publichome', '{"index":"r"}'),
(731, 837, 0, 'nsadmin', 'parentmeetingplanner', '{"guardiantimetables":"rw"}'),
(732, 838, 0, 'nsadmin', 'publichome', '{"index":"r"}'),
(733, 838, 0, 'nsadmin', 'parentmeetingplanner', '{"guardiantimetables":"rw"}'),
(734, 839, 0, 'nsadmin', 'publichome', '{"index":"r"}'),
(735, 839, 0, 'nsadmin', 'parentmeetingplanner', '{"guardiantimetables":"rw"}'),
(736, 840, 0, 'nsadmin', 'publichome', '{"index":"r"}'),
(737, 840, 0, 'nsadmin', 'parentmeetingplanner', '{"guardiantimetables":"rw"}'),
(738, 841, 0, 'nsadmin', 'publichome', '{"index":"r"}'),
(739, 841, 0, 'nsadmin', 'parentmeetingplanner', '{"guardiantimetables":"rw"}'),
(740, 842, 0, 'nsadmin', 'publichome', '{"index":"r"}'),
(741, 842, 0, 'nsadmin', 'parentmeetingplanner', '{"guardiantimetables":"rw"}'),
(742, 843, 0, 'nsadmin', 'publichome', '{"index":"r"}'),
(743, 843, 0, 'nsadmin', 'parentmeetingplanner', '{"guardiantimetables":"rw"}'),
(744, 844, 0, 'nsadmin', 'publichome', '{"index":"r"}'),
(745, 844, 0, 'nsadmin', 'parentmeetingplanner', '{"guardiantimetables":"rw"}'),
(746, 845, 0, 'nsadmin', 'publichome', '{"index":"r"}'),
(747, 845, 0, 'nsadmin', 'parentmeetingplanner', '{"guardiantimetables":"rw"}'),
(748, 846, 0, 'nsadmin', 'publichome', '{"index":"r"}'),
(749, 846, 0, 'nsadmin', 'parentmeetingplanner', '{"guardiantimetables":"rw"}'),
(750, 847, 0, 'nsadmin', 'publichome', '{"index":"r"}'),
(751, 847, 0, 'nsadmin', 'parentmeetingplanner', '{"guardiantimetables":"rw"}'),
(752, 848, 0, 'nsadmin', 'publichome', '{"index":"r"}'),
(753, 848, 0, 'nsadmin', 'parentmeetingplanner', '{"guardiantimetables":"rw"}'),
(754, 849, 0, 'nsadmin', 'publichome', '{"index":"r"}');
INSERT INTO `app_screen_user_tmp` (`tbl_id`, `id`, `role_id`, `app_slug`, `model`, `method`) VALUES
(755, 849, 0, 'nsadmin', 'parentmeetingplanner', '{"guardiantimetables":"rw"}'),
(756, 850, 0, 'nsadmin', 'publichome', '{"index":"r"}'),
(757, 850, 0, 'nsadmin', 'parentmeetingplanner', '{"guardiantimetables":"rw"}'),
(758, 851, 0, 'nsadmin', 'publichome', '{"index":"r"}'),
(759, 851, 0, 'nsadmin', 'parentmeetingplanner', '{"guardiantimetables":"rw"}'),
(760, 852, 0, 'nsadmin', 'publichome', '{"index":"r"}'),
(761, 852, 0, 'nsadmin', 'parentmeetingplanner', '{"guardiantimetables":"rw"}'),
(762, 853, 0, 'nsadmin', 'publichome', '{"index":"r"}'),
(763, 853, 0, 'nsadmin', 'parentmeetingplanner', '{"guardiantimetables":"rw"}'),
(764, 854, 0, 'nsadmin', 'publichome', '{"index":"r"}'),
(765, 854, 0, 'nsadmin', 'parentmeetingplanner', '{"guardiantimetables":"rw"}'),
(766, 855, 0, 'nsadmin', 'publichome', '{"index":"r"}'),
(767, 855, 0, 'nsadmin', 'parentmeetingplanner', '{"guardiantimetables":"rw"}'),
(768, 856, 0, 'nsadmin', 'publichome', '{"index":"r"}'),
(769, 856, 0, 'nsadmin', 'parentmeetingplanner', '{"guardiantimetables":"rw"}'),
(770, 857, 0, 'nsadmin', 'publichome', '{"index":"r"}'),
(771, 857, 0, 'nsadmin', 'parentmeetingplanner', '{"guardiantimetables":"rw"}'),
(772, 858, 0, 'nsadmin', 'publichome', '{"index":"r"}'),
(773, 858, 0, 'nsadmin', 'parentmeetingplanner', '{"guardiantimetables":"rw"}'),
(774, 859, 0, 'nsadmin', 'publichome', '{"index":"r"}'),
(775, 859, 0, 'nsadmin', 'parentmeetingplanner', '{"guardiantimetables":"rw"}'),
(776, 860, 0, 'nsadmin', 'publichome', '{"index":"r"}'),
(777, 860, 0, 'nsadmin', 'parentmeetingplanner', '{"guardiantimetables":"rw"}'),
(778, 861, 0, 'nsadmin', 'publichome', '{"index":"r"}'),
(779, 861, 0, 'nsadmin', 'parentmeetingplanner', '{"guardiantimetables":"rw"}'),
(780, 862, 0, 'nsadmin', 'publichome', '{"index":"r"}'),
(781, 862, 0, 'nsadmin', 'parentmeetingplanner', '{"guardiantimetables":"rw"}'),
(782, 863, 0, 'nsadmin', 'publichome', '{"index":"r"}'),
(783, 863, 0, 'nsadmin', 'parentmeetingplanner', '{"guardiantimetables":"rw"}'),
(784, 864, 0, 'nsadmin', 'publichome', '{"index":"r"}'),
(785, 864, 0, 'nsadmin', 'parentmeetingplanner', '{"guardiantimetables":"rw"}'),
(786, 865, 0, 'nsadmin', 'publichome', '{"index":"r"}'),
(787, 865, 0, 'nsadmin', 'parentmeetingplanner', '{"guardiantimetables":"rw"}'),
(788, 866, 0, 'nsadmin', 'publichome', '{"index":"r"}'),
(789, 866, 0, 'nsadmin', 'parentmeetingplanner', '{"guardiantimetables":"rw"}'),
(790, 867, 0, 'nsadmin', 'publichome', '{"index":"r"}'),
(791, 867, 0, 'nsadmin', 'parentmeetingplanner', '{"guardiantimetables":"rw"}'),
(792, 868, 0, 'nsadmin', 'publichome', '{"index":"r"}'),
(793, 868, 0, 'nsadmin', 'parentmeetingplanner', '{"guardiantimetables":"rw"}'),
(794, 869, 0, 'nsadmin', 'publichome', '{"index":"r"}'),
(795, 869, 0, 'nsadmin', 'parentmeetingplanner', '{"guardiantimetables":"rw"}'),
(796, 870, 0, 'nsadmin', 'publichome', '{"index":"r"}'),
(797, 870, 0, 'nsadmin', 'parentmeetingplanner', '{"guardiantimetables":"rw"}'),
(798, 871, 0, 'nsadmin', 'publichome', '{"index":"r"}'),
(799, 871, 0, 'nsadmin', 'parentmeetingplanner', '{"guardiantimetables":"rw"}'),
(800, 872, 0, 'nsadmin', 'publichome', '{"index":"r"}'),
(801, 872, 0, 'nsadmin', 'parentmeetingplanner', '{"guardiantimetables":"rw"}'),
(802, 873, 0, 'nsadmin', 'publichome', '{"index":"r"}'),
(803, 873, 0, 'nsadmin', 'parentmeetingplanner', '{"guardiantimetables":"rw"}'),
(804, 874, 0, 'nsadmin', 'publichome', '{"index":"r"}'),
(805, 874, 0, 'nsadmin', 'parentmeetingplanner', '{"guardiantimetables":"rw"}'),
(806, 875, 0, 'nsadmin', 'publichome', '{"index":"r"}'),
(807, 875, 0, 'nsadmin', 'parentmeetingplanner', '{"guardiantimetables":"rw"}'),
(808, 876, 0, 'nsadmin', 'publichome', '{"index":"r"}'),
(809, 876, 0, 'nsadmin', 'parentmeetingplanner', '{"guardiantimetables":"rw"}'),
(810, 877, 0, 'nsadmin', 'publichome', '{"index":"r"}'),
(811, 877, 0, 'nsadmin', 'parentmeetingplanner', '{"guardiantimetables":"rw"}'),
(812, 878, 0, 'nsadmin', 'publichome', '{"index":"r"}'),
(813, 878, 0, 'nsadmin', 'parentmeetingplanner', '{"guardiantimetables":"rw"}'),
(814, 879, 0, 'nsadmin', 'publichome', '{"index":"r"}'),
(815, 879, 0, 'nsadmin', 'parentmeetingplanner', '{"guardiantimetables":"rw"}'),
(816, 880, 0, 'nsadmin', 'publichome', '{"index":"r"}'),
(817, 880, 0, 'nsadmin', 'parentmeetingplanner', '{"guardiantimetables":"rw"}'),
(818, 881, 0, 'nsadmin', 'publichome', '{"index":"r"}'),
(819, 881, 0, 'nsadmin', 'parentmeetingplanner', '{"guardiantimetables":"rw"}'),
(820, 882, 0, 'nsadmin', 'publichome', '{"index":"r"}'),
(821, 882, 0, 'nsadmin', 'parentmeetingplanner', '{"guardiantimetables":"rw"}'),
(822, 883, 0, 'nsadmin', 'publichome', '{"index":"r"}'),
(823, 883, 0, 'nsadmin', 'parentmeetingplanner', '{"guardiantimetables":"rw"}'),
(824, 884, 0, 'nsadmin', 'publichome', '{"index":"r"}'),
(825, 884, 0, 'nsadmin', 'parentmeetingplanner', '{"guardiantimetables":"rw"}'),
(826, 885, 0, 'nsadmin', 'publichome', '{"index":"r"}'),
(827, 885, 0, 'nsadmin', 'parentmeetingplanner', '{"guardiantimetables":"rw"}'),
(828, 886, 0, 'nsadmin', 'publichome', '{"index":"r"}'),
(829, 886, 0, 'nsadmin', 'parentmeetingplanner', '{"guardiantimetables":"rw"}'),
(830, 887, 0, 'nsadmin', 'publichome', '{"index":"r"}'),
(831, 887, 0, 'nsadmin', 'parentmeetingplanner', '{"guardiantimetables":"rw"}'),
(832, 888, 0, 'nsadmin', 'publichome', '{"index":"r"}'),
(833, 888, 0, 'nsadmin', 'parentmeetingplanner', '{"guardiantimetables":"rw"}'),
(834, 889, 0, 'nsadmin', 'publichome', '{"index":"r"}'),
(835, 889, 0, 'nsadmin', 'parentmeetingplanner', '{"guardiantimetables":"rw"}'),
(836, 890, 0, 'nsadmin', 'publichome', '{"index":"r"}'),
(837, 890, 0, 'nsadmin', 'parentmeetingplanner', '{"guardiantimetables":"rw"}'),
(838, 891, 0, 'nsadmin', 'publichome', '{"index":"r"}'),
(839, 891, 0, 'nsadmin', 'parentmeetingplanner', '{"guardiantimetables":"rw"}'),
(840, 892, 0, 'nsadmin', 'publichome', '{"index":"r"}'),
(841, 892, 0, 'nsadmin', 'parentmeetingplanner', '{"guardiantimetables":"rw"}'),
(842, 893, 0, 'nsadmin', 'publichome', '{"index":"r"}'),
(843, 893, 0, 'nsadmin', 'parentmeetingplanner', '{"guardiantimetables":"rw"}'),
(844, 894, 0, 'nsadmin', 'publichome', '{"index":"r"}'),
(845, 894, 0, 'nsadmin', 'parentmeetingplanner', '{"guardiantimetables":"rw"}'),
(846, 895, 0, 'nsadmin', 'publichome', '{"index":"r"}'),
(847, 895, 0, 'nsadmin', 'parentmeetingplanner', '{"guardiantimetables":"rw"}'),
(848, 896, 0, 'nsadmin', 'publichome', '{"index":"r"}'),
(849, 896, 0, 'nsadmin', 'parentmeetingplanner', '{"guardiantimetables":"rw"}'),
(850, 897, 0, 'nsadmin', 'publichome', '{"index":"r"}'),
(851, 897, 0, 'nsadmin', 'parentmeetingplanner', '{"guardiantimetables":"rw"}'),
(852, 898, 0, 'nsadmin', 'publichome', '{"index":"r"}'),
(853, 898, 0, 'nsadmin', 'parentmeetingplanner', '{"guardiantimetables":"rw"}'),
(854, 899, 0, 'nsadmin', 'publichome', '{"index":"r"}'),
(855, 899, 0, 'nsadmin', 'parentmeetingplanner', '{"guardiantimetables":"rw"}'),
(856, 900, 0, 'nsadmin', 'publichome', '{"index":"r"}'),
(857, 900, 0, 'nsadmin', 'parentmeetingplanner', '{"guardiantimetables":"rw"}'),
(858, 901, 0, 'nsadmin', 'publichome', '{"index":"r"}'),
(859, 901, 0, 'nsadmin', 'parentmeetingplanner', '{"guardiantimetables":"rw"}'),
(860, 902, 0, 'nsadmin', 'publichome', '{"index":"r"}'),
(861, 902, 0, 'nsadmin', 'parentmeetingplanner', '{"guardiantimetables":"rw"}'),
(862, 903, 0, 'nsadmin', 'publichome', '{"index":"r"}'),
(863, 903, 0, 'nsadmin', 'parentmeetingplanner', '{"guardiantimetables":"rw"}'),
(864, 904, 0, 'nsadmin', 'publichome', '{"index":"r"}'),
(865, 904, 0, 'nsadmin', 'parentmeetingplanner', '{"guardiantimetables":"rw"}'),
(866, 905, 0, 'nsadmin', 'publichome', '{"index":"r"}'),
(867, 905, 0, 'nsadmin', 'parentmeetingplanner', '{"guardiantimetables":"rw"}'),
(868, 906, 0, 'nsadmin', 'publichome', '{"index":"r"}'),
(869, 906, 0, 'nsadmin', 'parentmeetingplanner', '{"guardiantimetables":"rw"}'),
(870, 907, 0, 'nsadmin', 'publichome', '{"index":"r"}'),
(871, 907, 0, 'nsadmin', 'parentmeetingplanner', '{"guardiantimetables":"rw"}'),
(872, 908, 0, 'nsadmin', 'publichome', '{"index":"r"}'),
(873, 908, 0, 'nsadmin', 'parentmeetingplanner', '{"guardiantimetables":"rw"}'),
(874, 909, 0, 'nsadmin', 'publichome', '{"index":"r"}'),
(875, 909, 0, 'nsadmin', 'parentmeetingplanner', '{"guardiantimetables":"rw"}'),
(876, 910, 0, 'nsadmin', 'publichome', '{"index":"r"}'),
(877, 910, 0, 'nsadmin', 'parentmeetingplanner', '{"guardiantimetables":"rw"}'),
(878, 911, 0, 'nsadmin', 'publichome', '{"index":"r"}'),
(879, 911, 0, 'nsadmin', 'parentmeetingplanner', '{"guardiantimetables":"rw"}'),
(880, 912, 0, 'nsadmin', 'publichome', '{"index":"r"}'),
(881, 912, 0, 'nsadmin', 'parentmeetingplanner', '{"guardiantimetables":"rw"}'),
(882, 913, 0, 'nsadmin', 'publichome', '{"index":"r"}'),
(883, 913, 0, 'nsadmin', 'parentmeetingplanner', '{"guardiantimetables":"rw"}'),
(884, 914, 0, 'nsadmin', 'publichome', '{"index":"r"}'),
(885, 914, 0, 'nsadmin', 'parentmeetingplanner', '{"guardiantimetables":"rw"}'),
(886, 915, 0, 'nsadmin', 'publichome', '{"index":"r"}'),
(887, 915, 0, 'nsadmin', 'parentmeetingplanner', '{"guardiantimetables":"rw"}'),
(888, 916, 0, 'nsadmin', 'publichome', '{"index":"r"}'),
(889, 916, 0, 'nsadmin', 'parentmeetingplanner', '{"guardiantimetables":"rw"}'),
(890, 917, 0, 'nsadmin', 'publichome', '{"index":"r"}'),
(891, 917, 0, 'nsadmin', 'parentmeetingplanner', '{"guardiantimetables":"rw"}'),
(892, 918, 0, 'nsadmin', 'publichome', '{"index":"r"}'),
(893, 918, 0, 'nsadmin', 'parentmeetingplanner', '{"guardiantimetables":"rw"}'),
(894, 919, 0, 'nsadmin', 'publichome', '{"index":"r"}'),
(895, 919, 0, 'nsadmin', 'parentmeetingplanner', '{"guardiantimetables":"rw"}'),
(896, 920, 0, 'nsadmin', 'publichome', '{"index":"r"}'),
(897, 920, 0, 'nsadmin', 'parentmeetingplanner', '{"guardiantimetables":"rw"}'),
(898, 921, 0, 'nsadmin', 'publichome', '{"index":"r"}'),
(899, 921, 0, 'nsadmin', 'parentmeetingplanner', '{"guardiantimetables":"rw"}'),
(900, 922, 0, 'nsadmin', 'publichome', '{"index":"r"}'),
(901, 922, 0, 'nsadmin', 'parentmeetingplanner', '{"guardiantimetables":"rw"}'),
(902, 923, 0, 'nsadmin', 'publichome', '{"index":"r"}'),
(903, 923, 0, 'nsadmin', 'parentmeetingplanner', '{"guardiantimetables":"rw"}'),
(904, 924, 0, 'nsadmin', 'publichome', '{"index":"r"}'),
(905, 924, 0, 'nsadmin', 'parentmeetingplanner', '{"guardiantimetables":"rw"}'),
(906, 925, 0, 'nsadmin', 'publichome', '{"index":"r"}'),
(907, 925, 0, 'nsadmin', 'parentmeetingplanner', '{"guardiantimetables":"rw"}'),
(908, 926, 0, 'nsadmin', 'publichome', '{"index":"r"}'),
(909, 926, 0, 'nsadmin', 'parentmeetingplanner', '{"guardiantimetables":"rw"}'),
(910, 927, 0, 'nsadmin', 'publichome', '{"index":"r"}'),
(911, 927, 0, 'nsadmin', 'parentmeetingplanner', '{"guardiantimetables":"rw"}'),
(912, 928, 0, 'nsadmin', 'publichome', '{"index":"r"}'),
(913, 928, 0, 'nsadmin', 'parentmeetingplanner', '{"guardiantimetables":"rw"}'),
(914, 929, 0, 'nsadmin', 'publichome', '{"index":"r"}'),
(915, 929, 0, 'nsadmin', 'parentmeetingplanner', '{"guardiantimetables":"rw"}'),
(916, 930, 0, 'nsadmin', 'publichome', '{"index":"r"}'),
(917, 930, 0, 'nsadmin', 'parentmeetingplanner', '{"guardiantimetables":"rw"}'),
(918, 931, 0, 'nsadmin', 'publichome', '{"index":"r"}'),
(919, 931, 0, 'nsadmin', 'parentmeetingplanner', '{"guardiantimetables":"rw"}'),
(920, 932, 0, 'nsadmin', 'publichome', '{"index":"r"}'),
(921, 932, 0, 'nsadmin', 'parentmeetingplanner', '{"guardiantimetables":"rw"}'),
(922, 933, 0, 'nsadmin', 'publichome', '{"index":"r"}'),
(923, 933, 0, 'nsadmin', 'parentmeetingplanner', '{"guardiantimetables":"rw"}'),
(924, 934, 0, 'nsadmin', 'publichome', '{"index":"r"}'),
(925, 934, 0, 'nsadmin', 'parentmeetingplanner', '{"guardiantimetables":"rw"}'),
(926, 935, 0, 'nsadmin', 'publichome', '{"index":"r"}'),
(927, 935, 0, 'nsadmin', 'parentmeetingplanner', '{"guardiantimetables":"rw"}'),
(928, 936, 0, 'nsadmin', 'publichome', '{"index":"r"}'),
(929, 936, 0, 'nsadmin', 'parentmeetingplanner', '{"guardiantimetables":"rw"}'),
(930, 937, 0, 'nsadmin', 'publichome', '{"index":"r"}'),
(931, 937, 0, 'nsadmin', 'parentmeetingplanner', '{"guardiantimetables":"rw"}'),
(932, 938, 0, 'nsadmin', 'publichome', '{"index":"r"}'),
(933, 938, 0, 'nsadmin', 'parentmeetingplanner', '{"guardiantimetables":"rw"}'),
(934, 939, 0, 'nsadmin', 'publichome', '{"index":"r"}'),
(935, 939, 0, 'nsadmin', 'parentmeetingplanner', '{"guardiantimetables":"rw"}'),
(936, 940, 0, 'nsadmin', 'publichome', '{"index":"r"}'),
(937, 940, 0, 'nsadmin', 'parentmeetingplanner', '{"guardiantimetables":"rw"}'),
(938, 941, 0, 'nsadmin', 'publichome', '{"index":"r"}'),
(939, 941, 0, 'nsadmin', 'parentmeetingplanner', '{"guardiantimetables":"rw"}'),
(940, 942, 0, 'nsadmin', 'publichome', '{"index":"r"}'),
(941, 942, 0, 'nsadmin', 'parentmeetingplanner', '{"guardiantimetables":"rw"}'),
(942, 943, 0, 'nsadmin', 'publichome', '{"index":"r"}'),
(943, 943, 0, 'nsadmin', 'parentmeetingplanner', '{"guardiantimetables":"rw"}'),
(944, 944, 0, 'nsadmin', 'publichome', '{"index":"r"}'),
(945, 944, 0, 'nsadmin', 'parentmeetingplanner', '{"guardiantimetables":"rw"}'),
(946, 945, 0, 'nsadmin', 'publichome', '{"index":"r"}'),
(947, 945, 0, 'nsadmin', 'parentmeetingplanner', '{"guardiantimetables":"rw"}'),
(948, 946, 0, 'nsadmin', 'publichome', '{"index":"r"}'),
(949, 946, 0, 'nsadmin', 'parentmeetingplanner', '{"guardiantimetables":"rw"}'),
(950, 947, 0, 'nsadmin', 'publichome', '{"index":"r"}'),
(951, 947, 0, 'nsadmin', 'parentmeetingplanner', '{"guardiantimetables":"rw"}'),
(952, 948, 0, 'nsadmin', 'publichome', '{"index":"r"}'),
(953, 948, 0, 'nsadmin', 'parentmeetingplanner', '{"guardiantimetables":"rw"}'),
(954, 949, 0, 'nsadmin', 'publichome', '{"index":"r"}'),
(955, 949, 0, 'nsadmin', 'parentmeetingplanner', '{"guardiantimetables":"rw"}'),
(956, 950, 0, 'nsadmin', 'publichome', '{"index":"r"}'),
(957, 950, 0, 'nsadmin', 'parentmeetingplanner', '{"guardiantimetables":"rw"}'),
(958, 951, 0, 'nsadmin', 'publichome', '{"index":"r"}'),
(959, 951, 0, 'nsadmin', 'parentmeetingplanner', '{"guardiantimetables":"rw"}'),
(960, 952, 0, 'nsadmin', 'publichome', '{"index":"r"}'),
(961, 952, 0, 'nsadmin', 'parentmeetingplanner', '{"guardiantimetables":"rw"}'),
(962, 953, 0, 'nsadmin', 'publichome', '{"index":"r"}'),
(963, 953, 0, 'nsadmin', 'parentmeetingplanner', '{"guardiantimetables":"rw"}'),
(964, 954, 0, 'nsadmin', 'publichome', '{"index":"r"}'),
(965, 954, 0, 'nsadmin', 'parentmeetingplanner', '{"guardiantimetables":"rw"}'),
(966, 955, 0, 'nsadmin', 'publichome', '{"index":"r"}'),
(967, 955, 0, 'nsadmin', 'parentmeetingplanner', '{"guardiantimetables":"rw"}'),
(968, 956, 0, 'nsadmin', 'publichome', '{"index":"r"}'),
(969, 956, 0, 'nsadmin', 'parentmeetingplanner', '{"guardiantimetables":"rw"}'),
(970, 957, 0, 'nsadmin', 'publichome', '{"index":"r"}'),
(971, 957, 0, 'nsadmin', 'parentmeetingplanner', '{"guardiantimetables":"rw"}'),
(972, 958, 0, 'nsadmin', 'publichome', '{"index":"r"}'),
(973, 958, 0, 'nsadmin', 'parentmeetingplanner', '{"guardiantimetables":"rw"}'),
(974, 959, 0, 'nsadmin', 'publichome', '{"index":"r"}'),
(975, 959, 0, 'nsadmin', 'parentmeetingplanner', '{"guardiantimetables":"rw"}'),
(976, 960, 0, 'nsadmin', 'publichome', '{"index":"r"}'),
(977, 960, 0, 'nsadmin', 'parentmeetingplanner', '{"guardiantimetables":"rw"}'),
(978, 961, 0, 'nsadmin', 'publichome', '{"index":"r"}'),
(979, 961, 0, 'nsadmin', 'parentmeetingplanner', '{"guardiantimetables":"rw"}'),
(980, 962, 0, 'nsadmin', 'publichome', '{"index":"r"}'),
(981, 962, 0, 'nsadmin', 'parentmeetingplanner', '{"guardiantimetables":"rw"}'),
(982, 963, 0, 'nsadmin', 'publichome', '{"index":"r"}'),
(983, 963, 0, 'nsadmin', 'parentmeetingplanner', '{"guardiantimetables":"rw"}'),
(984, 964, 0, 'nsadmin', 'publichome', '{"index":"r"}'),
(985, 964, 0, 'nsadmin', 'parentmeetingplanner', '{"guardiantimetables":"rw"}'),
(986, 965, 0, 'nsadmin', 'publichome', '{"index":"r"}'),
(987, 965, 0, 'nsadmin', 'parentmeetingplanner', '{"guardiantimetables":"rw"}'),
(988, 966, 0, 'nsadmin', 'publichome', '{"index":"r"}'),
(989, 966, 0, 'nsadmin', 'parentmeetingplanner', '{"guardiantimetables":"rw"}'),
(990, 967, 0, 'nsadmin', 'publichome', '{"index":"r"}'),
(991, 967, 0, 'nsadmin', 'parentmeetingplanner', '{"guardiantimetables":"rw"}'),
(992, 968, 0, 'nsadmin', 'publichome', '{"index":"r"}'),
(993, 968, 0, 'nsadmin', 'parentmeetingplanner', '{"guardiantimetables":"rw"}'),
(994, 969, 0, 'nsadmin', 'publichome', '{"index":"r"}'),
(995, 969, 0, 'nsadmin', 'parentmeetingplanner', '{"guardiantimetables":"rw"}'),
(996, 970, 0, 'nsadmin', 'publichome', '{"index":"r"}'),
(997, 970, 0, 'nsadmin', 'parentmeetingplanner', '{"guardiantimetables":"rw"}'),
(998, 971, 0, 'nsadmin', 'publichome', '{"index":"r"}'),
(999, 971, 0, 'nsadmin', 'parentmeetingplanner', '{"guardiantimetables":"rw"}'),
(1000, 972, 0, 'nsadmin', 'publichome', '{"index":"r"}'),
(1001, 972, 0, 'nsadmin', 'parentmeetingplanner', '{"guardiantimetables":"rw"}'),
(1002, 973, 0, 'nsadmin', 'publichome', '{"index":"r"}'),
(1003, 973, 0, 'nsadmin', 'parentmeetingplanner', '{"guardiantimetables":"rw"}'),
(1004, 974, 0, 'nsadmin', 'publichome', '{"index":"r"}'),
(1005, 974, 0, 'nsadmin', 'parentmeetingplanner', '{"guardiantimetables":"rw"}'),
(1006, 975, 0, 'nsadmin', 'publichome', '{"index":"r"}'),
(1007, 975, 0, 'nsadmin', 'parentmeetingplanner', '{"guardiantimetables":"rw"}'),
(1008, 976, 0, 'nsadmin', 'publichome', '{"index":"r"}'),
(1009, 976, 0, 'nsadmin', 'parentmeetingplanner', '{"guardiantimetables":"rw"}'),
(1010, 977, 0, 'nsadmin', 'publichome', '{"index":"r"}'),
(1011, 977, 0, 'nsadmin', 'parentmeetingplanner', '{"guardiantimetables":"rw"}'),
(1012, 978, 0, 'nsadmin', 'publichome', '{"index":"r"}'),
(1013, 978, 0, 'nsadmin', 'parentmeetingplanner', '{"guardiantimetables":"rw"}'),
(1014, 979, 0, 'nsadmin', 'publichome', '{"index":"r"}'),
(1015, 979, 0, 'nsadmin', 'parentmeetingplanner', '{"guardiantimetables":"rw"}'),
(1016, 980, 0, 'nsadmin', 'publichome', '{"index":"r"}'),
(1017, 980, 0, 'nsadmin', 'parentmeetingplanner', '{"guardiantimetables":"rw"}'),
(1018, 981, 0, 'nsadmin', 'publichome', '{"index":"r"}'),
(1019, 981, 0, 'nsadmin', 'parentmeetingplanner', '{"guardiantimetables":"rw"}'),
(1020, 982, 0, 'nsadmin', 'publichome', '{"index":"r"}'),
(1021, 982, 0, 'nsadmin', 'parentmeetingplanner', '{"guardiantimetables":"rw"}'),
(1022, 983, 0, 'nsadmin', 'publichome', '{"index":"r"}'),
(1023, 983, 0, 'nsadmin', 'parentmeetingplanner', '{"guardiantimetables":"rw"}'),
(1024, 984, 0, 'nsadmin', 'publichome', '{"index":"r"}'),
(1025, 984, 0, 'nsadmin', 'parentmeetingplanner', '{"guardiantimetables":"rw"}'),
(1026, 985, 0, 'nsadmin', 'publichome', '{"index":"r"}'),
(1027, 985, 0, 'nsadmin', 'parentmeetingplanner', '{"guardiantimetables":"rw"}'),
(1028, 986, 0, 'nsadmin', 'publichome', '{"index":"r"}'),
(1029, 986, 0, 'nsadmin', 'parentmeetingplanner', '{"guardiantimetables":"rw"}'),
(1030, 987, 0, 'nsadmin', 'publichome', '{"index":"r"}'),
(1031, 987, 0, 'nsadmin', 'parentmeetingplanner', '{"guardiantimetables":"rw"}'),
(1032, 988, 0, 'nsadmin', 'publichome', '{"index":"r"}'),
(1033, 988, 0, 'nsadmin', 'parentmeetingplanner', '{"guardiantimetables":"rw"}'),
(1034, 989, 0, 'nsadmin', 'publichome', '{"index":"r"}'),
(1035, 989, 0, 'nsadmin', 'parentmeetingplanner', '{"guardiantimetables":"rw"}'),
(1036, 990, 0, 'nsadmin', 'publichome', '{"index":"r"}'),
(1037, 990, 0, 'nsadmin', 'parentmeetingplanner', '{"guardiantimetables":"rw"}'),
(1038, 991, 0, 'nsadmin', 'publichome', '{"index":"r"}'),
(1039, 991, 0, 'nsadmin', 'parentmeetingplanner', '{"guardiantimetables":"rw"}'),
(1040, 992, 0, 'nsadmin', 'publichome', '{"index":"r"}'),
(1041, 992, 0, 'nsadmin', 'parentmeetingplanner', '{"guardiantimetables":"rw"}'),
(1042, 993, 0, 'nsadmin', 'publichome', '{"index":"r"}'),
(1043, 993, 0, 'nsadmin', 'parentmeetingplanner', '{"guardiantimetables":"rw"}'),
(1044, 994, 0, 'nsadmin', 'publichome', '{"index":"r"}'),
(1045, 994, 0, 'nsadmin', 'parentmeetingplanner', '{"guardiantimetables":"rw"}'),
(1046, 995, 0, 'nsadmin', 'publichome', '{"index":"r"}'),
(1047, 995, 0, 'nsadmin', 'parentmeetingplanner', '{"guardiantimetables":"rw"}'),
(1048, 996, 0, 'nsadmin', 'publichome', '{"index":"r"}'),
(1049, 996, 0, 'nsadmin', 'parentmeetingplanner', '{"guardiantimetables":"rw"}'),
(1050, 997, 0, 'nsadmin', 'publichome', '{"index":"r"}'),
(1051, 997, 0, 'nsadmin', 'parentmeetingplanner', '{"guardiantimetables":"rw"}'),
(1052, 998, 0, 'nsadmin', 'publichome', '{"index":"r"}'),
(1053, 998, 0, 'nsadmin', 'parentmeetingplanner', '{"guardiantimetables":"rw"}'),
(1054, 999, 0, 'nsadmin', 'publichome', '{"index":"r"}'),
(1055, 999, 0, 'nsadmin', 'parentmeetingplanner', '{"guardiantimetables":"rw"}'),
(1056, 1000, 0, 'nsadmin', 'publichome', '{"index":"r"}'),
(1057, 1000, 0, 'nsadmin', 'parentmeetingplanner', '{"guardiantimetables":"rw"}'),
(1058, 1001, 0, 'nsadmin', 'publichome', '{"index":"r"}'),
(1059, 1001, 0, 'nsadmin', 'parentmeetingplanner', '{"guardiantimetables":"rw"}'),
(1060, 1002, 0, 'nsadmin', 'publichome', '{"index":"r"}'),
(1061, 1002, 0, 'nsadmin', 'parentmeetingplanner', '{"guardiantimetables":"rw"}'),
(1062, 1003, 0, 'nsadmin', 'publichome', '{"index":"r"}'),
(1063, 1003, 0, 'nsadmin', 'parentmeetingplanner', '{"guardiantimetables":"rw"}'),
(1064, 1004, 0, 'nsadmin', 'publichome', '{"index":"r"}'),
(1065, 1004, 0, 'nsadmin', 'parentmeetingplanner', '{"guardiantimetables":"rw"}'),
(1066, 1005, 0, 'nsadmin', 'publichome', '{"index":"r"}'),
(1067, 1005, 0, 'nsadmin', 'parentmeetingplanner', '{"guardiantimetables":"rw"}'),
(1068, 1006, 0, 'nsadmin', 'publichome', '{"index":"r"}'),
(1069, 1006, 0, 'nsadmin', 'parentmeetingplanner', '{"guardiantimetables":"rw"}'),
(1070, 1007, 0, 'nsadmin', 'publichome', '{"index":"r"}'),
(1071, 1007, 0, 'nsadmin', 'parentmeetingplanner', '{"guardiantimetables":"rw"}'),
(1072, 1008, 0, 'nsadmin', 'publichome', '{"index":"r"}'),
(1073, 1008, 0, 'nsadmin', 'parentmeetingplanner', '{"guardiantimetables":"rw"}'),
(1074, 1009, 0, 'nsadmin', 'publichome', '{"index":"r"}'),
(1075, 1009, 0, 'nsadmin', 'parentmeetingplanner', '{"guardiantimetables":"rw"}'),
(1076, 1010, 0, 'nsadmin', 'publichome', '{"index":"r"}'),
(1077, 1010, 0, 'nsadmin', 'parentmeetingplanner', '{"guardiantimetables":"rw"}'),
(1078, 1011, 0, 'nsadmin', 'publichome', '{"index":"r"}'),
(1079, 1011, 0, 'nsadmin', 'parentmeetingplanner', '{"guardiantimetables":"rw"}'),
(1080, 1012, 0, 'nsadmin', 'publichome', '{"index":"r"}'),
(1081, 1012, 0, 'nsadmin', 'parentmeetingplanner', '{"guardiantimetables":"rw"}'),
(1082, 1013, 0, 'nsadmin', 'publichome', '{"index":"r"}'),
(1083, 1013, 0, 'nsadmin', 'parentmeetingplanner', '{"guardiantimetables":"rw"}'),
(1084, 1014, 0, 'nsadmin', 'publichome', '{"index":"r"}'),
(1085, 1014, 0, 'nsadmin', 'parentmeetingplanner', '{"guardiantimetables":"rw"}'),
(1086, 1015, 0, 'nsadmin', 'publichome', '{"index":"r"}'),
(1087, 1015, 0, 'nsadmin', 'parentmeetingplanner', '{"guardiantimetables":"rw"}'),
(1088, 1016, 0, 'nsadmin', 'publichome', '{"index":"r"}'),
(1089, 1016, 0, 'nsadmin', 'parentmeetingplanner', '{"guardiantimetables":"rw"}'),
(1090, 1017, 0, 'nsadmin', 'publichome', '{"index":"r"}'),
(1091, 1017, 0, 'nsadmin', 'parentmeetingplanner', '{"guardiantimetables":"rw"}'),
(1092, 1018, 0, 'nsadmin', 'publichome', '{"index":"r"}'),
(1093, 1018, 0, 'nsadmin', 'parentmeetingplanner', '{"guardiantimetables":"rw"}'),
(1094, 1019, 0, 'nsadmin', 'publichome', '{"index":"r"}'),
(1095, 1019, 0, 'nsadmin', 'parentmeetingplanner', '{"guardiantimetables":"rw"}'),
(1096, 1020, 0, 'nsadmin', 'publichome', '{"index":"r"}'),
(1097, 1020, 0, 'nsadmin', 'parentmeetingplanner', '{"guardiantimetables":"rw"}'),
(1098, 1021, 0, 'nsadmin', 'publichome', '{"index":"r"}'),
(1099, 1021, 0, 'nsadmin', 'parentmeetingplanner', '{"guardiantimetables":"rw"}'),
(1100, 1022, 0, 'nsadmin', 'publichome', '{"index":"r"}'),
(1101, 1022, 0, 'nsadmin', 'parentmeetingplanner', '{"guardiantimetables":"rw"}'),
(1102, 1023, 0, 'nsadmin', 'publichome', '{"index":"r"}'),
(1103, 1023, 0, 'nsadmin', 'parentmeetingplanner', '{"guardiantimetables":"rw"}'),
(1104, 1024, 0, 'nsadmin', 'publichome', '{"index":"r"}'),
(1105, 1024, 0, 'nsadmin', 'parentmeetingplanner', '{"guardiantimetables":"rw"}'),
(1106, 1025, 0, 'nsadmin', 'publichome', '{"index":"r"}'),
(1107, 1025, 0, 'nsadmin', 'parentmeetingplanner', '{"guardiantimetables":"rw"}'),
(1108, 1026, 0, 'nsadmin', 'publichome', '{"index":"r"}'),
(1109, 1026, 0, 'nsadmin', 'parentmeetingplanner', '{"guardiantimetables":"rw"}'),
(1110, 1027, 0, 'nsadmin', 'publichome', '{"index":"r"}'),
(1111, 1027, 0, 'nsadmin', 'parentmeetingplanner', '{"guardiantimetables":"rw"}'),
(1112, 1028, 0, 'nsadmin', 'publichome', '{"index":"r"}'),
(1113, 1028, 0, 'nsadmin', 'parentmeetingplanner', '{"guardiantimetables":"rw"}'),
(1114, 1029, 0, 'nsadmin', 'publichome', '{"index":"r"}'),
(1115, 1029, 0, 'nsadmin', 'parentmeetingplanner', '{"guardiantimetables":"rw"}'),
(1116, 1030, 0, 'nsadmin', 'publichome', '{"index":"r"}'),
(1117, 1030, 0, 'nsadmin', 'parentmeetingplanner', '{"guardiantimetables":"rw"}'),
(1118, 1031, 0, 'nsadmin', 'publichome', '{"index":"r"}'),
(1119, 1031, 0, 'nsadmin', 'parentmeetingplanner', '{"guardiantimetables":"rw"}'),
(1120, 1032, 0, 'nsadmin', 'publichome', '{"index":"r"}'),
(1121, 1032, 0, 'nsadmin', 'parentmeetingplanner', '{"guardiantimetables":"rw"}'),
(1122, 1033, 0, 'nsadmin', 'publichome', '{"index":"r"}'),
(1123, 1033, 0, 'nsadmin', 'parentmeetingplanner', '{"guardiantimetables":"rw"}'),
(1124, 1034, 0, 'nsadmin', 'publichome', '{"index":"r"}'),
(1125, 1034, 0, 'nsadmin', 'parentmeetingplanner', '{"guardiantimetables":"rw"}'),
(1126, 1035, 0, 'nsadmin', 'publichome', '{"index":"r"}'),
(1127, 1035, 0, 'nsadmin', 'parentmeetingplanner', '{"guardiantimetables":"rw"}'),
(1128, 1036, 0, 'nsadmin', 'publichome', '{"index":"r"}'),
(1129, 1036, 0, 'nsadmin', 'parentmeetingplanner', '{"guardiantimetables":"rw"}'),
(1130, 1037, 0, 'nsadmin', 'publichome', '{"index":"r"}'),
(1131, 1037, 0, 'nsadmin', 'parentmeetingplanner', '{"guardiantimetables":"rw"}'),
(1132, 1038, 0, 'nsadmin', 'publichome', '{"index":"r"}'),
(1133, 1038, 0, 'nsadmin', 'parentmeetingplanner', '{"guardiantimetables":"rw"}'),
(1134, 1039, 0, 'nsadmin', 'publichome', '{"index":"r"}'),
(1135, 1039, 0, 'nsadmin', 'parentmeetingplanner', '{"guardiantimetables":"rw"}'),
(1136, 1040, 0, 'nsadmin', 'publichome', '{"index":"r"}'),
(1137, 1040, 0, 'nsadmin', 'parentmeetingplanner', '{"guardiantimetables":"rw"}'),
(1138, 1041, 0, 'nsadmin', 'publichome', '{"index":"r"}'),
(1139, 1041, 0, 'nsadmin', 'parentmeetingplanner', '{"guardiantimetables":"rw"}'),
(1140, 1042, 0, 'nsadmin', 'publichome', '{"index":"r"}'),
(1141, 1042, 0, 'nsadmin', 'parentmeetingplanner', '{"guardiantimetables":"rw"}'),
(1142, 1043, 0, 'nsadmin', 'publichome', '{"index":"r"}'),
(1143, 1043, 0, 'nsadmin', 'parentmeetingplanner', '{"guardiantimetables":"rw"}'),
(1144, 1044, 0, 'nsadmin', 'publichome', '{"index":"r"}'),
(1145, 1044, 0, 'nsadmin', 'parentmeetingplanner', '{"guardiantimetables":"rw"}'),
(1146, 1045, 0, 'nsadmin', 'publichome', '{"index":"r"}'),
(1147, 1045, 0, 'nsadmin', 'parentmeetingplanner', '{"guardiantimetables":"rw"}'),
(1148, 1046, 0, 'nsadmin', 'publichome', '{"index":"r"}'),
(1149, 1046, 0, 'nsadmin', 'parentmeetingplanner', '{"guardiantimetables":"rw"}'),
(1150, 1047, 0, 'nsadmin', 'publichome', '{"index":"r"}'),
(1151, 1047, 0, 'nsadmin', 'parentmeetingplanner', '{"guardiantimetables":"rw"}'),
(1152, 1048, 0, 'nsadmin', 'publichome', '{"index":"r"}'),
(1153, 1048, 0, 'nsadmin', 'parentmeetingplanner', '{"guardiantimetables":"rw"}'),
(1154, 1049, 0, 'nsadmin', 'publichome', '{"index":"r"}'),
(1155, 1049, 0, 'nsadmin', 'parentmeetingplanner', '{"guardiantimetables":"rw"}'),
(1156, 1050, 0, 'nsadmin', 'publichome', '{"index":"r"}'),
(1157, 1050, 0, 'nsadmin', 'parentmeetingplanner', '{"guardiantimetables":"rw"}'),
(1158, 1051, 0, 'nsadmin', 'publichome', '{"index":"r"}'),
(1159, 1051, 0, 'nsadmin', 'parentmeetingplanner', '{"guardiantimetables":"rw"}'),
(1160, 1052, 0, 'nsadmin', 'publichome', '{"index":"r"}'),
(1161, 1052, 0, 'nsadmin', 'parentmeetingplanner', '{"guardiantimetables":"rw"}'),
(1162, 1053, 0, 'nsadmin', 'publichome', '{"index":"r"}'),
(1163, 1053, 0, 'nsadmin', 'parentmeetingplanner', '{"guardiantimetables":"rw"}'),
(1164, 1054, 0, 'nsadmin', 'publichome', '{"index":"r"}'),
(1165, 1054, 0, 'nsadmin', 'parentmeetingplanner', '{"guardiantimetables":"rw"}'),
(1166, 1055, 0, 'nsadmin', 'publichome', '{"index":"r"}'),
(1167, 1055, 0, 'nsadmin', 'parentmeetingplanner', '{"guardiantimetables":"rw"}'),
(1168, 1056, 0, 'nsadmin', 'publichome', '{"index":"r"}'),
(1169, 1056, 0, 'nsadmin', 'parentmeetingplanner', '{"guardiantimetables":"rw"}'),
(1170, 1057, 0, 'nsadmin', 'publichome', '{"index":"r"}'),
(1171, 1057, 0, 'nsadmin', 'parentmeetingplanner', '{"guardiantimetables":"rw"}'),
(1172, 1058, 0, 'nsadmin', 'publichome', '{"index":"r"}'),
(1173, 1058, 0, 'nsadmin', 'parentmeetingplanner', '{"guardiantimetables":"rw"}'),
(1174, 1059, 0, 'nsadmin', 'publichome', '{"index":"r"}'),
(1175, 1059, 0, 'nsadmin', 'parentmeetingplanner', '{"guardiantimetables":"rw"}'),
(1176, 1060, 0, 'nsadmin', 'publichome', '{"index":"r"}'),
(1177, 1060, 0, 'nsadmin', 'parentmeetingplanner', '{"guardiantimetables":"rw"}'),
(1178, 1061, 0, 'nsadmin', 'publichome', '{"index":"r"}'),
(1179, 1061, 0, 'nsadmin', 'parentmeetingplanner', '{"guardiantimetables":"rw"}'),
(1180, 1062, 0, 'nsadmin', 'publichome', '{"index":"r"}'),
(1181, 1062, 0, 'nsadmin', 'parentmeetingplanner', '{"guardiantimetables":"rw"}'),
(1182, 1063, 0, 'nsadmin', 'publichome', '{"index":"r"}'),
(1183, 1063, 0, 'nsadmin', 'parentmeetingplanner', '{"guardiantimetables":"rw"}'),
(1184, 1064, 0, 'nsadmin', 'publichome', '{"index":"r"}'),
(1185, 1064, 0, 'nsadmin', 'parentmeetingplanner', '{"guardiantimetables":"rw"}'),
(1186, 1065, 0, 'nsadmin', 'publichome', '{"index":"r"}'),
(1187, 1065, 0, 'nsadmin', 'parentmeetingplanner', '{"guardiantimetables":"rw"}'),
(1188, 1066, 0, 'nsadmin', 'publichome', '{"index":"r"}'),
(1189, 1066, 0, 'nsadmin', 'parentmeetingplanner', '{"guardiantimetables":"rw"}'),
(1190, 1067, 0, 'nsadmin', 'publichome', '{"index":"r"}'),
(1191, 1067, 0, 'nsadmin', 'parentmeetingplanner', '{"guardiantimetables":"rw"}'),
(1192, 1068, 0, 'nsadmin', 'publichome', '{"index":"r"}'),
(1193, 1068, 0, 'nsadmin', 'parentmeetingplanner', '{"guardiantimetables":"rw"}'),
(1194, 1069, 0, 'nsadmin', 'publichome', '{"index":"r"}'),
(1195, 1069, 0, 'nsadmin', 'parentmeetingplanner', '{"guardiantimetables":"rw"}'),
(1196, 1070, 0, 'nsadmin', 'publichome', '{"index":"r"}'),
(1197, 1070, 0, 'nsadmin', 'parentmeetingplanner', '{"guardiantimetables":"rw"}'),
(1198, 1071, 0, 'nsadmin', 'publichome', '{"index":"r"}'),
(1199, 1071, 0, 'nsadmin', 'parentmeetingplanner', '{"guardiantimetables":"rw"}'),
(1200, 1072, 0, 'nsadmin', 'publichome', '{"index":"r"}'),
(1201, 1072, 0, 'nsadmin', 'parentmeetingplanner', '{"guardiantimetables":"rw"}'),
(1202, 1073, 0, 'nsadmin', 'publichome', '{"index":"r"}'),
(1203, 1073, 0, 'nsadmin', 'parentmeetingplanner', '{"guardiantimetables":"rw"}'),
(1204, 1074, 0, 'nsadmin', 'publichome', '{"index":"r"}'),
(1205, 1074, 0, 'nsadmin', 'parentmeetingplanner', '{"guardiantimetables":"rw"}'),
(1206, 1075, 0, 'nsadmin', 'publichome', '{"index":"r"}'),
(1207, 1075, 0, 'nsadmin', 'parentmeetingplanner', '{"guardiantimetables":"rw"}'),
(1208, 1076, 0, 'nsadmin', 'publichome', '{"index":"r"}'),
(1209, 1076, 0, 'nsadmin', 'parentmeetingplanner', '{"guardiantimetables":"rw"}'),
(1210, 1077, 0, 'nsadmin', 'publichome', '{"index":"r"}'),
(1211, 1077, 0, 'nsadmin', 'parentmeetingplanner', '{"guardiantimetables":"rw"}'),
(1212, 1078, 0, 'nsadmin', 'publichome', '{"index":"r"}'),
(1213, 1078, 0, 'nsadmin', 'parentmeetingplanner', '{"guardiantimetables":"rw"}'),
(1214, 1079, 0, 'nsadmin', 'publichome', '{"index":"r"}'),
(1215, 1079, 0, 'nsadmin', 'parentmeetingplanner', '{"guardiantimetables":"rw"}'),
(1216, 1080, 0, 'nsadmin', 'publichome', '{"index":"r"}'),
(1217, 1080, 0, 'nsadmin', 'parentmeetingplanner', '{"guardiantimetables":"rw"}'),
(1218, 1081, 0, 'nsadmin', 'publichome', '{"index":"r"}'),
(1219, 1081, 0, 'nsadmin', 'parentmeetingplanner', '{"guardiantimetables":"rw"}'),
(1220, 1082, 0, 'nsadmin', 'publichome', '{"index":"r"}'),
(1221, 1082, 0, 'nsadmin', 'parentmeetingplanner', '{"guardiantimetables":"rw"}'),
(1222, 1083, 0, 'nsadmin', 'publichome', '{"index":"r"}'),
(1223, 1083, 0, 'nsadmin', 'parentmeetingplanner', '{"guardiantimetables":"rw"}'),
(1224, 1084, 0, 'nsadmin', 'publichome', '{"index":"r"}'),
(1225, 1084, 0, 'nsadmin', 'parentmeetingplanner', '{"guardiantimetables":"rw"}'),
(1226, 1085, 0, 'nsadmin', 'publichome', '{"index":"r"}'),
(1227, 1085, 0, 'nsadmin', 'parentmeetingplanner', '{"guardiantimetables":"rw"}'),
(1228, 1086, 0, 'nsadmin', 'publichome', '{"index":"r"}'),
(1229, 1086, 0, 'nsadmin', 'parentmeetingplanner', '{"guardiantimetables":"rw"}'),
(1230, 1087, 0, 'nsadmin', 'publichome', '{"index":"r"}'),
(1231, 1087, 0, 'nsadmin', 'parentmeetingplanner', '{"guardiantimetables":"rw"}'),
(1232, 1088, 0, 'nsadmin', 'publichome', '{"index":"r"}'),
(1233, 1088, 0, 'nsadmin', 'parentmeetingplanner', '{"guardiantimetables":"rw"}'),
(1234, 1089, 0, 'nsadmin', 'publichome', '{"index":"r"}'),
(1235, 1089, 0, 'nsadmin', 'parentmeetingplanner', '{"guardiantimetables":"rw"}'),
(1236, 1090, 0, 'nsadmin', 'publichome', '{"index":"r"}'),
(1237, 1090, 0, 'nsadmin', 'parentmeetingplanner', '{"guardiantimetables":"rw"}'),
(1238, 1091, 0, 'nsadmin', 'publichome', '{"index":"r"}'),
(1239, 1091, 0, 'nsadmin', 'parentmeetingplanner', '{"guardiantimetables":"rw"}'),
(1240, 1092, 0, 'nsadmin', 'publichome', '{"index":"r"}'),
(1241, 1092, 0, 'nsadmin', 'parentmeetingplanner', '{"guardiantimetables":"rw"}'),
(1242, 1093, 0, 'nsadmin', 'publichome', '{"index":"r"}'),
(1243, 1093, 0, 'nsadmin', 'parentmeetingplanner', '{"guardiantimetables":"rw"}'),
(1244, 1094, 0, 'nsadmin', 'publichome', '{"index":"r"}'),
(1245, 1094, 0, 'nsadmin', 'parentmeetingplanner', '{"guardiantimetables":"rw"}'),
(1246, 1095, 0, 'nsadmin', 'publichome', '{"index":"r"}'),
(1247, 1095, 0, 'nsadmin', 'parentmeetingplanner', '{"guardiantimetables":"rw"}'),
(1248, 1096, 0, 'nsadmin', 'publichome', '{"index":"r"}'),
(1249, 1096, 0, 'nsadmin', 'parentmeetingplanner', '{"guardiantimetables":"rw"}'),
(1250, 1097, 0, 'nsadmin', 'publichome', '{"index":"r"}'),
(1251, 1097, 0, 'nsadmin', 'parentmeetingplanner', '{"guardiantimetables":"rw"}'),
(1252, 1098, 0, 'nsadmin', 'publichome', '{"index":"r"}'),
(1253, 1098, 0, 'nsadmin', 'parentmeetingplanner', '{"guardiantimetables":"rw"}'),
(1254, 1099, 0, 'nsadmin', 'publichome', '{"index":"r"}'),
(1255, 1099, 0, 'nsadmin', 'parentmeetingplanner', '{"guardiantimetables":"rw"}'),
(1256, 1100, 0, 'nsadmin', 'publichome', '{"index":"r"}'),
(1257, 1100, 0, 'nsadmin', 'parentmeetingplanner', '{"guardiantimetables":"rw"}'),
(1258, 1103, 0, 'manager', 'home', '{"index": "r"}'),
(1259, 1103, 0, 'nsadmin', 'home', '{"index": "r"}');

-- --------------------------------------------------------

--
-- Table structure for table `group_class`
--

CREATE TABLE `group_class` (
  `id` tinyint(2) NOT NULL,
  `ext_id` smallint(3) DEFAULT NULL,
  `title` varchar(35) COLLATE utf8_bin NOT NULL,
  `title_eng_gae_variant` varchar(35) COLLATE utf8_bin DEFAULT NULL,
  `abbr` varchar(7) COLLATE utf8_bin NOT NULL,
  `group_super_id` tinyint(2) NOT NULL DEFAULT '0',
  `gender` enum('A','M','F') CHARACTER SET latin1 COLLATE latin1_bin NOT NULL DEFAULT 'A',
  `type_id` tinyint(2) UNSIGNED NOT NULL DEFAULT '0',
  `active` tinyint(1) NOT NULL DEFAULT '0',
  `weight` tinyint(2) UNSIGNED NOT NULL DEFAULT '0',
  `updated` datetime NOT NULL,
  `updated_by` int(6) NOT NULL
) ENGINE=InnoDB DEFAULT CHARSET=utf8 COLLATE=utf8_bin;

--
-- Dumping data for table `group_class`
--

INSERT INTO `group_class` (`id`, `ext_id`, `title`, `title_eng_gae_variant`, `abbr`, `group_super_id`, `gender`, `type_id`, `active`, `weight`, `updated`, `updated_by`) VALUES
(-1, NULL, 'Past', NULL, 'Past', -1, 'A', 0, 1, 16, '2017-11-08 13:11:30', 1),
(1, 5, '1-R5', NULL, '1st-5', 3, 'A', 0, 1, 4, '2017-11-08 13:11:30', 1),
(2, 6, '1-R6', NULL, '1st-6', 3, 'A', 0, 1, 5, '2017-11-08 13:11:30', 1),
(3, 7, '2-R7', NULL, '2nd-7', 4, 'A', 0, 1, 6, '2017-11-08 13:11:30', 1),
(4, 8, '2-R8', NULL, '2nd-8', 4, 'A', 0, 1, 7, '2017-11-08 13:11:30', 1),
(5, 9, '3-R10', NULL, '3rd-10', 5, 'A', 0, 1, 9, '2017-11-08 13:11:30', 1),
(6, 10, '3-R9', NULL, '3rd-9', 5, 'A', 0, 1, 8, '2017-11-08 13:11:30', 1),
(7, 11, '4-R12', NULL, '4th-12', 6, 'A', 0, 1, 11, '2017-11-08 13:11:30', 1),
(8, 12, '4-R11', NULL, '4th-11', 6, 'A', 0, 1, 10, '2017-11-08 13:11:30', 1),
(9, 13, '5-R14', NULL, '5th-14', 7, 'A', 0, 1, 13, '2017-11-08 13:11:30', 1),
(10, 14, '5-R13', NULL, '5th-13', 7, 'A', 0, 1, 12, '2017-11-08 13:11:30', 1),
(11, 15, '6-R15', NULL, '6th-15', 8, 'A', 0, 1, 14, '2017-11-08 13:11:30', 1),
(12, 16, 'JI-R1', NULL, 'JI-R1', 1, 'A', 0, 1, 0, '2017-11-08 13:11:30', 1),
(13, 17, 'JI-R2', NULL, 'JI-R2', 1, 'A', 0, 1, 1, '2017-11-08 13:11:30', 1),
(14, 18, 'SI-R4', NULL, 'SI-R4', 2, 'A', 0, 1, 3, '2017-11-08 13:11:30', 1),
(15, 19, 'SI-R3', NULL, 'SI-R3', 2, 'A', 0, 1, 2, '2017-11-08 13:11:30', 1),
(16, 20, '6-R16', NULL, '6th-16', 8, 'A', 0, 1, 15, '2017-11-08 13:11:30', 1),
(17, NULL, 'WL 2018 - 19', NULL, 'WL18-19', 11, 'A', 0, 0, 17, '2017-11-08 13:11:30', 1);

-- --------------------------------------------------------

--
-- Table structure for table `group_leader`
--

CREATE TABLE `group_leader` (
  `tbl_id` int(6) UNSIGNED NOT NULL,
  `id` int(10) UNSIGNED NOT NULL,
  `group_class_id` smallint(5) UNSIGNED NOT NULL,
  `group_super_id` smallint(5) UNSIGNED NOT NULL,
  `leader_begin` date NOT NULL,
  `leader_end` date DEFAULT NULL,
  `updated` datetime NOT NULL,
  `updated_by` int(6) NOT NULL
) ENGINE=InnoDB DEFAULT CHARSET=latin1;

--
-- Dumping data for table `group_leader`
--

INSERT INTO `group_leader` (`tbl_id`, `id`, `group_class_id`, `group_super_id`, `leader_begin`, `leader_end`, `updated`, `updated_by`) VALUES
(1, 11, 1, 3, '2017-10-29', NULL, '2017-10-29 12:12:59', -1),
(2, 7, 2, 3, '2017-10-29', NULL, '2017-10-29 12:12:59', -1),
(3, 5, 3, 4, '2017-10-29', NULL, '2017-10-29 12:12:59', -1),
(4, 12, 4, 4, '2017-10-29', NULL, '2017-10-29 12:12:59', -1),
(5, 10, 5, 5, '2017-10-29', NULL, '2017-10-29 12:12:59', -1),
(6, 13, 6, 5, '2017-10-29', NULL, '2017-10-29 12:12:59', -1),
(7, 16, 7, 6, '2017-10-29', NULL, '2017-10-29 12:12:59', -1),
(8, 6, 8, 6, '2017-10-29', NULL, '2017-10-29 12:12:59', -1),
(9, 2, 9, 7, '2017-10-29', NULL, '2017-10-29 12:12:59', -1),
(10, 3, 10, 7, '2017-10-29', NULL, '2017-10-29 12:12:59', -1),
(11, 14, 11, 8, '2017-10-29', NULL, '2017-10-29 12:12:59', -1),
(15, 4, 14, 2, '2017-10-29', NULL, '2017-10-29 12:12:59', -1),
(16, 15, 15, 2, '2017-10-29', NULL, '2017-10-29 12:12:59', -1),
(17, 9, 16, 8, '2017-10-29', NULL, '2017-10-29 12:12:59', -1),
(18, 1, 12, 1, '2017-10-29', NULL, '2017-10-29 12:12:59', -1),
(19, 1, 13, 1, '2017-10-29', NULL, '2017-10-29 12:12:59', -1);

-- --------------------------------------------------------

--
-- Table structure for table `group_super`
--

CREATE TABLE `group_super` (
  `id` tinyint(2) NOT NULL,
  `ext_id` smallint(6) DEFAULT NULL,
  `title` varchar(35) COLLATE utf8_bin NOT NULL,
  `title_eng_gae_variant` varchar(35) COLLATE utf8_bin DEFAULT NULL,
  `abbr` varchar(7) COLLATE utf8_bin NOT NULL,
  `active` tinyint(1) UNSIGNED NOT NULL DEFAULT '0',
  `current` tinyint(1) UNSIGNED NOT NULL DEFAULT '1',
  `academic_standard` tinyint(1) UNSIGNED NOT NULL DEFAULT '0' COMMENT 'Marked 1 - 8, following the traditional class structure (JI = 1, 6th = 8)',
  `academic_standard_band` tinyint(1) UNSIGNED NOT NULL DEFAULT '0',
  `weight` tinyint(2) UNSIGNED NOT NULL DEFAULT '0',
  `updated` datetime NOT NULL,
  `updated_by` int(6) NOT NULL
) ENGINE=InnoDB DEFAULT CHARSET=utf8 COLLATE=utf8_bin;

--
-- Dumping data for table `group_super`
--

INSERT INTO `group_super` (`id`, `ext_id`, `title`, `title_eng_gae_variant`, `abbr`, `active`, `current`, `academic_standard`, `academic_standard_band`, `weight`, `updated`, `updated_by`) VALUES
(-1, NULL, 'Past', NULL, 'Past', 1, 0, 0, 0, 9, '2017-11-08 13:11:45', 1),
(1, 1, 'Infants', NULL, 'Inf.', 1, 1, 1, 1, 0, '2017-11-08 13:11:45', 1),
(2, 2, 'Senior Infants', NULL, 'S.Inf.', 1, 1, 2, 1, 1, '2017-11-08 13:11:45', 1),
(3, 3, 'First Class', NULL, '1st', 1, 1, 3, 2, 2, '2017-11-08 13:11:45', 1),
(4, 4, 'Second Class', NULL, '2nd', 1, 1, 4, 2, 3, '2017-11-08 13:11:45', 1),
(5, 5, 'Third Class', NULL, '3rd', 1, 1, 5, 3, 4, '2017-11-08 13:11:45', 1),
(6, 6, 'Fourth Class', NULL, '4th', 1, 1, 6, 3, 5, '2017-11-08 13:11:45', 1),
(7, 7, 'Fifth Class', NULL, '5th', 1, 1, 7, 4, 6, '2017-11-08 13:11:45', 1),
(8, 8, 'Sixth Class', NULL, '6th', 1, 1, 8, 4, 7, '2017-11-08 13:11:45', 1),
(9, 9, 'Other', NULL, 'Oth', 1, 1, 0, 0, 8, '2017-11-08 13:11:45', 1),
(11, NULL, 'Waiting List', NULL, 'W.L.', 0, 0, 0, 0, 10, '2017-11-08 13:11:45', 1);

-- --------------------------------------------------------

--
-- Table structure for table `manager_setting`
--

CREATE TABLE `manager_setting` (
  `tbl_id` int(10) UNSIGNED NOT NULL,
  `setting_key` tinytext NOT NULL,
  `setting_value` varchar(50) DEFAULT NULL
) ENGINE=InnoDB DEFAULT CHARSET=utf8;

--
-- Dumping data for table `manager_setting`
--

INSERT INTO `manager_setting` (`tbl_id`, `setting_key`, `setting_value`) VALUES
(1, 'year_starting', '2017');

-- --------------------------------------------------------

--
-- Table structure for table `member_assistant`
--

CREATE TABLE `member_assistant` (
  `tbl_id` int(6) UNSIGNED NOT NULL,
  `id` int(10) UNSIGNED NOT NULL,
  `assistant_id` int(10) UNSIGNED NOT NULL,
  `assistant_begin` date NOT NULL,
  `assistant_end` date DEFAULT NULL,
  `updated` datetime NOT NULL,
  `updated_by` int(6) NOT NULL
) ENGINE=InnoDB DEFAULT CHARSET=latin1;

--
-- Dumping data for table `member_assistant`
--

INSERT INTO `member_assistant` (`tbl_id`, `id`, `assistant_id`, `assistant_begin`, `assistant_end`, `updated`, `updated_by`) VALUES
(1, 27, 21, '2017-10-29', NULL, '2017-10-29 12:13:00', -1),
(2, 65, 19, '2017-10-29', NULL, '2017-10-29 12:13:00', -1),
(3, 77, 19, '2017-10-29', NULL, '2017-10-29 12:13:00', -1),
(4, 84, 19, '2017-10-29', NULL, '2017-10-29 12:13:00', -1),
(5, 87, 20, '2017-10-29', NULL, '2017-10-29 12:13:00', -1),
(6, 90, 20, '2017-10-29', NULL, '2017-10-29 12:13:00', -1),
(7, 93, 20, '2017-10-29', NULL, '2017-10-29 12:13:00', -1),
(8, 94, 20, '2017-10-29', NULL, '2017-10-29 12:13:00', -1),
(9, 99, 20, '2017-10-29', NULL, '2017-10-29 12:13:00', -1),
(10, 100, 20, '2017-10-29', NULL, '2017-10-29 12:13:00', -1),
(11, 103, 20, '2017-10-29', NULL, '2017-10-29 12:13:00', -1),
(12, 114, 23, '2017-10-29', NULL, '2017-10-29 12:13:00', -1),
(13, 117, 23, '2017-10-29', NULL, '2017-10-29 12:13:00', -1),
(14, 118, 20, '2017-10-29', '2017-11-03', '2017-10-29 12:13:00', -1),
(15, 121, 23, '2017-10-29', NULL, '2017-10-29 12:13:00', -1),
(16, 122, 23, '2017-10-29', NULL, '2017-10-29 12:13:00', -1),
(17, 124, 23, '2017-10-29', NULL, '2017-10-29 12:13:00', -1),
(18, 125, 23, '2017-10-29', NULL, '2017-10-29 12:13:00', -1),
(19, 129, 23, '2017-10-29', NULL, '2017-10-29 12:13:00', -1),
(20, 130, 20, '2017-10-29', NULL, '2017-10-29 12:13:00', -1),
(21, 132, 20, '2017-10-29', NULL, '2017-10-29 12:13:00', -1),
(22, 137, 20, '2017-10-29', NULL, '2017-10-29 12:13:00', -1),
(23, 138, 20, '2017-10-29', '2017-11-03', '2017-10-29 12:13:00', -1),
(24, 140, 23, '2017-10-29', NULL, '2017-10-29 12:13:00', -1),
(25, 141, 24, '2017-10-29', NULL, '2017-10-29 12:13:00', -1),
(26, 146, 21, '2017-10-29', NULL, '2017-10-29 12:13:00', -1),
(27, 147, 26, '2017-10-29', NULL, '2017-10-29 12:13:00', -1),
(28, 155, 21, '2017-10-29', NULL, '2017-10-29 12:13:00', -1),
(29, 156, 21, '2017-10-29', NULL, '2017-10-29 12:13:00', -1),
(30, 157, 26, '2017-10-29', NULL, '2017-10-29 12:13:00', -1),
(31, 161, 26, '2017-10-29', NULL, '2017-10-29 12:13:00', -1),
(32, 163, 26, '2017-10-29', NULL, '2017-10-29 12:13:00', -1),
(33, 164, 26, '2017-10-29', NULL, '2017-10-29 12:13:00', -1),
(34, 171, 21, '2017-10-29', NULL, '2017-10-29 12:13:00', -1),
(35, 173, 19, '2017-10-29', NULL, '2017-10-29 12:13:00', -1),
(36, 175, 19, '2017-10-29', NULL, '2017-10-29 12:13:00', -1),
(37, 177, 19, '2017-10-29', NULL, '2017-10-29 12:13:00', -1),
(38, 194, 19, '2017-10-29', NULL, '2017-10-29 12:13:00', -1),
(39, 197, 19, '2017-10-29', NULL, '2017-10-29 12:13:00', -1),
(40, 200, 19, '2017-10-29', NULL, '2017-10-29 12:13:00', -1),
(41, 201, 19, '2017-10-29', NULL, '2017-10-29 12:13:00', -1),
(42, 205, 21, '2017-10-29', NULL, '2017-10-29 12:13:00', -1),
(43, 208, 24, '2017-10-29', NULL, '2017-10-29 12:13:00', -1),
(44, 209, 24, '2017-10-29', NULL, '2017-10-29 12:13:00', -1),
(45, 210, 24, '2017-10-29', NULL, '2017-10-29 12:13:00', -1),
(46, 212, 24, '2017-10-29', NULL, '2017-10-29 12:13:00', -1),
(47, 214, 24, '2017-10-29', NULL, '2017-10-29 12:13:00', -1),
(48, 219, 24, '2017-10-29', NULL, '2017-10-29 12:13:00', -1),
(49, 230, 26, '2017-10-29', NULL, '2017-10-29 12:13:00', -1),
(50, 234, 19, '2017-10-29', NULL, '2017-10-29 12:13:00', -1),
(51, 236, 19, '2017-10-29', NULL, '2017-10-29 12:13:00', -1),
(52, 241, 19, '2017-10-29', NULL, '2017-10-29 12:13:00', -1),
(53, 244, 24, '2017-10-29', NULL, '2017-10-29 12:13:00', -1),
(54, 246, 24, '2017-10-29', NULL, '2017-10-29 12:13:00', -1),
(55, 250, 24, '2017-10-29', NULL, '2017-10-29 12:13:00', -1),
(56, 254, 26, '2017-10-29', NULL, '2017-10-29 12:13:00', -1),
(57, 257, 26, '2017-10-29', NULL, '2017-10-29 12:13:00', -1),
(58, 260, 26, '2017-10-29', NULL, '2017-10-29 12:13:00', -1),
(59, 267, 26, '2017-10-29', NULL, '2017-10-29 12:13:00', -1),
(60, 268, 26, '2017-10-29', NULL, '2017-10-29 12:13:00', -1),
(61, 270, 20, '2017-10-29', NULL, '2017-10-29 12:13:00', -1),
(62, 271, 20, '2017-10-29', NULL, '2017-10-29 12:13:00', -1),
(63, 274, 20, '2017-10-29', NULL, '2017-10-29 12:13:00', -1),
(64, 276, 20, '2017-10-29', NULL, '2017-10-29 12:13:00', -1),
(65, 282, 26, '2017-10-29', NULL, '2017-10-29 12:13:00', -1),
(66, 284, 20, '2017-10-29', NULL, '2017-10-29 12:13:00', -1),
(67, 290, 25, '2017-10-29', NULL, '2017-10-29 12:13:00', -1),
(68, 291, 22, '2017-10-29', NULL, '2017-10-29 12:13:00', -1),
(69, 296, 22, '2017-10-29', NULL, '2017-10-29 12:13:00', -1),
(70, 299, 22, '2017-10-29', NULL, '2017-10-29 12:13:00', -1),
(71, 300, 22, '2017-10-29', NULL, '2017-10-29 12:13:00', -1),
(72, 302, 22, '2017-10-29', NULL, '2017-10-29 12:13:00', -1),
(73, 310, 22, '2017-10-29', NULL, '2017-10-29 12:13:00', -1),
(74, 316, 22, '2017-10-29', NULL, '2017-10-29 12:13:00', -1),
(75, 317, 22, '2017-10-29', NULL, '2017-10-29 12:13:00', -1),
(76, 320, 22, '2017-10-29', NULL, '2017-10-29 12:13:00', -1),
(77, 324, 22, '2017-10-29', NULL, '2017-10-29 12:13:00', -1),
(78, 329, 22, '2017-10-29', NULL, '2017-10-29 12:13:00', -1),
(79, 330, 22, '2017-10-29', NULL, '2017-10-29 12:13:00', -1),
(80, 333, 22, '2017-10-29', NULL, '2017-10-29 12:13:00', -1),
(81, 337, 22, '2017-10-29', NULL, '2017-10-29 12:13:00', -1),
(82, 342, 21, '2017-10-29', NULL, '2017-10-29 12:13:00', -1),
(83, 352, 21, '2017-10-29', NULL, '2017-10-29 12:13:00', -1),
(84, 364, 21, '2017-10-29', NULL, '2017-10-29 12:13:00', -1),
(85, 393, 24, '2017-10-29', NULL, '2017-10-29 12:13:00', -1),
(86, 399, 25, '2017-10-29', NULL, '2017-10-29 12:13:00', -1),
(87, 410, 25, '2017-10-29', NULL, '2017-10-29 12:13:00', -1),
(88, 413, 25, '2017-10-29', NULL, '2017-10-29 12:13:00', -1),
(89, 415, 25, '2017-10-29', NULL, '2017-10-29 12:13:00', -1),
(90, 418, 25, '2017-10-29', NULL, '2017-10-29 12:13:00', -1),
(91, 419, 25, '2017-10-29', NULL, '2017-10-29 12:13:00', -1),
(92, 422, 25, '2017-10-29', NULL, '2017-10-29 12:13:00', -1),
(93, 424, 25, '2017-10-29', NULL, '2017-10-29 12:13:00', -1),
(94, 439, 23, '2017-10-29', NULL, '2017-10-29 12:13:00', -1),
(95, 440, 23, '2017-10-29', NULL, '2017-10-29 12:13:00', -1),
(96, 445, 25, '2017-10-29', NULL, '2017-10-29 12:13:00', -1),
(97, 455, 25, '2017-10-29', NULL, '2017-10-29 12:13:00', -1),
(98, 460, 25, '2017-10-29', NULL, '2017-10-29 12:13:00', -1),
(99, 469, 25, '2017-10-29', NULL, '2017-10-29 12:13:00', -1),
(100, 479, 23, '2017-10-29', NULL, '2017-10-29 12:13:00', -1),
(101, 481, 26, '2017-11-03', NULL, '2017-11-03 00:00:00', -1),
(102, 315, 25, '2017-11-03', NULL, '2017-11-03 00:00:00', -1),
(103, 118, 23, '2017-11-03', NULL, '2017-11-03 00:00:00', -1),
(104, 138, 23, '2017-11-03', NULL, '2017-11-03 00:00:00', -1),
(105, 110, 20, '2017-11-03', NULL, '2017-11-10 00:00:00', -1),
(106, 387, 24, '2017-11-03', NULL, '2017-11-03 00:00:00', -1),
(107, 474, 25, '2017-11-03', NULL, '2017-11-03 00:00:00', -1),
(108, 480, 25, '2017-11-03', NULL, '2017-11-03 00:00:00', -1),
(109, 459, 25, '2017-11-03', NULL, '2017-11-03 00:00:00', -1),
(110, 471, 25, '2017-11-03', NULL, '2017-11-03 00:00:00', -1);

-- --------------------------------------------------------

--
-- Table structure for table `member_group_class`
--

CREATE TABLE `member_group_class` (
  `tbl_id` int(6) UNSIGNED NOT NULL,
  `id` int(10) UNSIGNED NOT NULL,
  `group_class_id` smallint(5) UNSIGNED NOT NULL,
  `group_super_id` smallint(5) NOT NULL,
  `in_group_begin` date NOT NULL,
  `in_group_end` date DEFAULT NULL,
  `updated` datetime NOT NULL,
  `updated_by` int(6) NOT NULL
) ENGINE=InnoDB DEFAULT CHARSET=latin1;

--
-- Dumping data for table `member_group_class`
--

INSERT INTO `member_group_class` (`tbl_id`, `id`, `group_class_id`, `group_super_id`, `in_group_begin`, `in_group_end`, `updated`, `updated_by`) VALUES
(1, 27, 1, 3, '2017-10-29', NULL, '2017-10-29 12:12:59', -1),
(2, 28, 1, 3, '2017-10-29', NULL, '2017-10-29 12:12:59', -1),
(3, 29, 1, 3, '2017-10-29', NULL, '2017-10-29 12:12:59', -1),
(4, 30, 1, 3, '2017-10-29', NULL, '2017-10-29 12:12:59', -1),
(5, 31, 1, 3, '2017-10-29', NULL, '2017-10-29 12:12:59', -1),
(6, 32, 1, 3, '2017-10-29', NULL, '2017-10-29 12:12:59', -1),
(7, 33, 1, 3, '2017-10-29', NULL, '2017-10-29 12:12:59', -1),
(8, 34, 1, 3, '2017-10-29', NULL, '2017-10-29 12:12:59', -1),
(9, 35, 1, 3, '2017-10-29', NULL, '2017-10-29 12:12:59', -1),
(10, 36, 1, 3, '2017-10-29', NULL, '2017-10-29 12:12:59', -1),
(11, 37, 1, 3, '2017-10-29', NULL, '2017-10-29 12:12:59', -1),
(12, 38, 1, 3, '2017-10-29', NULL, '2017-10-29 12:12:59', -1),
(13, 39, 1, 3, '2017-10-29', NULL, '2017-10-29 12:12:59', -1),
(14, 40, 1, 3, '2017-10-29', NULL, '2017-10-29 12:12:59', -1),
(15, 41, 1, 3, '2017-10-29', NULL, '2017-10-29 12:12:59', -1),
(16, 42, 1, 3, '2017-10-29', NULL, '2017-10-29 12:12:59', -1),
(17, 43, 1, 3, '2017-10-29', NULL, '2017-10-29 12:12:59', -1),
(18, 44, 1, 3, '2017-10-29', NULL, '2017-10-29 12:12:59', -1),
(19, 45, 1, 3, '2017-10-29', NULL, '2017-10-29 12:12:59', -1),
(20, 46, 1, 3, '2017-10-29', NULL, '2017-10-29 12:12:59', -1),
(21, 47, 1, 3, '2017-10-29', NULL, '2017-10-29 12:12:59', -1),
(22, 48, 1, 3, '2017-10-29', NULL, '2017-10-29 12:12:59', -1),
(23, 49, 1, 3, '2017-10-29', NULL, '2017-10-29 12:12:59', -1),
(24, 50, 1, 3, '2017-10-29', NULL, '2017-10-29 12:12:59', -1),
(25, 51, 1, 3, '2017-10-29', NULL, '2017-10-29 12:12:59', -1),
(26, 52, 1, 3, '2017-10-29', NULL, '2017-10-29 12:12:59', -1),
(27, 53, 1, 3, '2017-10-29', NULL, '2017-10-29 12:12:59', -1),
(28, 54, 1, 3, '2017-10-29', NULL, '2017-10-29 12:12:59', -1),
(29, 55, 1, 3, '2017-10-29', NULL, '2017-10-29 12:12:59', -1),
(30, 56, 1, 3, '2017-10-29', NULL, '2017-10-29 12:12:59', -1),
(31, 57, 2, 3, '2017-10-29', NULL, '2017-10-29 12:12:59', -1),
(32, 58, 2, 3, '2017-10-29', NULL, '2017-10-29 12:12:59', -1),
(33, 59, 2, 3, '2017-10-29', NULL, '2017-10-29 12:12:59', -1),
(34, 60, 2, 3, '2017-10-29', NULL, '2017-10-29 12:12:59', -1),
(35, 61, 2, 3, '2017-10-29', NULL, '2017-10-29 12:12:59', -1),
(36, 62, 2, 3, '2017-10-29', NULL, '2017-10-29 12:12:59', -1),
(37, 63, 2, 3, '2017-10-29', NULL, '2017-10-29 12:12:59', -1),
(38, 64, 2, 3, '2017-10-29', NULL, '2017-10-29 12:12:59', -1),
(39, 65, 2, 3, '2017-10-29', NULL, '2017-10-29 12:12:59', -1),
(40, 66, 2, 3, '2017-10-29', NULL, '2017-10-29 12:12:59', -1),
(41, 67, 2, 3, '2017-10-29', NULL, '2017-10-29 12:12:59', -1),
(42, 68, 2, 3, '2017-10-29', NULL, '2017-10-29 12:12:59', -1),
(43, 69, 2, 3, '2017-10-29', NULL, '2017-10-29 12:12:59', -1),
(44, 70, 2, 3, '2017-10-29', NULL, '2017-10-29 12:12:59', -1),
(45, 71, 2, 3, '2017-10-29', NULL, '2017-10-29 12:12:59', -1),
(46, 72, 2, 3, '2017-10-29', NULL, '2017-10-29 12:12:59', -1),
(47, 73, 2, 3, '2017-10-29', NULL, '2017-10-29 12:12:59', -1),
(48, 74, 2, 3, '2017-10-29', NULL, '2017-10-29 12:12:59', -1),
(49, 75, 2, 3, '2017-10-29', NULL, '2017-10-29 12:12:59', -1),
(50, 76, 2, 3, '2017-10-29', NULL, '2017-10-29 12:12:59', -1),
(51, 77, 2, 3, '2017-10-29', NULL, '2017-10-29 12:12:59', -1),
(52, 78, 2, 3, '2017-10-29', NULL, '2017-10-29 12:12:59', -1),
(53, 79, 2, 3, '2017-10-29', NULL, '2017-10-29 12:12:59', -1),
(54, 80, 2, 3, '2017-10-29', NULL, '2017-10-29 12:12:59', -1),
(55, 81, 2, 3, '2017-10-29', NULL, '2017-10-29 12:12:59', -1),
(56, 82, 2, 3, '2017-10-29', NULL, '2017-10-29 12:12:59', -1),
(57, 83, 2, 3, '2017-10-29', NULL, '2017-10-29 12:12:59', -1),
(58, 84, 2, 3, '2017-10-29', NULL, '2017-10-29 12:12:59', -1),
(59, 85, 3, 4, '2017-10-29', NULL, '2017-10-29 12:12:59', -1),
(60, 86, 3, 4, '2017-10-29', NULL, '2017-10-29 12:12:59', -1),
(61, 87, 3, 4, '2017-10-29', NULL, '2017-10-29 12:12:59', -1),
(62, 88, 3, 4, '2017-10-29', NULL, '2017-10-29 12:12:59', -1),
(63, 89, 3, 4, '2017-10-29', NULL, '2017-10-29 12:12:59', -1),
(64, 90, 3, 4, '2017-10-29', NULL, '2017-10-29 12:12:59', -1),
(65, 91, 3, 4, '2017-10-29', NULL, '2017-10-29 12:12:59', -1),
(66, 92, 3, 4, '2017-10-29', NULL, '2017-10-29 12:12:59', -1),
(67, 93, 3, 4, '2017-10-29', NULL, '2017-10-29 12:12:59', -1),
(68, 94, 3, 4, '2017-10-29', NULL, '2017-10-29 12:12:59', -1),
(69, 95, 3, 4, '2017-10-29', NULL, '2017-10-29 12:12:59', -1),
(70, 96, 3, 4, '2017-10-29', NULL, '2017-10-29 12:12:59', -1),
(71, 97, 3, 4, '2017-10-29', NULL, '2017-10-29 12:12:59', -1),
(72, 98, 3, 4, '2017-10-29', NULL, '2017-10-29 12:12:59', -1),
(73, 99, 3, 4, '2017-10-29', NULL, '2017-10-29 12:12:59', -1),
(74, 100, 3, 4, '2017-10-29', NULL, '2017-10-29 12:12:59', -1),
(75, 101, 3, 4, '2017-10-29', NULL, '2017-10-29 12:12:59', -1),
(76, 102, 3, 4, '2017-10-29', NULL, '2017-10-29 12:12:59', -1),
(77, 103, 3, 4, '2017-10-29', NULL, '2017-10-29 12:12:59', -1),
(78, 104, 3, 4, '2017-10-29', NULL, '2017-10-29 12:12:59', -1),
(79, 105, 3, 4, '2017-10-29', NULL, '2017-10-29 12:12:59', -1),
(80, 106, 3, 4, '2017-10-29', NULL, '2017-10-29 12:12:59', -1),
(81, 107, 3, 4, '2017-10-29', NULL, '2017-10-29 12:12:59', -1),
(82, 108, 3, 4, '2017-10-29', NULL, '2017-10-29 12:12:59', -1),
(83, 109, 3, 4, '2017-10-29', NULL, '2017-10-29 12:12:59', -1),
(84, 110, 3, 4, '2017-10-29', NULL, '2017-10-29 12:12:59', -1),
(85, 111, 3, 4, '2017-10-29', NULL, '2017-10-29 12:12:59', -1),
(86, 112, 3, 4, '2017-10-29', NULL, '2017-10-29 12:12:59', -1),
(87, 113, 3, 4, '2017-10-29', NULL, '2017-10-29 12:12:59', -1),
(88, 114, 4, 4, '2017-10-29', NULL, '2017-10-29 12:12:59', -1),
(89, 115, 4, 4, '2017-10-29', NULL, '2017-10-29 12:12:59', -1),
(90, 116, 4, 4, '2017-10-29', NULL, '2017-10-29 12:12:59', -1),
(91, 117, 4, 4, '2017-10-29', NULL, '2017-10-29 12:12:59', -1),
(92, 118, 4, 4, '2017-10-29', NULL, '2017-10-29 12:12:59', -1),
(93, 119, 4, 4, '2017-10-29', NULL, '2017-10-29 12:12:59', -1),
(94, 120, 4, 4, '2017-10-29', NULL, '2017-10-29 12:12:59', -1),
(95, 121, 4, 4, '2017-10-29', NULL, '2017-10-29 12:12:59', -1),
(96, 122, 4, 4, '2017-10-29', NULL, '2017-10-29 12:12:59', -1),
(97, 123, 4, 4, '2017-10-29', NULL, '2017-10-29 12:12:59', -1),
(98, 124, 4, 4, '2017-10-29', NULL, '2017-10-29 12:12:59', -1),
(99, 125, 4, 4, '2017-10-29', NULL, '2017-10-29 12:12:59', -1),
(100, 126, 4, 4, '2017-10-29', NULL, '2017-10-29 12:12:59', -1),
(101, 127, 4, 4, '2017-10-29', NULL, '2017-10-29 12:12:59', -1),
(102, 128, 4, 4, '2017-10-29', NULL, '2017-10-29 12:12:59', -1),
(103, 129, 4, 4, '2017-10-29', NULL, '2017-10-29 12:12:59', -1),
(104, 130, 4, 4, '2017-10-29', NULL, '2017-10-29 12:12:59', -1),
(105, 131, 4, 4, '2017-10-29', NULL, '2017-10-29 12:12:59', -1),
(106, 132, 4, 4, '2017-10-29', NULL, '2017-10-29 12:12:59', -1),
(107, 133, 4, 4, '2017-10-29', NULL, '2017-10-29 12:12:59', -1),
(108, 134, 4, 4, '2017-10-29', NULL, '2017-10-29 12:12:59', -1),
(109, 135, 4, 4, '2017-10-29', NULL, '2017-10-29 12:12:59', -1),
(110, 136, 4, 4, '2017-10-29', NULL, '2017-10-29 12:12:59', -1),
(111, 137, 4, 4, '2017-10-29', NULL, '2017-10-29 12:12:59', -1),
(112, 138, 4, 4, '2017-10-29', NULL, '2017-10-29 12:12:59', -1),
(113, 139, 4, 4, '2017-10-29', NULL, '2017-10-29 12:12:59', -1),
(114, 140, 4, 4, '2017-10-29', NULL, '2017-10-29 12:12:59', -1),
(115, 141, 4, 4, '2017-10-29', NULL, '2017-10-29 12:12:59', -1),
(116, 142, 4, 4, '2017-10-29', NULL, '2017-10-29 12:12:59', -1),
(117, 143, 4, 4, '2017-10-29', NULL, '2017-10-29 12:12:59', -1),
(118, 144, 5, 5, '2017-10-29', NULL, '2017-10-29 12:12:59', -1),
(119, 145, 5, 5, '2017-10-29', NULL, '2017-10-29 12:12:59', -1),
(120, 146, 5, 5, '2017-10-29', NULL, '2017-10-29 12:12:59', -1),
(121, 147, 5, 5, '2017-10-29', NULL, '2017-10-29 12:12:59', -1),
(122, 148, 5, 5, '2017-10-29', NULL, '2017-10-29 12:12:59', -1),
(123, 149, 5, 5, '2017-10-29', NULL, '2017-10-29 12:12:59', -1),
(124, 150, 5, 5, '2017-10-29', NULL, '2017-10-29 12:12:59', -1),
(125, 151, 5, 5, '2017-10-29', NULL, '2017-10-29 12:12:59', -1),
(126, 152, 5, 5, '2017-10-29', NULL, '2017-10-29 12:12:59', -1),
(127, 153, 5, 5, '2017-10-29', NULL, '2017-10-29 12:12:59', -1),
(128, 154, 5, 5, '2017-10-29', NULL, '2017-10-29 12:12:59', -1),
(129, 155, 5, 5, '2017-10-29', NULL, '2017-10-29 12:12:59', -1),
(130, 156, 5, 5, '2017-10-29', NULL, '2017-10-29 12:12:59', -1),
(131, 157, 5, 5, '2017-10-29', NULL, '2017-10-29 12:12:59', -1),
(132, 158, 5, 5, '2017-10-29', NULL, '2017-10-29 12:12:59', -1),
(133, 159, 5, 5, '2017-10-29', NULL, '2017-10-29 12:12:59', -1),
(134, 160, 5, 5, '2017-10-29', NULL, '2017-10-29 12:12:59', -1),
(135, 161, 5, 5, '2017-10-29', NULL, '2017-10-29 12:12:59', -1),
(136, 162, 5, 5, '2017-10-29', NULL, '2017-10-29 12:12:59', -1),
(137, 163, 5, 5, '2017-10-29', NULL, '2017-10-29 12:12:59', -1),
(138, 164, 5, 5, '2017-10-29', NULL, '2017-10-29 12:12:59', -1),
(139, 165, 5, 5, '2017-10-29', NULL, '2017-10-29 12:12:59', -1),
(140, 166, 5, 5, '2017-10-29', NULL, '2017-10-29 12:12:59', -1),
(141, 167, 5, 5, '2017-10-29', NULL, '2017-10-29 12:12:59', -1),
(142, 168, 5, 5, '2017-10-29', NULL, '2017-10-29 12:12:59', -1),
(143, 169, 5, 5, '2017-10-29', NULL, '2017-10-29 12:12:59', -1),
(144, 170, 5, 5, '2017-10-29', NULL, '2017-10-29 12:12:59', -1),
(145, 171, 5, 5, '2017-10-29', NULL, '2017-10-29 12:12:59', -1),
(146, 172, 5, 5, '2017-10-29', NULL, '2017-10-29 12:12:59', -1),
(147, 173, 6, 5, '2017-10-29', NULL, '2017-10-29 12:12:59', -1),
(148, 174, 6, 5, '2017-10-29', NULL, '2017-10-29 12:12:59', -1),
(149, 175, 6, 5, '2017-10-29', NULL, '2017-10-29 12:12:59', -1),
(150, 176, 6, 5, '2017-10-29', NULL, '2017-10-29 12:12:59', -1),
(151, 177, 6, 5, '2017-10-29', NULL, '2017-10-29 12:12:59', -1),
(152, 178, 6, 5, '2017-10-29', NULL, '2017-10-29 12:12:59', -1),
(153, 179, 6, 5, '2017-10-29', NULL, '2017-10-29 12:12:59', -1),
(154, 180, 6, 5, '2017-10-29', NULL, '2017-10-29 12:12:59', -1),
(155, 181, 6, 5, '2017-10-29', NULL, '2017-10-29 12:12:59', -1),
(156, 182, 6, 5, '2017-10-29', NULL, '2017-10-29 12:12:59', -1),
(157, 183, 6, 5, '2017-10-29', NULL, '2017-10-29 12:12:59', -1),
(158, 184, 6, 5, '2017-10-29', NULL, '2017-10-29 12:12:59', -1),
(159, 185, 6, 5, '2017-10-29', NULL, '2017-10-29 12:12:59', -1),
(160, 186, 6, 5, '2017-10-29', NULL, '2017-10-29 12:12:59', -1),
(161, 187, 6, 5, '2017-10-29', NULL, '2017-10-29 12:12:59', -1),
(162, 188, 6, 5, '2017-10-29', NULL, '2017-10-29 12:12:59', -1),
(163, 189, 6, 5, '2017-10-29', NULL, '2017-10-29 12:12:59', -1),
(164, 190, 6, 5, '2017-10-29', NULL, '2017-10-29 12:13:00', -1),
(165, 191, 6, 5, '2017-10-29', NULL, '2017-10-29 12:13:00', -1),
(166, 192, 6, 5, '2017-10-29', NULL, '2017-10-29 12:13:00', -1),
(167, 193, 6, 5, '2017-10-29', NULL, '2017-10-29 12:13:00', -1),
(168, 194, 6, 5, '2017-10-29', NULL, '2017-10-29 12:13:00', -1),
(169, 195, 6, 5, '2017-10-29', NULL, '2017-10-29 12:13:00', -1),
(170, 196, 6, 5, '2017-10-29', NULL, '2017-10-29 12:13:00', -1),
(171, 197, 6, 5, '2017-10-29', NULL, '2017-10-29 12:13:00', -1),
(172, 198, 6, 5, '2017-10-29', NULL, '2017-10-29 12:13:00', -1),
(173, 199, 6, 5, '2017-10-29', NULL, '2017-10-29 12:13:00', -1),
(174, 200, 6, 5, '2017-10-29', NULL, '2017-10-29 12:13:00', -1),
(175, 201, 6, 5, '2017-10-29', NULL, '2017-10-29 12:13:00', -1),
(176, 202, 7, 6, '2017-10-29', NULL, '2017-10-29 12:13:00', -1),
(177, 203, 7, 6, '2017-10-29', NULL, '2017-10-29 12:13:00', -1),
(178, 204, 7, 6, '2017-10-29', NULL, '2017-10-29 12:13:00', -1),
(179, 205, 7, 6, '2017-10-29', NULL, '2017-10-29 12:13:00', -1),
(180, 206, 7, 6, '2017-10-29', NULL, '2017-10-29 12:13:00', -1),
(181, 207, 7, 6, '2017-10-29', NULL, '2017-10-29 12:13:00', -1),
(182, 208, 7, 6, '2017-10-29', NULL, '2017-10-29 12:13:00', -1),
(183, 209, 7, 6, '2017-10-29', NULL, '2017-10-29 12:13:00', -1),
(184, 210, 7, 6, '2017-10-29', NULL, '2017-10-29 12:13:00', -1),
(185, 211, 7, 6, '2017-10-29', NULL, '2017-10-29 12:13:00', -1),
(186, 212, 7, 6, '2017-10-29', NULL, '2017-10-29 12:13:00', -1),
(187, 213, 7, 6, '2017-10-29', NULL, '2017-10-29 12:13:00', -1),
(188, 214, 7, 6, '2017-10-29', NULL, '2017-10-29 12:13:00', -1),
(189, 215, 7, 6, '2017-10-29', NULL, '2017-10-29 12:13:00', -1),
(190, 216, 7, 6, '2017-10-29', NULL, '2017-10-29 12:13:00', -1),
(191, 217, 7, 6, '2017-10-29', NULL, '2017-10-29 12:13:00', -1),
(192, 218, 7, 6, '2017-10-29', NULL, '2017-10-29 12:13:00', -1),
(193, 219, 7, 6, '2017-10-29', NULL, '2017-10-29 12:13:00', -1),
(194, 220, 7, 6, '2017-10-29', NULL, '2017-10-29 12:13:00', -1),
(195, 221, 7, 6, '2017-10-29', NULL, '2017-10-29 12:13:00', -1),
(196, 222, 7, 6, '2017-10-29', NULL, '2017-10-29 12:13:00', -1),
(197, 223, 7, 6, '2017-10-29', NULL, '2017-10-29 12:13:00', -1),
(198, 224, 7, 6, '2017-10-29', NULL, '2017-10-29 12:13:00', -1),
(199, 225, 7, 6, '2017-10-29', NULL, '2017-10-29 12:13:00', -1),
(200, 226, 7, 6, '2017-10-29', NULL, '2017-10-29 12:13:00', -1),
(201, 227, 7, 6, '2017-10-29', NULL, '2017-10-29 12:13:00', -1),
(202, 228, 7, 6, '2017-10-29', NULL, '2017-10-29 12:13:00', -1),
(203, 229, 7, 6, '2017-10-29', NULL, '2017-10-29 12:13:00', -1),
(204, 230, 7, 6, '2017-10-29', NULL, '2017-10-29 12:13:00', -1),
(205, 231, 8, 6, '2017-10-29', NULL, '2017-10-29 12:13:00', -1),
(206, 232, 8, 6, '2017-10-29', NULL, '2017-10-29 12:13:00', -1),
(207, 233, 8, 6, '2017-10-29', NULL, '2017-10-29 12:13:00', -1),
(208, 234, 8, 6, '2017-10-29', NULL, '2017-10-29 12:13:00', -1),
(209, 235, 8, 6, '2017-10-29', NULL, '2017-10-29 12:13:00', -1),
(210, 236, 8, 6, '2017-10-29', NULL, '2017-10-29 12:13:00', -1),
(211, 237, 8, 6, '2017-10-29', NULL, '2017-10-29 12:13:00', -1),
(212, 238, 8, 6, '2017-10-29', NULL, '2017-10-29 12:13:00', -1),
(213, 239, 8, 6, '2017-10-29', NULL, '2017-10-29 12:13:00', -1),
(214, 240, 8, 6, '2017-10-29', NULL, '2017-10-29 12:13:00', -1),
(215, 241, 8, 6, '2017-10-29', NULL, '2017-10-29 12:13:00', -1),
(216, 242, 8, 6, '2017-10-29', NULL, '2017-10-29 12:13:00', -1),
(217, 243, 8, 6, '2017-10-29', NULL, '2017-10-29 12:13:00', -1),
(218, 244, 8, 6, '2017-10-29', NULL, '2017-10-29 12:13:00', -1),
(219, 245, 8, 6, '2017-10-29', NULL, '2017-10-29 12:13:00', -1),
(220, 246, 8, 6, '2017-10-29', NULL, '2017-10-29 12:13:00', -1),
(221, 247, 8, 6, '2017-10-29', NULL, '2017-10-29 12:13:00', -1),
(222, 248, 8, 6, '2017-10-29', NULL, '2017-10-29 12:13:00', -1),
(223, 249, 8, 6, '2017-10-29', NULL, '2017-10-29 12:13:00', -1),
(224, 250, 8, 6, '2017-10-29', NULL, '2017-10-29 12:13:00', -1),
(225, 251, 8, 6, '2017-10-29', NULL, '2017-10-29 12:13:00', -1),
(226, 252, 8, 6, '2017-10-29', NULL, '2017-10-29 12:13:00', -1),
(227, 253, 8, 6, '2017-10-29', NULL, '2017-10-29 12:13:00', -1),
(228, 254, 8, 6, '2017-10-29', NULL, '2017-10-29 12:13:00', -1),
(229, 255, 8, 6, '2017-10-29', NULL, '2017-10-29 12:13:00', -1),
(230, 256, 8, 6, '2017-10-29', NULL, '2017-10-29 12:13:00', -1),
(231, 257, 8, 6, '2017-10-29', NULL, '2017-10-29 12:13:00', -1),
(232, 258, 8, 6, '2017-10-29', NULL, '2017-10-29 12:13:00', -1),
(233, 259, 9, 7, '2017-10-29', NULL, '2017-10-29 12:13:00', -1),
(234, 260, 9, 7, '2017-10-29', NULL, '2017-10-29 12:13:00', -1),
(235, 261, 9, 7, '2017-10-29', NULL, '2017-10-29 12:13:00', -1),
(236, 262, 9, 7, '2017-10-29', NULL, '2017-10-29 12:13:00', -1),
(237, 263, 9, 7, '2017-10-29', NULL, '2017-10-29 12:13:00', -1),
(238, 264, 9, 7, '2017-10-29', NULL, '2017-10-29 12:13:00', -1),
(239, 265, 9, 7, '2017-10-29', NULL, '2017-10-29 12:13:00', -1),
(240, 266, 9, 7, '2017-10-29', NULL, '2017-10-29 12:13:00', -1),
(241, 267, 9, 7, '2017-10-29', NULL, '2017-10-29 12:13:00', -1),
(242, 268, 9, 7, '2017-10-29', NULL, '2017-10-29 12:13:00', -1),
(243, 269, 9, 7, '2017-10-29', NULL, '2017-10-29 12:13:00', -1),
(244, 270, 9, 7, '2017-10-29', NULL, '2017-10-29 12:13:00', -1),
(245, 271, 9, 7, '2017-10-29', NULL, '2017-10-29 12:13:00', -1),
(246, 272, 9, 7, '2017-10-29', NULL, '2017-10-29 12:13:00', -1),
(247, 273, 9, 7, '2017-10-29', NULL, '2017-10-29 12:13:00', -1),
(248, 274, 9, 7, '2017-10-29', NULL, '2017-10-29 12:13:00', -1),
(249, 275, 9, 7, '2017-10-29', NULL, '2017-10-29 12:13:00', -1),
(250, 276, 9, 7, '2017-10-29', NULL, '2017-10-29 12:13:00', -1),
(251, 277, 9, 7, '2017-10-29', NULL, '2017-10-29 12:13:00', -1),
(252, 278, 9, 7, '2017-10-29', NULL, '2017-10-29 12:13:00', -1),
(253, 279, 9, 7, '2017-10-29', NULL, '2017-10-29 12:13:00', -1),
(254, 280, 9, 7, '2017-10-29', NULL, '2017-10-29 12:13:00', -1),
(255, 281, 9, 7, '2017-10-29', NULL, '2017-10-29 12:13:00', -1),
(256, 282, 9, 7, '2017-10-29', NULL, '2017-10-29 12:13:00', -1),
(257, 283, 9, 7, '2017-10-29', NULL, '2017-10-29 12:13:00', -1),
(258, 284, 9, 7, '2017-10-29', NULL, '2017-10-29 12:13:00', -1),
(259, 285, 9, 7, '2017-10-29', NULL, '2017-10-29 12:13:00', -1),
(260, 286, 9, 7, '2017-10-29', NULL, '2017-10-29 12:13:00', -1),
(261, 287, 9, 7, '2017-10-29', NULL, '2017-10-29 12:13:00', -1),
(262, 288, 10, 7, '2017-10-29', NULL, '2017-10-29 12:13:00', -1),
(263, 289, 10, 7, '2017-10-29', NULL, '2017-10-29 12:13:00', -1),
(264, 290, 10, 7, '2017-10-29', NULL, '2017-10-29 12:13:00', -1),
(265, 291, 10, 7, '2017-10-29', NULL, '2017-10-29 12:13:00', -1),
(266, 292, 10, 7, '2017-10-29', NULL, '2017-10-29 12:13:00', -1),
(267, 293, 10, 7, '2017-10-29', NULL, '2017-10-29 12:13:00', -1),
(268, 294, 10, 7, '2017-10-29', NULL, '2017-10-29 12:13:00', -1),
(269, 295, 10, 7, '2017-10-29', NULL, '2017-10-29 12:13:00', -1),
(270, 296, 10, 7, '2017-10-29', NULL, '2017-10-29 12:13:00', -1),
(271, 297, 10, 7, '2017-10-29', NULL, '2017-10-29 12:13:00', -1),
(272, 298, 10, 7, '2017-10-29', NULL, '2017-10-29 12:13:00', -1),
(273, 299, 10, 7, '2017-10-29', NULL, '2017-10-29 12:13:00', -1),
(274, 300, 10, 7, '2017-10-29', NULL, '2017-10-29 12:13:00', -1),
(275, 301, 10, 7, '2017-10-29', NULL, '2017-10-29 12:13:00', -1),
(276, 302, 10, 7, '2017-10-29', NULL, '2017-10-29 12:13:00', -1),
(277, 303, 10, 7, '2017-10-29', NULL, '2017-10-29 12:13:00', -1),
(278, 304, 10, 7, '2017-10-29', NULL, '2017-10-29 12:13:00', -1),
(279, 305, 10, 7, '2017-10-29', NULL, '2017-10-29 12:13:00', -1),
(280, 306, 10, 7, '2017-10-29', NULL, '2017-10-29 12:13:00', -1),
(281, 307, 10, 7, '2017-10-29', NULL, '2017-10-29 12:13:00', -1),
(282, 308, 10, 7, '2017-10-29', NULL, '2017-10-29 12:13:00', -1),
(283, 309, 10, 7, '2017-10-29', NULL, '2017-10-29 12:13:00', -1),
(284, 310, 10, 7, '2017-10-29', NULL, '2017-10-29 12:13:00', -1),
(285, 311, 10, 7, '2017-10-29', NULL, '2017-10-29 12:13:00', -1),
(286, 312, 10, 7, '2017-10-29', NULL, '2017-10-29 12:13:00', -1),
(287, 313, 11, 8, '2017-10-29', NULL, '2017-10-29 12:13:00', -1),
(288, 314, 11, 8, '2017-10-29', NULL, '2017-10-29 12:13:00', -1),
(289, 315, 11, 8, '2017-10-29', NULL, '2017-10-29 12:13:00', -1),
(290, 316, 11, 8, '2017-10-29', NULL, '2017-10-29 12:13:00', -1),
(291, 317, 11, 8, '2017-10-29', NULL, '2017-10-29 12:13:00', -1),
(292, 318, 11, 8, '2017-10-29', NULL, '2017-10-29 12:13:00', -1),
(293, 319, 11, 8, '2017-10-29', NULL, '2017-10-29 12:13:00', -1),
(294, 320, 11, 8, '2017-10-29', NULL, '2017-10-29 12:13:00', -1),
(295, 321, 11, 8, '2017-10-29', NULL, '2017-10-29 12:13:00', -1),
(296, 322, 11, 8, '2017-10-29', NULL, '2017-10-29 12:13:00', -1),
(297, 323, 11, 8, '2017-10-29', NULL, '2017-10-29 12:13:00', -1),
(298, 324, 11, 8, '2017-10-29', NULL, '2017-10-29 12:13:00', -1),
(299, 325, 11, 8, '2017-10-29', NULL, '2017-10-29 12:13:00', -1),
(300, 326, 11, 8, '2017-10-29', NULL, '2017-10-29 12:13:00', -1),
(301, 327, 11, 8, '2017-10-29', NULL, '2017-10-29 12:13:00', -1),
(302, 328, 11, 8, '2017-10-29', NULL, '2017-10-29 12:13:00', -1),
(303, 329, 11, 8, '2017-10-29', NULL, '2017-10-29 12:13:00', -1),
(304, 330, 11, 8, '2017-10-29', NULL, '2017-10-29 12:13:00', -1),
(305, 331, 11, 8, '2017-10-29', NULL, '2017-10-29 12:13:00', -1),
(306, 332, 11, 8, '2017-10-29', NULL, '2017-10-29 12:13:00', -1),
(307, 333, 11, 8, '2017-10-29', NULL, '2017-10-29 12:13:00', -1),
(308, 334, 11, 8, '2017-10-29', NULL, '2017-10-29 12:13:00', -1),
(309, 335, 11, 8, '2017-10-29', NULL, '2017-10-29 12:13:00', -1),
(310, 336, 11, 8, '2017-10-29', NULL, '2017-10-29 12:13:00', -1),
(311, 337, 11, 8, '2017-10-29', NULL, '2017-10-29 12:13:00', -1),
(312, 338, 11, 8, '2017-10-29', NULL, '2017-10-29 12:13:00', -1),
(313, 339, 11, 8, '2017-10-29', NULL, '2017-10-29 12:13:00', -1),
(314, 340, 11, 8, '2017-10-29', NULL, '2017-10-29 12:13:00', -1),
(315, 341, 11, 8, '2017-10-29', NULL, '2017-10-29 12:13:00', -1),
(316, 342, 12, 1, '2017-10-29', NULL, '2017-10-29 12:13:00', -1),
(317, 343, 12, 1, '2017-10-29', NULL, '2017-10-29 12:13:00', -1),
(318, 344, 12, 1, '2017-10-29', NULL, '2017-10-29 12:13:00', -1),
(319, 345, 12, 1, '2017-10-29', NULL, '2017-10-29 12:13:00', -1),
(320, 346, 12, 1, '2017-10-29', NULL, '2017-10-29 12:13:00', -1),
(321, 347, 12, 1, '2017-10-29', NULL, '2017-10-29 12:13:00', -1),
(322, 348, 12, 1, '2017-10-29', NULL, '2017-10-29 12:13:00', -1),
(323, 349, 12, 1, '2017-10-29', NULL, '2017-10-29 12:13:00', -1),
(324, 350, 12, 1, '2017-10-29', NULL, '2017-10-29 12:13:00', -1),
(325, 351, 12, 1, '2017-10-29', NULL, '2017-10-29 12:13:00', -1),
(326, 352, 12, 1, '2017-10-29', NULL, '2017-10-29 12:13:00', -1),
(327, 353, 12, 1, '2017-10-29', NULL, '2017-10-29 12:13:00', -1),
(328, 354, 12, 1, '2017-10-29', NULL, '2017-10-29 12:13:00', -1),
(329, 355, 12, 1, '2017-10-29', NULL, '2017-10-29 12:13:00', -1),
(330, 356, 12, 1, '2017-10-29', NULL, '2017-10-29 12:13:00', -1),
(331, 357, 12, 1, '2017-10-29', NULL, '2017-10-29 12:13:00', -1),
(332, 358, 12, 1, '2017-10-29', NULL, '2017-10-29 12:13:00', -1),
(333, 359, 12, 1, '2017-10-29', NULL, '2017-10-29 12:13:00', -1),
(334, 360, 12, 1, '2017-10-29', NULL, '2017-10-29 12:13:00', -1),
(335, 361, 12, 1, '2017-10-29', NULL, '2017-10-29 12:13:00', -1),
(336, 362, 12, 1, '2017-10-29', NULL, '2017-10-29 12:13:00', -1),
(337, 363, 12, 1, '2017-10-29', NULL, '2017-10-29 12:13:00', -1),
(338, 364, 12, 1, '2017-10-29', NULL, '2017-10-29 12:13:00', -1),
(339, 365, 12, 1, '2017-10-29', NULL, '2017-10-29 12:13:00', -1),
(340, 366, 12, 1, '2017-10-29', NULL, '2017-10-29 12:13:00', -1),
(341, 367, 12, 1, '2017-10-29', NULL, '2017-10-29 12:13:00', -1),
(342, 368, 12, 1, '2017-10-29', NULL, '2017-10-29 12:13:00', -1),
(343, 369, 13, 1, '2017-10-29', NULL, '2017-10-29 12:13:00', -1),
(344, 370, 13, 1, '2017-10-29', NULL, '2017-10-29 12:13:00', -1),
(345, 371, 13, 1, '2017-10-29', NULL, '2017-10-29 12:13:00', -1),
(346, 372, 13, 1, '2017-10-29', NULL, '2017-10-29 12:13:00', -1),
(347, 373, 13, 1, '2017-10-29', NULL, '2017-10-29 12:13:00', -1),
(348, 374, 13, 1, '2017-10-29', NULL, '2017-10-29 12:13:00', -1),
(349, 375, 13, 1, '2017-10-29', NULL, '2017-10-29 12:13:00', -1),
(350, 376, 13, 1, '2017-10-29', NULL, '2017-10-29 12:13:00', -1),
(351, 377, 13, 1, '2017-10-29', NULL, '2017-10-29 12:13:00', -1),
(352, 378, 13, 1, '2017-10-29', NULL, '2017-10-29 12:13:00', -1),
(353, 379, 13, 1, '2017-10-29', NULL, '2017-10-29 12:13:00', -1),
(354, 380, 13, 1, '2017-10-29', NULL, '2017-10-29 12:13:00', -1),
(355, 381, 13, 1, '2017-10-29', NULL, '2017-10-29 12:13:00', -1),
(356, 382, 13, 1, '2017-10-29', NULL, '2017-10-29 12:13:00', -1),
(357, 383, 13, 1, '2017-10-29', NULL, '2017-10-29 12:13:00', -1),
(358, 384, 13, 1, '2017-10-29', NULL, '2017-10-29 12:13:00', -1),
(359, 385, 13, 1, '2017-10-29', NULL, '2017-10-29 12:13:00', -1),
(360, 386, 13, 1, '2017-10-29', NULL, '2017-10-29 12:13:00', -1),
(361, 387, 13, 1, '2017-10-29', NULL, '2017-10-29 12:13:00', -1),
(362, 388, 13, 1, '2017-10-29', NULL, '2017-10-29 12:13:00', -1),
(363, 389, 13, 1, '2017-10-29', NULL, '2017-10-29 12:13:00', -1),
(364, 390, 13, 1, '2017-10-29', NULL, '2017-10-29 12:13:00', -1),
(365, 391, 13, 1, '2017-10-29', NULL, '2017-10-29 12:13:00', -1),
(366, 392, 13, 1, '2017-10-29', NULL, '2017-10-29 12:13:00', -1),
(367, 393, 13, 1, '2017-10-29', NULL, '2017-10-29 12:13:00', -1),
(368, 394, 13, 1, '2017-10-29', NULL, '2017-10-29 12:13:00', -1),
(369, 395, 13, 1, '2017-10-29', NULL, '2017-10-29 12:13:00', -1),
(370, 396, 13, 1, '2017-10-29', NULL, '2017-10-29 12:13:00', -1),
(371, 397, 14, 2, '2017-10-29', NULL, '2017-10-29 12:13:00', -1),
(372, 398, 14, 2, '2017-10-29', NULL, '2017-10-29 12:13:00', -1),
(373, 399, 14, 2, '2017-10-29', NULL, '2017-10-29 12:13:00', -1),
(374, 400, 14, 2, '2017-10-29', NULL, '2017-10-29 12:13:00', -1),
(375, 401, 14, 2, '2017-10-29', NULL, '2017-10-29 12:13:00', -1),
(376, 402, 14, 2, '2017-10-29', NULL, '2017-10-29 12:13:00', -1),
(377, 403, 14, 2, '2017-10-29', NULL, '2017-10-29 12:13:00', -1),
(378, 404, 14, 2, '2017-10-29', NULL, '2017-10-29 12:13:00', -1),
(379, 405, 14, 2, '2017-10-29', NULL, '2017-10-29 12:13:00', -1),
(380, 406, 14, 2, '2017-10-29', NULL, '2017-10-29 12:13:00', -1),
(381, 407, 14, 2, '2017-10-29', NULL, '2017-10-29 12:13:00', -1),
(382, 408, 14, 2, '2017-10-29', NULL, '2017-10-29 12:13:00', -1),
(383, 409, 14, 2, '2017-10-29', NULL, '2017-10-29 12:13:00', -1),
(384, 410, 14, 2, '2017-10-29', NULL, '2017-10-29 12:13:00', -1),
(385, 411, 14, 2, '2017-10-29', NULL, '2017-10-29 12:13:00', -1),
(386, 412, 14, 2, '2017-10-29', NULL, '2017-10-29 12:13:00', -1),
(387, 413, 14, 2, '2017-10-29', NULL, '2017-10-29 12:13:00', -1),
(388, 414, 14, 2, '2017-10-29', NULL, '2017-10-29 12:13:00', -1),
(389, 415, 14, 2, '2017-10-29', NULL, '2017-10-29 12:13:00', -1),
(390, 416, 14, 2, '2017-10-29', NULL, '2017-10-29 12:13:00', -1),
(391, 417, 14, 2, '2017-10-29', NULL, '2017-10-29 12:13:00', -1),
(392, 418, 14, 2, '2017-10-29', NULL, '2017-10-29 12:13:00', -1),
(393, 419, 14, 2, '2017-10-29', NULL, '2017-10-29 12:13:00', -1),
(394, 420, 14, 2, '2017-10-29', NULL, '2017-10-29 12:13:00', -1),
(395, 421, 14, 2, '2017-10-29', NULL, '2017-10-29 12:13:00', -1),
(396, 422, 14, 2, '2017-10-29', NULL, '2017-10-29 12:13:00', -1),
(397, 423, 14, 2, '2017-10-29', NULL, '2017-10-29 12:13:00', -1),
(398, 424, 14, 2, '2017-10-29', NULL, '2017-10-29 12:13:00', -1),
(399, 425, 15, 2, '2017-10-29', NULL, '2017-10-29 12:13:00', -1),
(400, 426, 15, 2, '2017-10-29', NULL, '2017-10-29 12:13:00', -1),
(401, 427, 15, 2, '2017-10-29', NULL, '2017-10-29 12:13:00', -1),
(402, 428, 15, 2, '2017-10-29', NULL, '2017-10-29 12:13:00', -1),
(403, 429, 15, 2, '2017-10-29', NULL, '2017-10-29 12:13:00', -1),
(404, 430, 15, 2, '2017-10-29', NULL, '2017-10-29 12:13:00', -1),
(405, 431, 15, 2, '2017-10-29', NULL, '2017-10-29 12:13:00', -1),
(406, 432, 15, 2, '2017-10-29', NULL, '2017-10-29 12:13:00', -1),
(407, 433, 15, 2, '2017-10-29', NULL, '2017-10-29 12:13:00', -1),
(408, 434, 15, 2, '2017-10-29', NULL, '2017-10-29 12:13:00', -1),
(409, 435, 15, 2, '2017-10-29', NULL, '2017-10-29 12:13:00', -1),
(410, 436, 15, 2, '2017-10-29', NULL, '2017-10-29 12:13:00', -1),
(411, 437, 15, 2, '2017-10-29', NULL, '2017-10-29 12:13:00', -1),
(412, 438, 15, 2, '2017-10-29', NULL, '2017-10-29 12:13:00', -1),
(413, 439, 15, 2, '2017-10-29', NULL, '2017-10-29 12:13:00', -1),
(414, 440, 15, 2, '2017-10-29', NULL, '2017-10-29 12:13:00', -1),
(415, 441, 15, 2, '2017-10-29', NULL, '2017-10-29 12:13:00', -1),
(416, 442, 15, 2, '2017-10-29', NULL, '2017-10-29 12:13:00', -1),
(417, 443, 15, 2, '2017-10-29', NULL, '2017-10-29 12:13:00', -1),
(418, 444, 15, 2, '2017-10-29', NULL, '2017-10-29 12:13:00', -1),
(419, 445, 15, 2, '2017-10-29', NULL, '2017-10-29 12:13:00', -1),
(420, 446, 15, 2, '2017-10-29', NULL, '2017-10-29 12:13:00', -1),
(421, 447, 15, 2, '2017-10-29', NULL, '2017-10-29 12:13:00', -1),
(422, 448, 15, 2, '2017-10-29', NULL, '2017-10-29 12:13:00', -1),
(423, 449, 15, 2, '2017-10-29', NULL, '2017-10-29 12:13:00', -1),
(424, 450, 15, 2, '2017-10-29', NULL, '2017-10-29 12:13:00', -1),
(425, 451, 15, 2, '2017-10-29', NULL, '2017-10-29 12:13:00', -1),
(426, 452, 16, 8, '2017-10-29', NULL, '2017-10-29 12:13:00', -1),
(427, 453, 16, 8, '2017-10-29', NULL, '2017-10-29 12:13:00', -1),
(428, 454, 16, 8, '2017-10-29', NULL, '2017-10-29 12:13:00', -1),
(429, 455, 16, 8, '2017-10-29', NULL, '2017-10-29 12:13:00', -1),
(430, 456, 16, 8, '2017-10-29', NULL, '2017-10-29 12:13:00', -1),
(431, 457, 16, 8, '2017-10-29', NULL, '2017-10-29 12:13:00', -1),
(432, 458, 16, 8, '2017-10-29', NULL, '2017-10-29 12:13:00', -1),
(433, 459, 16, 8, '2017-10-29', NULL, '2017-10-29 12:13:00', -1),
(434, 460, 16, 8, '2017-10-29', NULL, '2017-10-29 12:13:00', -1),
(435, 461, 16, 8, '2017-10-29', NULL, '2017-10-29 12:13:00', -1),
(436, 462, 16, 8, '2017-10-29', NULL, '2017-10-29 12:13:00', -1),
(437, 463, 16, 8, '2017-10-29', NULL, '2017-10-29 12:13:00', -1),
(438, 464, 16, 8, '2017-10-29', NULL, '2017-10-29 12:13:00', -1),
(439, 465, 16, 8, '2017-10-29', NULL, '2017-10-29 12:13:00', -1),
(440, 466, 16, 8, '2017-10-29', NULL, '2017-10-29 12:13:00', -1),
(441, 467, 16, 8, '2017-10-29', NULL, '2017-10-29 12:13:00', -1),
(442, 468, 16, 8, '2017-10-29', NULL, '2017-10-29 12:13:00', -1),
(443, 469, 16, 8, '2017-10-29', NULL, '2017-10-29 12:13:00', -1),
(444, 470, 16, 8, '2017-10-29', NULL, '2017-10-29 12:13:00', -1),
(445, 471, 16, 8, '2017-10-29', NULL, '2017-10-29 12:13:00', -1),
(446, 472, 16, 8, '2017-10-29', NULL, '2017-10-29 12:13:00', -1),
(447, 473, 16, 8, '2017-10-29', NULL, '2017-10-29 12:13:00', -1),
(448, 474, 16, 8, '2017-10-29', NULL, '2017-10-29 12:13:00', -1),
(449, 475, 16, 8, '2017-10-29', NULL, '2017-10-29 12:13:00', -1),
(450, 476, 16, 8, '2017-10-29', NULL, '2017-10-29 12:13:00', -1),
(451, 477, 16, 8, '2017-10-29', NULL, '2017-10-29 12:13:00', -1),
(452, 478, 16, 8, '2017-10-29', NULL, '2017-10-29 12:13:00', -1),
(453, 479, 16, 8, '2017-10-29', NULL, '2017-10-29 12:13:00', -1),
(454, 480, 16, 8, '2017-10-29', NULL, '2017-10-29 12:13:00', -1),
(455, 481, 16, 8, '2017-10-29', NULL, '2017-10-29 12:13:00', -1);

-- --------------------------------------------------------

--
-- Table structure for table `member_guardian`
--

CREATE TABLE `member_guardian` (
  `tbl_id` int(6) UNSIGNED NOT NULL,
  `id` int(10) UNSIGNED NOT NULL,
  `guardian_id` int(10) UNSIGNED NOT NULL,
  `guardian_begin` date NOT NULL,
  `guardian_end` date DEFAULT NULL,
  `is_default` tinyint(1) UNSIGNED NOT NULL DEFAULT '0',
  `updated` datetime NOT NULL,
  `updated_by` int(6) NOT NULL
) ENGINE=InnoDB DEFAULT CHARSET=latin1;

--
-- Dumping data for table `member_guardian`
--

INSERT INTO `member_guardian` (`tbl_id`, `id`, `guardian_id`, `guardian_begin`, `guardian_end`, `is_default`, `updated`, `updated_by`) VALUES
(1, 27, 693, '2017-10-29', NULL, 0, '2017-10-29 12:13:00', -1),
(2, 27, 623, '2017-10-29', NULL, 1, '2017-10-29 12:13:00', -1),
(3, 28, 704, '2017-10-29', NULL, 0, '2017-10-29 12:13:00', -1),
(4, 28, 814, '2017-10-29', NULL, 1, '2017-10-29 12:13:00', -1),
(5, 29, 705, '2017-10-29', NULL, 0, '2017-10-29 12:13:00', -1),
(6, 29, 815, '2017-10-29', NULL, 1, '2017-10-29 12:13:00', -1),
(7, 30, 709, '2017-10-29', NULL, 0, '2017-10-29 12:13:00', -1),
(8, 30, 710, '2017-10-29', NULL, 0, '2017-10-29 12:13:00', -1),
(9, 30, 816, '2017-10-29', NULL, 1, '2017-10-29 12:13:00', -1),
(10, 31, 668, '2017-10-29', NULL, 1, '2017-10-29 12:13:00', -1),
(11, 32, 713, '2017-10-29', NULL, 0, '2017-10-29 12:13:00', -1),
(12, 32, 817, '2017-10-29', NULL, 1, '2017-10-29 12:13:00', -1),
(13, 33, 714, '2017-10-29', NULL, 0, '2017-10-29 12:13:00', -1),
(14, 33, 818, '2017-10-29', NULL, 1, '2017-10-29 12:13:00', -1),
(15, 34, 716, '2017-10-29', NULL, 0, '2017-10-29 12:13:00', -1),
(16, 34, 819, '2017-10-29', NULL, 1, '2017-10-29 12:13:00', -1),
(17, 35, 720, '2017-10-29', NULL, 0, '2017-10-29 12:13:00', -1),
(18, 35, 820, '2017-10-29', NULL, 1, '2017-10-29 12:13:00', -1),
(19, 36, 722, '2017-10-29', NULL, 0, '2017-10-29 12:13:00', -1),
(20, 36, 821, '2017-10-29', NULL, 1, '2017-10-29 12:13:00', -1),
(21, 37, 822, '2017-10-29', NULL, 1, '2017-10-29 12:13:00', -1),
(22, 38, 823, '2017-10-29', NULL, 1, '2017-10-29 12:13:00', -1),
(23, 39, 727, '2017-10-29', NULL, 0, '2017-10-29 12:13:00', -1),
(24, 39, 647, '2017-10-29', NULL, 1, '2017-10-29 12:13:00', -1),
(25, 40, 824, '2017-10-29', NULL, 1, '2017-10-29 12:13:00', -1),
(26, 41, 825, '2017-10-29', NULL, 1, '2017-10-29 12:13:00', -1),
(27, 42, 729, '2017-10-29', NULL, 0, '2017-10-29 12:13:00', -1),
(28, 42, 629, '2017-10-29', NULL, 1, '2017-10-29 12:13:00', -1),
(29, 43, 733, '2017-10-29', NULL, 0, '2017-10-29 12:13:00', -1),
(30, 43, 19, '2017-10-29', NULL, 1, '2017-10-29 12:13:00', -1),
(31, 44, 734, '2017-10-29', NULL, 0, '2017-10-29 12:13:00', -1),
(32, 44, 826, '2017-10-29', NULL, 1, '2017-10-29 12:13:00', -1),
(33, 45, 827, '2017-10-29', NULL, 1, '2017-10-29 12:13:00', -1),
(34, 46, 828, '2017-10-29', NULL, 1, '2017-10-29 12:13:00', -1),
(35, 47, 736, '2017-10-29', NULL, 0, '2017-10-29 12:13:00', -1),
(36, 47, 829, '2017-10-29', NULL, 1, '2017-10-29 12:13:00', -1),
(37, 48, 830, '2017-10-29', NULL, 1, '2017-10-29 12:13:00', -1),
(38, 49, 830, '2017-10-29', NULL, 1, '2017-10-29 12:13:00', -1),
(39, 50, 737, '2017-10-29', NULL, 0, '2017-10-29 12:13:00', -1),
(40, 50, 831, '2017-10-29', NULL, 1, '2017-10-29 12:13:00', -1),
(41, 51, 738, '2017-10-29', NULL, 0, '2017-10-29 12:13:00', -1),
(42, 51, 832, '2017-10-29', NULL, 1, '2017-10-29 12:13:00', -1),
(43, 52, 833, '2017-10-29', NULL, 1, '2017-10-29 12:13:00', -1),
(44, 53, 739, '2017-10-29', NULL, 1, '2017-10-29 12:13:00', -1),
(45, 53, 739, '2017-10-29', NULL, 1, '2017-10-29 12:13:00', -1),
(46, 54, 759, '2017-10-29', NULL, 0, '2017-10-29 12:13:00', -1),
(47, 54, 834, '2017-10-29', NULL, 1, '2017-10-29 12:13:00', -1),
(48, 55, 777, '2017-10-29', NULL, 0, '2017-10-29 12:13:00', -1),
(49, 55, 835, '2017-10-29', NULL, 1, '2017-10-29 12:13:00', -1),
(50, 56, 782, '2017-10-29', NULL, 0, '2017-10-29 12:13:00', -1),
(51, 56, 836, '2017-10-29', NULL, 1, '2017-10-29 12:13:00', -1),
(52, 57, 703, '2017-10-29', NULL, 0, '2017-10-29 12:13:00', -1),
(53, 57, 837, '2017-10-29', NULL, 1, '2017-10-29 12:13:00', -1),
(54, 58, 707, '2017-10-29', NULL, 0, '2017-10-29 12:13:00', -1),
(55, 58, 708, '2017-10-29', NULL, 0, '2017-10-29 12:13:00', -1),
(56, 58, 838, '2017-10-29', NULL, 1, '2017-10-29 12:13:00', -1),
(57, 59, 711, '2017-10-29', NULL, 0, '2017-10-29 12:13:00', -1),
(58, 59, 839, '2017-10-29', NULL, 1, '2017-10-29 12:13:00', -1),
(59, 60, 712, '2017-10-29', NULL, 0, '2017-10-29 12:13:00', -1),
(60, 60, 840, '2017-10-29', NULL, 1, '2017-10-29 12:13:00', -1),
(61, 61, 715, '2017-10-29', NULL, 0, '2017-10-29 12:13:00', -1),
(62, 61, 841, '2017-10-29', NULL, 1, '2017-10-29 12:13:00', -1),
(63, 62, 717, '2017-10-29', NULL, 0, '2017-10-29 12:13:00', -1),
(64, 62, 842, '2017-10-29', NULL, 1, '2017-10-29 12:13:00', -1),
(65, 63, 719, '2017-10-29', NULL, 0, '2017-10-29 12:13:00', -1),
(66, 63, 843, '2017-10-29', NULL, 1, '2017-10-29 12:13:00', -1),
(67, 64, 721, '2017-10-29', NULL, 1, '2017-10-29 12:13:00', -1),
(68, 64, 721, '2017-10-29', NULL, 1, '2017-10-29 12:13:00', -1),
(69, 65, 725, '2017-10-29', NULL, 0, '2017-10-29 12:13:00', -1),
(70, 65, 844, '2017-10-29', NULL, 1, '2017-10-29 12:13:00', -1),
(71, 66, 726, '2017-10-29', NULL, 0, '2017-10-29 12:13:00', -1),
(72, 66, 845, '2017-10-29', NULL, 1, '2017-10-29 12:13:00', -1),
(73, 67, 846, '2017-10-29', NULL, 1, '2017-10-29 12:13:00', -1),
(74, 68, 728, '2017-10-29', NULL, 0, '2017-10-29 12:13:00', -1),
(75, 68, 847, '2017-10-29', NULL, 1, '2017-10-29 12:13:00', -1),
(76, 69, 848, '2017-10-29', NULL, 1, '2017-10-29 12:13:00', -1),
(77, 70, 730, '2017-10-29', NULL, 0, '2017-10-29 12:13:00', -1),
(78, 70, 849, '2017-10-29', NULL, 1, '2017-10-29 12:13:00', -1),
(79, 71, 731, '2017-10-29', NULL, 0, '2017-10-29 12:13:00', -1),
(80, 71, 850, '2017-10-29', NULL, 1, '2017-10-29 12:13:00', -1),
(81, 72, 851, '2017-10-29', NULL, 1, '2017-10-29 12:13:00', -1),
(82, 73, 852, '2017-10-29', NULL, 1, '2017-10-29 12:13:00', -1),
(83, 74, 732, '2017-10-29', NULL, 0, '2017-10-29 12:13:00', -1),
(84, 74, 853, '2017-10-29', NULL, 1, '2017-10-29 12:13:00', -1),
(85, 75, 854, '2017-10-29', NULL, 1, '2017-10-29 12:13:00', -1),
(86, 76, 855, '2017-10-29', NULL, 1, '2017-10-29 12:13:00', -1),
(87, 77, 735, '2017-10-29', NULL, 0, '2017-10-29 12:13:00', -1),
(88, 77, 856, '2017-10-29', NULL, 1, '2017-10-29 12:13:00', -1),
(89, 78, 857, '2017-10-29', NULL, 1, '2017-10-29 12:13:00', -1),
(90, 79, 858, '2017-10-29', NULL, 1, '2017-10-29 12:13:00', -1),
(91, 80, 740, '2017-10-29', NULL, 0, '2017-10-29 12:13:00', -1),
(92, 80, 859, '2017-10-29', NULL, 1, '2017-10-29 12:13:00', -1),
(93, 81, 860, '2017-10-29', NULL, 1, '2017-10-29 12:13:00', -1),
(94, 82, 861, '2017-10-29', NULL, 1, '2017-10-29 12:13:00', -1),
(95, 83, 862, '2017-10-29', NULL, 1, '2017-10-29 12:13:00', -1),
(96, 84, 807, '2017-10-29', NULL, 0, '2017-10-29 12:13:00', -1),
(97, 84, 863, '2017-10-29', NULL, 1, '2017-10-29 12:13:00', -1),
(98, 85, 663, '2017-10-29', NULL, 0, '2017-10-29 12:13:00', -1),
(99, 85, 864, '2017-10-29', NULL, 1, '2017-10-29 12:13:00', -1),
(100, 86, 665, '2017-10-29', NULL, 0, '2017-10-29 12:13:00', -1),
(101, 86, 865, '2017-10-29', NULL, 1, '2017-10-29 12:13:00', -1),
(102, 87, 666, '2017-10-29', NULL, 0, '2017-10-29 12:13:00', -1),
(103, 87, 866, '2017-10-29', NULL, 1, '2017-10-29 12:13:00', -1),
(104, 88, 669, '2017-10-29', NULL, 0, '2017-10-29 12:13:00', -1),
(105, 88, 867, '2017-10-29', NULL, 1, '2017-10-29 12:13:00', -1),
(106, 89, 674, '2017-10-29', NULL, 0, '2017-10-29 12:13:00', -1),
(107, 89, 868, '2017-10-29', NULL, 1, '2017-10-29 12:13:00', -1),
(108, 90, 675, '2017-10-29', NULL, 0, '2017-10-29 12:13:00', -1),
(109, 90, 869, '2017-10-29', NULL, 1, '2017-10-29 12:13:00', -1),
(110, 91, 677, '2017-10-29', NULL, 0, '2017-10-29 12:13:00', -1),
(111, 91, 870, '2017-10-29', NULL, 1, '2017-10-29 12:13:00', -1),
(112, 92, 682, '2017-10-29', NULL, 0, '2017-10-29 12:13:00', -1),
(113, 92, 21, '2017-10-29', NULL, 1, '2017-10-29 12:13:00', -1),
(114, 93, 683, '2017-10-29', NULL, 0, '2017-10-29 12:13:00', -1),
(115, 93, 871, '2017-10-29', NULL, 1, '2017-10-29 12:13:00', -1),
(116, 94, 872, '2017-10-29', NULL, 1, '2017-10-29 12:13:00', -1),
(117, 95, 873, '2017-10-29', NULL, 1, '2017-10-29 12:13:00', -1),
(118, 96, 684, '2017-10-29', NULL, 0, '2017-10-29 12:13:00', -1),
(119, 96, 874, '2017-10-29', NULL, 1, '2017-10-29 12:13:00', -1),
(120, 97, 875, '2017-10-29', NULL, 1, '2017-10-29 12:13:00', -1),
(121, 98, 876, '2017-10-29', NULL, 1, '2017-10-29 12:13:00', -1),
(122, 99, 685, '2017-10-29', NULL, 0, '2017-10-29 12:13:00', -1),
(123, 99, 877, '2017-10-29', NULL, 1, '2017-10-29 12:13:00', -1),
(124, 100, 686, '2017-10-29', NULL, 0, '2017-10-29 12:13:00', -1),
(125, 100, 878, '2017-10-29', NULL, 1, '2017-10-29 12:13:00', -1),
(126, 101, 687, '2017-10-29', NULL, 0, '2017-10-29 12:13:00', -1),
(127, 101, 879, '2017-10-29', NULL, 1, '2017-10-29 12:13:00', -1),
(128, 102, 880, '2017-10-29', NULL, 1, '2017-10-29 12:13:00', -1),
(129, 103, 688, '2017-10-29', NULL, 0, '2017-10-29 12:13:00', -1),
(130, 103, 881, '2017-10-29', NULL, 1, '2017-10-29 12:13:00', -1),
(131, 104, 882, '2017-10-29', NULL, 1, '2017-10-29 12:13:00', -1),
(132, 105, 883, '2017-10-29', NULL, 1, '2017-10-29 12:13:00', -1),
(133, 106, 884, '2017-10-29', NULL, 1, '2017-10-29 12:13:00', -1),
(134, 107, 691, '2017-10-29', NULL, 0, '2017-10-29 12:13:00', -1),
(135, 107, 885, '2017-10-29', NULL, 1, '2017-10-29 12:13:00', -1),
(136, 108, 692, '2017-10-29', NULL, 0, '2017-10-29 12:13:00', -1),
(137, 108, 886, '2017-10-29', NULL, 1, '2017-10-29 12:13:00', -1),
(138, 109, 887, '2017-10-29', NULL, 1, '2017-10-29 12:13:00', -1),
(139, 110, 694, '2017-10-29', NULL, 0, '2017-10-29 12:13:00', -1),
(140, 110, 888, '2017-10-29', NULL, 1, '2017-10-29 12:13:00', -1),
(141, 111, 889, '2017-10-29', NULL, 1, '2017-10-29 12:13:00', -1),
(142, 112, 810, '2017-10-29', NULL, 0, '2017-10-29 12:13:00', -1),
(143, 112, 890, '2017-10-29', NULL, 1, '2017-10-29 12:13:00', -1),
(144, 113, 891, '2017-10-29', NULL, 1, '2017-10-29 12:13:00', -1),
(145, 114, 892, '2017-10-29', NULL, 1, '2017-10-29 12:13:00', -1),
(146, 115, 664, '2017-10-29', NULL, 0, '2017-10-29 12:13:00', -1),
(147, 115, 893, '2017-10-29', NULL, 1, '2017-10-29 12:13:00', -1),
(148, 116, 865, '2017-10-29', NULL, 1, '2017-10-29 12:13:00', -1),
(149, 117, 667, '2017-10-29', NULL, 0, '2017-10-29 12:13:00', -1),
(150, 117, 894, '2017-10-29', NULL, 1, '2017-10-29 12:13:00', -1),
(151, 118, 668, '2017-10-29', NULL, 1, '2017-10-29 12:13:00', -1),
(152, 118, 668, '2017-10-29', NULL, 1, '2017-10-29 12:13:00', -1),
(153, 119, 670, '2017-10-29', NULL, 0, '2017-10-29 12:13:00', -1),
(154, 119, 895, '2017-10-29', NULL, 1, '2017-10-29 12:13:00', -1),
(155, 120, 671, '2017-10-29', NULL, 0, '2017-10-29 12:13:00', -1),
(156, 120, 896, '2017-10-29', NULL, 1, '2017-10-29 12:13:00', -1),
(157, 121, 672, '2017-10-29', NULL, 0, '2017-10-29 12:13:00', -1),
(158, 121, 897, '2017-10-29', NULL, 1, '2017-10-29 12:13:00', -1),
(159, 122, 673, '2017-10-29', NULL, 0, '2017-10-29 12:13:00', -1),
(160, 122, 898, '2017-10-29', NULL, 1, '2017-10-29 12:13:00', -1),
(161, 123, 676, '2017-10-29', NULL, 0, '2017-10-29 12:13:00', -1),
(162, 123, 899, '2017-10-29', NULL, 1, '2017-10-29 12:13:00', -1),
(163, 124, 678, '2017-10-29', NULL, 0, '2017-10-29 12:13:00', -1),
(164, 124, 900, '2017-10-29', NULL, 1, '2017-10-29 12:13:00', -1),
(165, 125, 679, '2017-10-29', NULL, 0, '2017-10-29 12:13:00', -1),
(166, 125, 901, '2017-10-29', NULL, 1, '2017-10-29 12:13:00', -1),
(167, 126, 680, '2017-10-29', NULL, 0, '2017-10-29 12:13:00', -1),
(168, 126, 902, '2017-10-29', NULL, 1, '2017-10-29 12:13:00', -1),
(169, 127, 681, '2017-10-29', NULL, 0, '2017-10-29 12:13:00', -1),
(170, 127, 903, '2017-10-29', NULL, 1, '2017-10-29 12:13:00', -1),
(171, 128, 904, '2017-10-29', NULL, 1, '2017-10-29 12:13:00', -1),
(172, 129, 905, '2017-10-29', NULL, 1, '2017-10-29 12:13:00', -1),
(173, 130, 875, '2017-10-29', NULL, 1, '2017-10-29 12:13:00', -1),
(174, 131, 689, '2017-10-29', NULL, 0, '2017-10-29 12:13:00', -1),
(175, 131, 906, '2017-10-29', NULL, 1, '2017-10-29 12:13:00', -1),
(176, 132, 690, '2017-10-29', NULL, 0, '2017-10-29 12:13:00', -1),
(177, 132, 907, '2017-10-29', NULL, 1, '2017-10-29 12:13:00', -1),
(178, 133, 908, '2017-10-29', NULL, 1, '2017-10-29 12:13:00', -1),
(179, 134, 695, '2017-10-29', NULL, 0, '2017-10-29 12:13:00', -1),
(180, 134, 909, '2017-10-29', NULL, 1, '2017-10-29 12:13:00', -1),
(181, 135, 910, '2017-10-29', NULL, 1, '2017-10-29 12:13:00', -1),
(182, 136, 698, '2017-10-29', NULL, 0, '2017-10-29 12:13:00', -1),
(183, 136, 911, '2017-10-29', NULL, 1, '2017-10-29 12:13:00', -1),
(184, 137, 699, '2017-10-29', NULL, 0, '2017-10-29 12:13:00', -1),
(185, 137, 912, '2017-10-29', NULL, 1, '2017-10-29 12:13:00', -1),
(186, 138, 700, '2017-10-29', NULL, 0, '2017-10-29 12:13:00', -1),
(187, 138, 913, '2017-10-29', NULL, 1, '2017-10-29 12:13:00', -1),
(188, 139, 701, '2017-10-29', NULL, 0, '2017-10-29 12:13:00', -1),
(189, 139, 914, '2017-10-29', NULL, 1, '2017-10-29 12:13:00', -1),
(190, 140, 743, '2017-10-29', NULL, 0, '2017-10-29 12:13:00', -1),
(191, 140, 915, '2017-10-29', NULL, 1, '2017-10-29 12:13:00', -1),
(192, 141, 776, '2017-10-29', NULL, 0, '2017-10-29 12:13:00', -1),
(193, 141, 916, '2017-10-29', NULL, 1, '2017-10-29 12:13:00', -1),
(194, 142, 784, '2017-10-29', NULL, 0, '2017-10-29 12:13:00', -1),
(195, 142, 917, '2017-10-29', NULL, 1, '2017-10-29 12:13:00', -1),
(196, 143, 806, '2017-10-29', NULL, 1, '2017-10-29 12:13:00', -1),
(197, 144, 618, '2017-10-29', NULL, 0, '2017-10-29 12:13:00', -1),
(198, 144, 918, '2017-10-29', NULL, 1, '2017-10-29 12:13:00', -1),
(199, 145, 918, '2017-10-29', NULL, 1, '2017-10-29 12:13:00', -1),
(200, 146, 919, '2017-10-29', NULL, 1, '2017-10-29 12:13:00', -1),
(201, 147, 920, '2017-10-29', NULL, 1, '2017-10-29 12:13:00', -1),
(202, 148, 921, '2017-10-29', NULL, 1, '2017-10-29 12:13:00', -1),
(203, 149, 922, '2017-10-29', NULL, 1, '2017-10-29 12:13:00', -1),
(204, 150, 923, '2017-10-29', NULL, 1, '2017-10-29 12:13:00', -1),
(205, 151, 633, '2017-10-29', NULL, 0, '2017-10-29 12:13:00', -1),
(206, 151, 908, '2017-10-29', NULL, 1, '2017-10-29 12:13:00', -1),
(207, 152, 924, '2017-10-29', NULL, 1, '2017-10-29 12:13:00', -1),
(208, 153, 925, '2017-10-29', NULL, 1, '2017-10-29 12:13:00', -1),
(209, 154, 926, '2017-10-29', NULL, 1, '2017-10-29 12:13:00', -1),
(210, 155, 634, '2017-10-29', NULL, 0, '2017-10-29 12:13:00', -1),
(211, 155, 860, '2017-10-29', NULL, 1, '2017-10-29 12:13:00', -1),
(212, 156, 635, '2017-10-29', NULL, 0, '2017-10-29 12:13:00', -1),
(213, 156, 927, '2017-10-29', NULL, 1, '2017-10-29 12:13:00', -1),
(214, 157, 928, '2017-10-29', NULL, 1, '2017-10-29 12:13:00', -1),
(215, 158, 857, '2017-10-29', NULL, 1, '2017-10-29 12:13:00', -1),
(216, 159, 929, '2017-10-29', NULL, 1, '2017-10-29 12:13:00', -1),
(217, 160, 637, '2017-10-29', NULL, 0, '2017-10-29 12:13:00', -1),
(218, 160, 930, '2017-10-29', NULL, 1, '2017-10-29 12:13:00', -1),
(219, 161, 640, '2017-10-29', NULL, 0, '2017-10-29 12:13:00', -1),
(220, 161, 931, '2017-10-29', NULL, 1, '2017-10-29 12:13:00', -1),
(221, 162, 643, '2017-10-29', NULL, 0, '2017-10-29 12:13:00', -1),
(222, 162, 845, '2017-10-29', NULL, 1, '2017-10-29 12:13:00', -1),
(223, 163, 644, '2017-10-29', NULL, 0, '2017-10-29 12:13:00', -1),
(224, 163, 828, '2017-10-29', NULL, 1, '2017-10-29 12:13:00', -1),
(225, 164, 647, '2017-10-29', NULL, 1, '2017-10-29 12:13:00', -1),
(226, 164, 647, '2017-10-29', NULL, 1, '2017-10-29 12:13:00', -1),
(227, 165, 648, '2017-10-29', NULL, 0, '2017-10-29 12:13:00', -1),
(228, 165, 852, '2017-10-29', NULL, 1, '2017-10-29 12:13:00', -1),
(229, 166, 649, '2017-10-29', NULL, 0, '2017-10-29 12:13:00', -1),
(230, 166, 827, '2017-10-29', NULL, 1, '2017-10-29 12:13:00', -1),
(231, 167, 650, '2017-10-29', NULL, 0, '2017-10-29 12:13:00', -1),
(232, 167, 932, '2017-10-29', NULL, 1, '2017-10-29 12:13:00', -1),
(233, 168, 933, '2017-10-29', NULL, 1, '2017-10-29 12:13:00', -1),
(234, 169, 761, '2017-10-29', NULL, 0, '2017-10-29 12:13:00', -1),
(235, 169, 934, '2017-10-29', NULL, 1, '2017-10-29 12:13:00', -1),
(236, 170, 935, '2017-10-29', NULL, 1, '2017-10-29 12:13:00', -1),
(237, 171, 780, '2017-10-29', NULL, 0, '2017-10-29 12:13:00', -1),
(238, 171, 862, '2017-10-29', NULL, 1, '2017-10-29 12:13:00', -1),
(239, 172, 813, '2017-10-29', NULL, 0, '2017-10-29 12:13:00', -1),
(240, 172, 891, '2017-10-29', NULL, 1, '2017-10-29 12:13:00', -1),
(241, 173, 936, '2017-10-29', NULL, 1, '2017-10-29 12:13:00', -1),
(242, 174, 937, '2017-10-29', NULL, 1, '2017-10-29 12:13:00', -1),
(243, 175, 938, '2017-10-29', NULL, 1, '2017-10-29 12:13:00', -1),
(244, 176, 939, '2017-10-29', NULL, 1, '2017-10-29 12:13:00', -1),
(245, 177, 940, '2017-10-29', NULL, 1, '2017-10-29 12:13:00', -1),
(246, 178, 629, '2017-10-29', NULL, 1, '2017-10-29 12:13:00', -1),
(247, 178, 629, '2017-10-29', NULL, 1, '2017-10-29 12:13:00', -1),
(248, 179, 630, '2017-10-29', NULL, 0, '2017-10-29 12:13:00', -1),
(249, 179, 941, '2017-10-29', NULL, 1, '2017-10-29 12:13:00', -1),
(250, 180, 631, '2017-10-29', NULL, 0, '2017-10-29 12:13:00', -1),
(251, 180, 942, '2017-10-29', NULL, 1, '2017-10-29 12:13:00', -1),
(252, 181, 943, '2017-10-29', NULL, 1, '2017-10-29 12:13:00', -1),
(253, 182, 632, '2017-10-29', NULL, 0, '2017-10-29 12:13:00', -1),
(254, 182, 944, '2017-10-29', NULL, 1, '2017-10-29 12:13:00', -1),
(255, 183, 848, '2017-10-29', NULL, 1, '2017-10-29 12:13:00', -1),
(256, 184, 945, '2017-10-29', NULL, 1, '2017-10-29 12:13:00', -1),
(257, 185, 833, '2017-10-29', NULL, 1, '2017-10-29 12:13:00', -1),
(258, 186, 946, '2017-10-29', NULL, 1, '2017-10-29 12:13:00', -1),
(259, 187, 636, '2017-10-29', NULL, 0, '2017-10-29 12:13:00', -1),
(260, 187, 947, '2017-10-29', NULL, 1, '2017-10-29 12:13:00', -1),
(261, 188, 948, '2017-10-29', NULL, 1, '2017-10-29 12:13:00', -1),
(262, 189, 638, '2017-10-29', NULL, 0, '2017-10-29 12:13:00', -1),
(263, 189, 830, '2017-10-29', NULL, 1, '2017-10-29 12:13:00', -1),
(264, 190, 639, '2017-10-29', NULL, 0, '2017-10-29 12:13:00', -1),
(265, 190, 949, '2017-10-29', NULL, 1, '2017-10-29 12:13:00', -1),
(266, 191, 641, '2017-10-29', NULL, 0, '2017-10-29 12:13:00', -1),
(267, 191, 855, '2017-10-29', NULL, 1, '2017-10-29 12:13:00', -1),
(268, 192, 642, '2017-10-29', NULL, 0, '2017-10-29 12:13:00', -1),
(269, 192, 950, '2017-10-29', NULL, 1, '2017-10-29 12:13:00', -1),
(270, 193, 645, '2017-10-29', NULL, 0, '2017-10-29 12:13:00', -1),
(271, 193, 951, '2017-10-29', NULL, 1, '2017-10-29 12:13:00', -1),
(272, 194, 646, '2017-10-29', NULL, 0, '2017-10-29 12:13:00', -1),
(273, 194, 952, '2017-10-29', NULL, 1, '2017-10-29 12:13:00', -1),
(274, 195, 654, '2017-10-29', NULL, 0, '2017-10-29 12:13:00', -1),
(275, 195, 849, '2017-10-29', NULL, 1, '2017-10-29 12:13:00', -1),
(276, 196, 655, '2017-10-29', NULL, 0, '2017-10-29 12:13:00', -1),
(277, 196, 953, '2017-10-29', NULL, 1, '2017-10-29 12:13:00', -1),
(278, 197, 656, '2017-10-29', NULL, 0, '2017-10-29 12:13:00', -1),
(279, 197, 861, '2017-10-29', NULL, 1, '2017-10-29 12:13:00', -1),
(280, 198, 659, '2017-10-29', NULL, 0, '2017-10-29 12:13:00', -1),
(281, 198, 954, '2017-10-29', NULL, 1, '2017-10-29 12:13:00', -1),
(282, 199, 660, '2017-10-29', NULL, 0, '2017-10-29 12:13:00', -1),
(283, 199, 955, '2017-10-29', NULL, 1, '2017-10-29 12:13:00', -1),
(284, 200, 661, '2017-10-29', NULL, 0, '2017-10-29 12:13:00', -1),
(285, 200, 851, '2017-10-29', NULL, 1, '2017-10-29 12:13:00', -1),
(286, 201, 662, '2017-10-29', NULL, 0, '2017-10-29 12:13:00', -1),
(287, 201, 824, '2017-10-29', NULL, 1, '2017-10-29 12:13:00', -1),
(288, 202, 600, '2017-10-29', NULL, 0, '2017-10-29 12:13:00', -1),
(289, 202, 846, '2017-10-29', NULL, 1, '2017-10-29 12:13:00', -1),
(290, 203, 602, '2017-10-29', NULL, 0, '2017-10-29 12:13:00', -1),
(291, 203, 956, '2017-10-29', NULL, 1, '2017-10-29 12:13:00', -1),
(292, 204, 957, '2017-10-29', NULL, 1, '2017-10-29 12:13:00', -1),
(293, 205, 697, '2017-10-29', NULL, 0, '2017-10-29 12:13:00', -1),
(294, 205, 823, '2017-10-29', NULL, 1, '2017-10-29 12:13:00', -1),
(295, 206, 587, '2017-10-29', NULL, 0, '2017-10-29 12:13:00', -1),
(296, 206, 958, '2017-10-29', NULL, 1, '2017-10-29 12:13:00', -1),
(297, 207, 589, '2017-10-29', NULL, 1, '2017-10-29 12:13:00', -1),
(298, 207, 589, '2017-10-29', NULL, 1, '2017-10-29 12:13:00', -1),
(299, 208, 959, '2017-10-29', NULL, 1, '2017-10-29 12:13:00', -1),
(300, 209, 590, '2017-10-29', NULL, 0, '2017-10-29 12:13:00', -1),
(301, 209, 937, '2017-10-29', NULL, 1, '2017-10-29 12:13:00', -1),
(302, 210, 592, '2017-10-29', NULL, 1, '2017-10-29 12:13:00', -1),
(303, 210, 592, '2017-10-29', NULL, 1, '2017-10-29 12:13:00', -1),
(304, 211, 593, '2017-10-29', NULL, 0, '2017-10-29 12:13:00', -1),
(305, 211, 960, '2017-10-29', NULL, 1, '2017-10-29 12:13:00', -1),
(306, 212, 594, '2017-10-29', NULL, 0, '2017-10-29 12:13:00', -1),
(307, 212, 961, '2017-10-29', NULL, 1, '2017-10-29 12:13:00', -1),
(308, 213, 595, '2017-10-29', NULL, 0, '2017-10-29 12:13:00', -1),
(309, 213, 962, '2017-10-29', NULL, 1, '2017-10-29 12:13:00', -1),
(310, 214, 963, '2017-10-29', NULL, 1, '2017-10-29 12:13:00', -1),
(311, 215, 603, '2017-10-29', NULL, 0, '2017-10-29 12:13:00', -1),
(312, 215, 964, '2017-10-29', NULL, 1, '2017-10-29 12:13:00', -1),
(313, 216, 604, '2017-10-29', NULL, 0, '2017-10-29 12:13:00', -1),
(314, 216, 965, '2017-10-29', NULL, 1, '2017-10-29 12:13:00', -1),
(315, 217, 605, '2017-10-29', NULL, 0, '2017-10-29 12:13:00', -1),
(316, 217, 926, '2017-10-29', NULL, 1, '2017-10-29 12:13:00', -1),
(317, 218, 966, '2017-10-29', NULL, 1, '2017-10-29 12:13:00', -1),
(318, 219, 614, '2017-10-29', NULL, 0, '2017-10-29 12:13:00', -1),
(319, 219, 967, '2017-10-29', NULL, 1, '2017-10-29 12:13:00', -1),
(320, 220, 858, '2017-10-29', NULL, 1, '2017-10-29 12:13:00', -1),
(321, 221, 616, '2017-10-29', NULL, 0, '2017-10-29 12:13:00', -1),
(322, 221, 873, '2017-10-29', NULL, 1, '2017-10-29 12:13:00', -1),
(323, 222, 617, '2017-10-29', NULL, 0, '2017-10-29 12:13:00', -1),
(324, 222, 968, '2017-10-29', NULL, 1, '2017-10-29 12:13:00', -1),
(325, 223, 969, '2017-10-29', NULL, 1, '2017-10-29 12:13:00', -1),
(326, 224, 970, '2017-10-29', NULL, 1, '2017-10-29 12:13:00', -1),
(327, 225, 622, '2017-10-29', NULL, 0, '2017-10-29 12:13:00', -1),
(328, 225, 971, '2017-10-29', NULL, 1, '2017-10-29 12:13:00', -1),
(329, 226, 623, '2017-10-29', NULL, 0, '2017-10-29 12:13:00', -1),
(330, 226, 693, '2017-10-29', NULL, 1, '2017-10-29 12:13:00', -1),
(331, 227, 657, '2017-10-29', NULL, 0, '2017-10-29 12:13:00', -1),
(332, 227, 658, '2017-10-29', NULL, 0, '2017-10-29 12:13:00', -1),
(333, 227, 972, '2017-10-29', NULL, 1, '2017-10-29 12:13:00', -1),
(334, 228, 723, '2017-10-29', NULL, 0, '2017-10-29 12:13:00', -1),
(335, 228, 822, '2017-10-29', NULL, 1, '2017-10-29 12:13:00', -1),
(336, 229, 744, '2017-10-29', NULL, 0, '2017-10-29 12:13:00', -1),
(337, 229, 973, '2017-10-29', NULL, 1, '2017-10-29 12:13:00', -1),
(338, 230, 974, '2017-10-29', NULL, 1, '2017-10-29 12:13:00', -1),
(339, 231, 601, '2017-10-29', NULL, 0, '2017-10-29 12:13:00', -1),
(340, 231, 975, '2017-10-29', NULL, 1, '2017-10-29 12:13:00', -1),
(341, 232, 885, '2017-10-29', NULL, 1, '2017-10-29 12:13:00', -1),
(342, 233, 588, '2017-10-29', NULL, 0, '2017-10-29 12:13:00', -1),
(343, 233, 976, '2017-10-29', NULL, 1, '2017-10-29 12:13:00', -1),
(344, 234, 591, '2017-10-29', NULL, 0, '2017-10-29 12:13:00', -1),
(345, 234, 977, '2017-10-29', NULL, 1, '2017-10-29 12:13:00', -1),
(346, 235, 596, '2017-10-29', NULL, 0, '2017-10-29 12:13:00', -1),
(347, 235, 889, '2017-10-29', NULL, 1, '2017-10-29 12:13:00', -1),
(348, 236, 597, '2017-10-29', NULL, 0, '2017-10-29 12:13:00', -1),
(349, 236, 978, '2017-10-29', NULL, 1, '2017-10-29 12:13:00', -1),
(350, 237, 979, '2017-10-29', NULL, 1, '2017-10-29 12:13:00', -1),
(351, 238, 598, '2017-10-29', NULL, 0, '2017-10-29 12:13:00', -1),
(352, 238, 980, '2017-10-29', NULL, 1, '2017-10-29 12:13:00', -1),
(353, 239, 599, '2017-10-29', NULL, 0, '2017-10-29 12:13:00', -1),
(354, 239, 883, '2017-10-29', NULL, 1, '2017-10-29 12:13:00', -1),
(355, 240, 606, '2017-10-29', NULL, 0, '2017-10-29 12:13:00', -1),
(356, 240, 892, '2017-10-29', NULL, 1, '2017-10-29 12:13:00', -1),
(357, 241, 607, '2017-10-29', NULL, 0, '2017-10-29 12:13:00', -1),
(358, 241, 981, '2017-10-29', NULL, 1, '2017-10-29 12:13:00', -1),
(359, 242, 608, '2017-10-29', NULL, 0, '2017-10-29 12:13:00', -1),
(360, 242, 982, '2017-10-29', NULL, 1, '2017-10-29 12:13:00', -1),
(361, 243, 609, '2017-10-29', NULL, 0, '2017-10-29 12:13:00', -1),
(362, 243, 882, '2017-10-29', NULL, 1, '2017-10-29 12:13:00', -1),
(363, 244, 610, '2017-10-29', NULL, 0, '2017-10-29 12:13:00', -1),
(364, 244, 611, '2017-10-29', NULL, 0, '2017-10-29 12:13:00', -1),
(365, 244, 983, '2017-10-29', NULL, 1, '2017-10-29 12:13:00', -1),
(366, 245, 612, '2017-10-29', NULL, 0, '2017-10-29 12:13:00', -1),
(367, 245, 984, '2017-10-29', NULL, 1, '2017-10-29 12:13:00', -1),
(368, 246, 985, '2017-10-29', NULL, 1, '2017-10-29 12:13:00', -1),
(369, 247, 613, '2017-10-29', NULL, 0, '2017-10-29 12:13:00', -1),
(370, 247, 928, '2017-10-29', NULL, 1, '2017-10-29 12:13:00', -1),
(371, 248, 615, '2017-10-29', NULL, 0, '2017-10-29 12:13:00', -1),
(372, 248, 986, '2017-10-29', NULL, 1, '2017-10-29 12:13:00', -1),
(373, 249, 619, '2017-10-29', NULL, 0, '2017-10-29 12:13:00', -1),
(374, 249, 874, '2017-10-29', NULL, 1, '2017-10-29 12:13:00', -1),
(375, 250, 620, '2017-10-29', NULL, 0, '2017-10-29 12:13:00', -1),
(376, 250, 933, '2017-10-29', NULL, 1, '2017-10-29 12:13:00', -1),
(377, 251, 621, '2017-10-29', NULL, 0, '2017-10-29 12:13:00', -1),
(378, 251, 987, '2017-10-29', NULL, 1, '2017-10-29 12:13:00', -1),
(379, 252, 624, '2017-10-29', NULL, 0, '2017-10-29 12:13:00', -1),
(380, 252, 988, '2017-10-29', NULL, 1, '2017-10-29 12:13:00', -1),
(381, 253, 625, '2017-10-29', NULL, 0, '2017-10-29 12:13:00', -1),
(382, 253, 881, '2017-10-29', NULL, 1, '2017-10-29 12:13:00', -1),
(383, 254, 628, '2017-10-29', NULL, 0, '2017-10-29 12:13:00', -1),
(384, 254, 989, '2017-10-29', NULL, 1, '2017-10-29 12:13:00', -1),
(385, 255, 652, '2017-10-29', NULL, 0, '2017-10-29 12:13:00', -1),
(386, 255, 653, '2017-10-29', NULL, 0, '2017-10-29 12:13:00', -1),
(387, 255, 990, '2017-10-29', NULL, 1, '2017-10-29 12:13:00', -1),
(388, 256, 821, '2017-10-29', NULL, 1, '2017-10-29 12:13:00', -1),
(389, 257, 741, '2017-10-29', NULL, 0, '2017-10-29 12:13:00', -1),
(390, 257, 991, '2017-10-29', NULL, 1, '2017-10-29 12:13:00', -1),
(391, 258, 742, '2017-10-29', NULL, 0, '2017-10-29 12:13:00', -1),
(392, 258, 992, '2017-10-29', NULL, 1, '2017-10-29 12:13:00', -1),
(393, 259, 542, '2017-10-29', NULL, 0, '2017-10-29 12:13:00', -1),
(394, 259, 993, '2017-10-29', NULL, 1, '2017-10-29 12:13:00', -1),
(395, 260, 543, '2017-10-29', NULL, 0, '2017-10-29 12:13:00', -1),
(396, 260, 994, '2017-10-29', NULL, 1, '2017-10-29 12:13:00', -1),
(397, 261, 544, '2017-10-29', NULL, 0, '2017-10-29 12:13:00', -1),
(398, 261, 995, '2017-10-29', NULL, 1, '2017-10-29 12:13:00', -1),
(399, 262, 547, '2017-10-29', NULL, 0, '2017-10-29 12:13:00', -1),
(400, 262, 996, '2017-10-29', NULL, 1, '2017-10-29 12:13:00', -1),
(401, 263, 548, '2017-10-29', NULL, 0, '2017-10-29 12:13:00', -1),
(402, 263, 997, '2017-10-29', NULL, 1, '2017-10-29 12:13:00', -1),
(403, 264, 552, '2017-10-29', NULL, 0, '2017-10-29 12:13:00', -1),
(404, 264, 998, '2017-10-29', NULL, 1, '2017-10-29 12:13:00', -1),
(405, 265, 555, '2017-10-29', NULL, 0, '2017-10-29 12:13:00', -1),
(406, 265, 880, '2017-10-29', NULL, 1, '2017-10-29 12:13:00', -1),
(407, 266, 556, '2017-10-29', NULL, 0, '2017-10-29 12:13:00', -1),
(408, 266, 875, '2017-10-29', NULL, 1, '2017-10-29 12:13:00', -1),
(409, 267, 561, '2017-10-29', NULL, 0, '2017-10-29 12:13:00', -1),
(410, 267, 904, '2017-10-29', NULL, 1, '2017-10-29 12:13:00', -1),
(411, 268, 562, '2017-10-29', NULL, 0, '2017-10-29 12:13:00', -1),
(412, 268, 925, '2017-10-29', NULL, 1, '2017-10-29 12:13:00', -1),
(413, 269, 566, '2017-10-29', NULL, 0, '2017-10-29 12:13:00', -1),
(414, 269, 848, '2017-10-29', NULL, 1, '2017-10-29 12:13:00', -1),
(415, 270, 567, '2017-10-29', NULL, 0, '2017-10-29 12:13:00', -1),
(416, 270, 999, '2017-10-29', NULL, 1, '2017-10-29 12:13:00', -1),
(417, 271, 568, '2017-10-29', NULL, 0, '2017-10-29 12:13:00', -1),
(418, 271, 1000, '2017-10-29', NULL, 1, '2017-10-29 12:13:00', -1),
(419, 272, 569, '2017-10-29', NULL, 0, '2017-10-29 12:13:00', -1),
(420, 272, 825, '2017-10-29', NULL, 1, '2017-10-29 12:13:00', -1),
(421, 273, 571, '2017-10-29', NULL, 0, '2017-10-29 12:13:00', -1),
(422, 273, 1001, '2017-10-29', NULL, 1, '2017-10-29 12:13:00', -1),
(423, 274, 572, '2017-10-29', NULL, 0, '2017-10-29 12:13:00', -1),
(424, 274, 1002, '2017-10-29', NULL, 1, '2017-10-29 12:13:00', -1),
(425, 275, 574, '2017-10-29', NULL, 0, '2017-10-29 12:13:00', -1),
(426, 275, 910, '2017-10-29', NULL, 1, '2017-10-29 12:13:00', -1),
(427, 276, 575, '2017-10-29', NULL, 0, '2017-10-29 12:13:00', -1),
(428, 276, 1003, '2017-10-29', NULL, 1, '2017-10-29 12:13:00', -1),
(429, 277, 577, '2017-10-29', NULL, 0, '2017-10-29 12:13:00', -1),
(430, 277, 1004, '2017-10-29', NULL, 1, '2017-10-29 12:13:00', -1),
(431, 278, 582, '2017-10-29', NULL, 0, '2017-10-29 12:13:00', -1),
(432, 278, 857, '2017-10-29', NULL, 1, '2017-10-29 12:13:00', -1),
(433, 279, 583, '2017-10-29', NULL, 0, '2017-10-29 12:13:00', -1),
(434, 279, 584, '2017-10-29', NULL, 0, '2017-10-29 12:13:00', -1),
(435, 279, 1005, '2017-10-29', NULL, 1, '2017-10-29 12:13:00', -1),
(436, 280, 585, '2017-10-29', NULL, 0, '2017-10-29 12:13:00', -1),
(437, 280, 1006, '2017-10-29', NULL, 1, '2017-10-29 12:13:00', -1),
(438, 281, 702, '2017-10-29', NULL, 0, '2017-10-29 12:13:00', -1),
(439, 281, 1007, '2017-10-29', NULL, 1, '2017-10-29 12:13:00', -1),
(440, 282, 755, '2017-10-29', NULL, 0, '2017-10-29 12:13:00', -1),
(441, 282, 1008, '2017-10-29', NULL, 1, '2017-10-29 12:13:00', -1),
(442, 283, 767, '2017-10-29', NULL, 0, '2017-10-29 12:13:00', -1),
(443, 283, 935, '2017-10-29', NULL, 1, '2017-10-29 12:13:00', -1),
(444, 284, 779, '2017-10-29', NULL, 0, '2017-10-29 12:13:00', -1),
(445, 284, 1009, '2017-10-29', NULL, 1, '2017-10-29 12:13:00', -1),
(446, 285, 1010, '2017-10-29', NULL, 1, '2017-10-29 12:13:00', -1),
(447, 286, 808, '2017-10-29', NULL, 0, '2017-10-29 12:13:00', -1),
(448, 286, 1011, '2017-10-29', NULL, 1, '2017-10-29 12:13:00', -1),
(449, 287, 811, '2017-10-29', NULL, 0, '2017-10-29 12:13:00', -1),
(450, 287, 1012, '2017-10-29', NULL, 1, '2017-10-29 12:13:00', -1),
(451, 288, 495, '2017-10-29', NULL, 0, '2017-10-29 12:13:00', -1),
(452, 288, 884, '2017-10-29', NULL, 1, '2017-10-29 12:13:00', -1),
(453, 289, 545, '2017-10-29', NULL, 0, '2017-10-29 12:13:00', -1),
(454, 289, 1013, '2017-10-29', NULL, 1, '2017-10-29 12:13:00', -1),
(455, 290, 546, '2017-10-29', NULL, 0, '2017-10-29 12:13:00', -1),
(456, 290, 920, '2017-10-29', NULL, 1, '2017-10-29 12:13:00', -1),
(457, 291, 549, '2017-10-29', NULL, 0, '2017-10-29 12:13:00', -1),
(458, 291, 948, '2017-10-29', NULL, 1, '2017-10-29 12:13:00', -1),
(459, 292, 550, '2017-10-29', NULL, 0, '2017-10-29 12:13:00', -1),
(460, 292, 1014, '2017-10-29', NULL, 1, '2017-10-29 12:13:00', -1),
(461, 293, 551, '2017-10-29', NULL, 0, '2017-10-29 12:13:00', -1),
(462, 293, 943, '2017-10-29', NULL, 1, '2017-10-29 12:13:00', -1),
(463, 294, 553, '2017-10-29', NULL, 0, '2017-10-29 12:13:00', -1),
(464, 294, 968, '2017-10-29', NULL, 1, '2017-10-29 12:13:00', -1),
(465, 295, 554, '2017-10-29', NULL, 0, '2017-10-29 12:13:00', -1),
(466, 295, 858, '2017-10-29', NULL, 1, '2017-10-29 12:13:00', -1),
(467, 296, 557, '2017-10-29', NULL, 0, '2017-10-29 12:13:00', -1),
(468, 296, 1015, '2017-10-29', NULL, 1, '2017-10-29 12:13:00', -1),
(469, 297, 558, '2017-10-29', NULL, 0, '2017-10-29 12:13:00', -1),
(470, 297, 559, '2017-10-29', NULL, 0, '2017-10-29 12:13:00', -1),
(471, 297, 1016, '2017-10-29', NULL, 1, '2017-10-29 12:13:00', -1),
(472, 298, 560, '2017-10-29', NULL, 0, '2017-10-29 12:13:00', -1),
(473, 298, 1017, '2017-10-29', NULL, 1, '2017-10-29 12:13:00', -1),
(474, 299, 563, '2017-10-29', NULL, 0, '2017-10-29 12:13:00', -1),
(475, 299, 564, '2017-10-29', NULL, 0, '2017-10-29 12:13:00', -1),
(476, 299, 1018, '2017-10-29', NULL, 1, '2017-10-29 12:13:00', -1),
(477, 300, 565, '2017-10-29', NULL, 0, '2017-10-29 12:13:00', -1),
(478, 300, 1019, '2017-10-29', NULL, 1, '2017-10-29 12:13:00', -1),
(479, 301, 570, '2017-10-29', NULL, 0, '2017-10-29 12:13:00', -1),
(480, 301, 833, '2017-10-29', NULL, 1, '2017-10-29 12:13:00', -1),
(481, 302, 573, '2017-10-29', NULL, 0, '2017-10-29 12:13:00', -1),
(482, 302, 1020, '2017-10-29', NULL, 1, '2017-10-29 12:13:00', -1),
(483, 303, 576, '2017-10-29', NULL, 0, '2017-10-29 12:13:00', -1),
(484, 303, 1021, '2017-10-29', NULL, 1, '2017-10-29 12:13:00', -1),
(485, 304, 578, '2017-10-29', NULL, 0, '2017-10-29 12:13:00', -1),
(486, 304, 1022, '2017-10-29', NULL, 1, '2017-10-29 12:13:00', -1),
(487, 305, 579, '2017-10-29', NULL, 0, '2017-10-29 12:13:00', -1),
(488, 305, 1023, '2017-10-29', NULL, 1, '2017-10-29 12:13:00', -1),
(489, 306, 580, '2017-10-29', NULL, 0, '2017-10-29 12:13:00', -1),
(490, 306, 921, '2017-10-29', NULL, 1, '2017-10-29 12:13:00', -1),
(491, 307, 581, '2017-10-29', NULL, 0, '2017-10-29 12:13:00', -1),
(492, 307, 1024, '2017-10-29', NULL, 1, '2017-10-29 12:13:00', -1),
(493, 308, 586, '2017-10-29', NULL, 0, '2017-10-29 12:13:00', -1),
(494, 308, 1025, '2017-10-29', NULL, 1, '2017-10-29 12:13:00', -1),
(495, 309, 651, '2017-10-29', NULL, 0, '2017-10-29 12:13:00', -1),
(496, 309, 905, '2017-10-29', NULL, 1, '2017-10-29 12:13:00', -1),
(497, 310, 758, '2017-10-29', NULL, 0, '2017-10-29 12:13:00', -1),
(498, 310, 1026, '2017-10-29', NULL, 1, '2017-10-29 12:13:00', -1),
(499, 311, 805, '2017-10-29', NULL, 0, '2017-10-29 12:13:00', -1),
(500, 311, 1027, '2017-10-29', NULL, 1, '2017-10-29 12:13:00', -1),
(501, 312, 809, '2017-10-29', NULL, 0, '2017-10-29 12:13:00', -1),
(502, 312, 1028, '2017-10-29', NULL, 1, '2017-10-29 12:13:00', -1),
(503, 313, 696, '2017-10-29', NULL, 0, '2017-10-29 12:13:00', -1),
(504, 313, 957, '2017-10-29', NULL, 1, '2017-10-29 12:13:00', -1),
(505, 314, 482, '2017-10-29', NULL, 0, '2017-10-29 12:13:00', -1),
(506, 314, 1029, '2017-10-29', NULL, 1, '2017-10-29 12:13:00', -1),
(507, 315, 483, '2017-10-29', NULL, 0, '2017-10-29 12:13:00', -1),
(508, 315, 1030, '2017-10-29', NULL, 1, '2017-10-29 12:13:00', -1),
(509, 316, 486, '2017-10-29', NULL, 0, '2017-10-29 12:13:00', -1),
(510, 316, 487, '2017-10-29', NULL, 0, '2017-10-29 12:13:00', -1),
(511, 316, 488, '2017-10-29', NULL, 0, '2017-10-29 12:13:00', -1),
(512, 316, 1031, '2017-10-29', NULL, 1, '2017-10-29 12:13:00', -1),
(513, 317, 489, '2017-10-29', NULL, 0, '2017-10-29 12:13:00', -1),
(514, 317, 490, '2017-10-29', NULL, 0, '2017-10-29 12:13:00', -1),
(515, 317, 1032, '2017-10-29', NULL, 1, '2017-10-29 12:13:00', -1),
(516, 318, 491, '2017-10-29', NULL, 0, '2017-10-29 12:13:00', -1),
(517, 318, 1033, '2017-10-29', NULL, 1, '2017-10-29 12:13:00', -1),
(518, 319, 492, '2017-10-29', NULL, 0, '2017-10-29 12:13:00', -1),
(519, 319, 959, '2017-10-29', NULL, 1, '2017-10-29 12:13:00', -1),
(520, 320, 497, '2017-10-29', NULL, 0, '2017-10-29 12:13:00', -1),
(521, 320, 1034, '2017-10-29', NULL, 1, '2017-10-29 12:13:00', -1),
(522, 321, 498, '2017-10-29', NULL, 0, '2017-10-29 12:13:00', -1),
(523, 321, 854, '2017-10-29', NULL, 1, '2017-10-29 12:13:00', -1),
(524, 322, 501, '2017-10-29', NULL, 0, '2017-10-29 12:13:00', -1),
(525, 322, 979, '2017-10-29', NULL, 1, '2017-10-29 12:13:00', -1),
(526, 323, 502, '2017-10-29', NULL, 0, '2017-10-29 12:13:00', -1),
(527, 323, 876, '2017-10-29', NULL, 1, '2017-10-29 12:13:00', -1),
(528, 324, 504, '2017-10-29', NULL, 0, '2017-10-29 12:13:00', -1),
(529, 324, 1035, '2017-10-29', NULL, 1, '2017-10-29 12:13:00', -1),
(530, 325, 505, '2017-10-29', NULL, 0, '2017-10-29 12:13:00', -1),
(531, 325, 936, '2017-10-29', NULL, 1, '2017-10-29 12:13:00', -1),
(532, 326, 507, '2017-10-29', NULL, 0, '2017-10-29 12:13:00', -1),
(533, 326, 885, '2017-10-29', NULL, 1, '2017-10-29 12:13:00', -1),
(534, 327, 513, '2017-10-29', NULL, 0, '2017-10-29 12:13:00', -1),
(535, 327, 887, '2017-10-29', NULL, 1, '2017-10-29 12:13:00', -1),
(536, 328, 515, '2017-10-29', NULL, 0, '2017-10-29 12:13:00', -1),
(537, 328, 1036, '2017-10-29', NULL, 1, '2017-10-29 12:13:00', -1),
(538, 329, 516, '2017-10-29', NULL, 0, '2017-10-29 12:13:00', -1),
(539, 329, 1037, '2017-10-29', NULL, 1, '2017-10-29 12:13:00', -1),
(540, 330, 517, '2017-10-29', NULL, 0, '2017-10-29 12:13:00', -1),
(541, 330, 1038, '2017-10-29', NULL, 1, '2017-10-29 12:13:00', -1),
(542, 331, 519, '2017-10-29', NULL, 0, '2017-10-29 12:13:00', -1),
(543, 331, 1039, '2017-10-29', NULL, 1, '2017-10-29 12:13:00', -1),
(544, 332, 524, '2017-10-29', NULL, 0, '2017-10-29 12:13:00', -1),
(545, 332, 966, '2017-10-29', NULL, 1, '2017-10-29 12:13:00', -1),
(546, 333, 526, '2017-10-29', NULL, 1, '2017-10-29 12:13:00', -1),
(547, 333, 526, '2017-10-29', NULL, 1, '2017-10-29 12:13:00', -1),
(548, 334, 533, '2017-10-29', NULL, 0, '2017-10-29 12:13:00', -1),
(549, 334, 969, '2017-10-29', NULL, 1, '2017-10-29 12:13:00', -1),
(550, 335, 534, '2017-10-29', NULL, 0, '2017-10-29 12:13:00', -1),
(551, 335, 1040, '2017-10-29', NULL, 1, '2017-10-29 12:13:00', -1),
(552, 336, 535, '2017-10-29', NULL, 0, '2017-10-29 12:13:00', -1),
(553, 336, 929, '2017-10-29', NULL, 1, '2017-10-29 12:13:00', -1),
(554, 337, 537, '2017-10-29', NULL, 0, '2017-10-29 12:13:00', -1),
(555, 337, 872, '2017-10-29', NULL, 1, '2017-10-29 12:13:00', -1),
(556, 338, 538, '2017-10-29', NULL, 0, '2017-10-29 12:13:00', -1),
(557, 338, 1041, '2017-10-29', NULL, 1, '2017-10-29 12:13:00', -1),
(558, 339, 539, '2017-10-29', NULL, 0, '2017-10-29 12:13:00', -1),
(559, 339, 879, '2017-10-29', NULL, 1, '2017-10-29 12:13:00', -1),
(560, 340, 540, '2017-10-29', NULL, 0, '2017-10-29 12:13:00', -1),
(561, 340, 946, '2017-10-29', NULL, 1, '2017-10-29 12:13:00', -1),
(562, 341, 626, '2017-10-29', NULL, 0, '2017-10-29 12:13:00', -1),
(563, 341, 627, '2017-10-29', NULL, 0, '2017-10-29 12:13:00', -1),
(564, 341, 1042, '2017-10-29', NULL, 1, '2017-10-29 12:13:00', -1),
(565, 342, 724, '2017-10-29', NULL, 0, '2017-10-29 12:13:00', -1),
(566, 342, 1043, '2017-10-29', NULL, 1, '2017-10-29 12:13:00', -1),
(567, 343, 746, '2017-10-29', NULL, 0, '2017-10-29 12:13:00', -1),
(568, 343, 1044, '2017-10-29', NULL, 1, '2017-10-29 12:13:00', -1),
(569, 344, 957, '2017-10-29', NULL, 1, '2017-10-29 12:13:00', -1),
(570, 345, 750, '2017-10-29', NULL, 0, '2017-10-29 12:13:00', -1),
(571, 345, 912, '2017-10-29', NULL, 1, '2017-10-29 12:13:00', -1),
(572, 346, 756, '2017-10-29', NULL, 0, '2017-10-29 12:13:00', -1),
(573, 346, 1045, '2017-10-29', NULL, 1, '2017-10-29 12:13:00', -1),
(574, 347, 916, '2017-10-29', NULL, 1, '2017-10-29 12:13:00', -1),
(575, 348, 834, '2017-10-29', NULL, 1, '2017-10-29 12:13:00', -1),
(576, 349, 985, '2017-10-29', NULL, 1, '2017-10-29 12:13:00', -1),
(577, 350, 19, '2017-10-29', NULL, 1, '2017-10-29 12:13:00', -1),
(578, 351, 852, '2017-10-29', NULL, 1, '2017-10-29 12:13:00', -1),
(579, 352, 783, '2017-10-29', NULL, 0, '2017-10-29 12:13:00', -1),
(580, 352, 841, '2017-10-29', NULL, 1, '2017-10-29 12:13:00', -1),
(581, 353, 785, '2017-10-29', NULL, 0, '2017-10-29 12:13:00', -1),
(582, 353, 1046, '2017-10-29', NULL, 1, '2017-10-29 12:13:00', -1),
(583, 354, 793, '2017-10-29', NULL, 0, '2017-10-29 12:13:00', -1),
(584, 354, 1047, '2017-10-29', NULL, 1, '2017-10-29 12:13:00', -1),
(585, 355, 794, '2017-10-29', NULL, 0, '2017-10-29 12:13:00', -1),
(586, 355, 1048, '2017-10-29', NULL, 1, '2017-10-29 12:13:00', -1),
(587, 356, 983, '2017-10-29', NULL, 1, '2017-10-29 12:13:00', -1),
(588, 357, 795, '2017-10-29', NULL, 0, '2017-10-29 12:13:00', -1),
(589, 357, 1049, '2017-10-29', NULL, 1, '2017-10-29 12:13:00', -1),
(590, 358, 816, '2017-10-29', NULL, 1, '2017-10-29 12:13:00', -1),
(591, 359, 796, '2017-10-29', NULL, 0, '2017-10-29 12:13:00', -1),
(592, 359, 1050, '2017-10-29', NULL, 1, '2017-10-29 12:13:00', -1),
(593, 360, 739, '2017-10-29', NULL, 1, '2017-10-29 12:13:00', -1),
(594, 361, 831, '2017-10-29', NULL, 1, '2017-10-29 12:13:00', -1),
(595, 362, 798, '2017-10-29', NULL, 0, '2017-10-29 12:13:00', -1),
(596, 362, 1051, '2017-10-29', NULL, 1, '2017-10-29 12:13:00', -1),
(597, 363, 964, '2017-10-29', NULL, 1, '2017-10-29 12:13:00', -1),
(598, 364, 872, '2017-10-29', NULL, 1, '2017-10-29 12:13:00', -1),
(599, 365, 802, '2017-10-29', NULL, 0, '2017-10-29 12:13:00', -1),
(600, 365, 1052, '2017-10-29', NULL, 1, '2017-10-29 12:13:00', -1),
(601, 366, 905, '2017-10-29', NULL, 1, '2017-10-29 12:13:00', -1),
(602, 367, 804, '2017-10-29', NULL, 0, '2017-10-29 12:13:00', -1),
(603, 367, 1053, '2017-10-29', NULL, 1, '2017-10-29 12:13:00', -1),
(604, 368, 806, '2017-10-29', NULL, 1, '2017-10-29 12:13:00', -1),
(605, 369, 629, '2017-10-29', NULL, 1, '2017-10-29 12:13:00', -1),
(606, 370, 846, '2017-10-29', NULL, 1, '2017-10-29 12:13:00', -1),
(607, 371, 900, '2017-10-29', NULL, 1, '2017-10-29 12:13:00', -1),
(608, 372, 772, '2017-10-29', NULL, 0, '2017-10-29 12:13:00', -1),
(609, 372, 1054, '2017-10-29', NULL, 1, '2017-10-29 12:13:00', -1),
(610, 373, 908, '2017-10-29', NULL, 1, '2017-10-29 12:13:00', -1),
(611, 374, 982, '2017-10-29', NULL, 1, '2017-10-29 12:13:00', -1),
(612, 375, 931, '2017-10-29', NULL, 1, '2017-10-29 12:13:00', -1),
(613, 376, 818, '2017-10-29', NULL, 1, '2017-10-29 12:13:00', -1),
(614, 377, 840, '2017-10-29', NULL, 1, '2017-10-29 12:13:00', -1),
(615, 378, 786, '2017-10-29', NULL, 0, '2017-10-29 12:13:00', -1),
(616, 378, 832, '2017-10-29', NULL, 1, '2017-10-29 12:13:00', -1),
(617, 379, 787, '2017-10-29', NULL, 0, '2017-10-29 12:13:00', -1),
(618, 379, 1055, '2017-10-29', NULL, 1, '2017-10-29 12:13:00', -1),
(619, 380, 788, '2017-10-29', NULL, 0, '2017-10-29 12:13:00', -1),
(620, 380, 1056, '2017-10-29', NULL, 1, '2017-10-29 12:13:00', -1),
(621, 381, 789, '2017-10-29', NULL, 0, '2017-10-29 12:13:00', -1),
(622, 381, 859, '2017-10-29', NULL, 1, '2017-10-29 12:13:00', -1),
(623, 382, 790, '2017-10-29', NULL, 0, '2017-10-29 12:13:00', -1),
(624, 382, 1057, '2017-10-29', NULL, 1, '2017-10-29 12:13:00', -1),
(625, 383, 791, '2017-10-29', NULL, 0, '2017-10-29 12:13:00', -1),
(626, 383, 1058, '2017-10-29', NULL, 1, '2017-10-29 12:13:00', -1),
(627, 384, 792, '2017-10-29', NULL, 0, '2017-10-29 12:13:00', -1),
(628, 384, 1059, '2017-10-29', NULL, 1, '2017-10-29 12:13:00', -1),
(629, 385, 853, '2017-10-29', NULL, 1, '2017-10-29 12:13:00', -1),
(630, 386, 842, '2017-10-29', NULL, 1, '2017-10-29 12:13:00', -1),
(631, 387, 797, '2017-10-29', NULL, 0, '2017-10-29 12:13:00', -1),
(632, 387, 1060, '2017-10-29', NULL, 1, '2017-10-29 12:13:00', -1),
(633, 388, 739, '2017-10-29', NULL, 1, '2017-10-29 12:13:00', -1),
(634, 389, 1061, '2017-10-29', NULL, 1, '2017-10-29 12:13:00', -1),
(635, 390, 871, '2017-10-29', NULL, 1, '2017-10-29 12:13:00', -1),
(636, 391, 799, '2017-10-29', NULL, 0, '2017-10-29 12:13:00', -1),
(637, 391, 1062, '2017-10-29', NULL, 1, '2017-10-29 12:13:00', -1),
(638, 392, 800, '2017-10-29', NULL, 0, '2017-10-29 12:13:00', -1),
(639, 392, 1063, '2017-10-29', NULL, 1, '2017-10-29 12:13:00', -1),
(640, 393, 801, '2017-10-29', NULL, 0, '2017-10-29 12:13:00', -1),
(641, 393, 1064, '2017-10-29', NULL, 1, '2017-10-29 12:13:00', -1),
(642, 394, 803, '2017-10-29', NULL, 0, '2017-10-29 12:13:00', -1),
(643, 394, 1052, '2017-10-29', NULL, 1, '2017-10-29 12:13:00', -1),
(644, 395, 901, '2017-10-29', NULL, 1, '2017-10-29 12:13:00', -1),
(645, 396, 806, '2017-10-29', NULL, 1, '2017-10-29 12:13:00', -1),
(646, 397, 718, '2017-10-29', NULL, 0, '2017-10-29 12:13:00', -1),
(647, 397, 1065, '2017-10-29', NULL, 1, '2017-10-29 12:13:00', -1),
(648, 398, 963, '2017-10-29', NULL, 1, '2017-10-29 12:13:00', -1),
(649, 399, 982, '2017-10-29', NULL, 1, '2017-10-29 12:13:00', -1),
(650, 400, 914, '2017-10-29', NULL, 1, '2017-10-29 12:13:00', -1),
(651, 401, 749, '2017-10-29', NULL, 0, '2017-10-29 12:13:00', -1),
(652, 401, 7, '2017-10-29', NULL, 1, '2017-10-29 12:13:00', -1),
(653, 402, 895, '2017-10-29', NULL, 1, '2017-10-29 12:13:00', -1),
(654, 403, 949, '2017-10-29', NULL, 1, '2017-10-29 12:13:00', -1),
(655, 404, 954, '2017-10-29', NULL, 1, '2017-10-29 12:13:00', -1),
(656, 405, 753, '2017-10-29', NULL, 0, '2017-10-29 12:13:00', -1),
(657, 405, 18, '2017-10-29', NULL, 1, '2017-10-29 12:13:00', -1),
(658, 406, 873, '2017-10-29', NULL, 1, '2017-10-29 12:13:00', -1),
(659, 407, 904, '2017-10-29', NULL, 1, '2017-10-29 12:13:00', -1),
(660, 408, 754, '2017-10-29', NULL, 0, '2017-10-29 12:13:00', -1),
(661, 408, 1066, '2017-10-29', NULL, 1, '2017-10-29 12:13:00', -1),
(662, 409, 874, '2017-10-29', NULL, 1, '2017-10-29 12:13:00', -1),
(663, 410, 760, '2017-10-29', NULL, 0, '2017-10-29 12:13:00', -1),
(664, 410, 1067, '2017-10-29', NULL, 1, '2017-10-29 12:13:00', -1),
(665, 411, 763, '2017-10-29', NULL, 0, '2017-10-29 12:13:00', -1),
(666, 411, 1068, '2017-10-29', NULL, 1, '2017-10-29 12:13:00', -1),
(667, 412, 765, '2017-10-29', NULL, 0, '2017-10-29 12:13:00', -1),
(668, 412, 1069, '2017-10-29', NULL, 1, '2017-10-29 12:13:00', -1),
(669, 413, 991, '2017-10-29', NULL, 1, '2017-10-29 12:13:00', -1),
(670, 414, 842, '2017-10-29', NULL, 1, '2017-10-29 12:13:00', -1),
(671, 415, 934, '2017-10-29', NULL, 1, '2017-10-29 12:13:00', -1),
(672, 416, 1001, '2017-10-29', NULL, 1, '2017-10-29 12:13:00', -1),
(673, 417, 907, '2017-10-29', NULL, 1, '2017-10-29 12:13:00', -1),
(674, 418, 1004, '2017-10-29', NULL, 1, '2017-10-29 12:13:00', -1),
(675, 419, 768, '2017-10-29', NULL, 0, '2017-10-29 12:13:00', -1),
(676, 419, 1070, '2017-10-29', NULL, 1, '2017-10-29 12:13:00', -1),
(677, 420, 771, '2017-10-29', NULL, 0, '2017-10-29 12:13:00', -1),
(678, 420, 1071, '2017-10-29', NULL, 1, '2017-10-29 12:13:00', -1),
(679, 421, 773, '2017-10-29', NULL, 0, '2017-10-29 12:13:00', -1),
(680, 421, 1061, '2017-10-29', NULL, 1, '2017-10-29 12:13:00', -1),
(681, 422, 774, '2017-10-29', NULL, 1, '2017-10-29 12:13:00', -1),
(682, 422, 774, '2017-10-29', NULL, 1, '2017-10-29 12:13:00', -1),
(683, 423, 775, '2017-10-29', NULL, 0, '2017-10-29 12:13:00', -1),
(684, 423, 1072, '2017-10-29', NULL, 1, '2017-10-29 12:13:00', -1),
(685, 424, 781, '2017-10-29', NULL, 0, '2017-10-29 12:13:00', -1),
(686, 424, 1073, '2017-10-29', NULL, 1, '2017-10-29 12:13:00', -1),
(687, 425, 706, '2017-10-29', NULL, 0, '2017-10-29 12:13:00', -1),
(688, 425, 1074, '2017-10-29', NULL, 1, '2017-10-29 12:13:00', -1),
(689, 426, 903, '2017-10-29', NULL, 1, '2017-10-29 12:13:00', -1),
(690, 427, 953, '2017-10-29', NULL, 1, '2017-10-29 12:13:00', -1),
(691, 428, 976, '2017-10-29', NULL, 1, '2017-10-29 12:13:00', -1),
(692, 429, 745, '2017-10-29', NULL, 0, '2017-10-29 12:13:00', -1),
(693, 429, 888, '2017-10-29', NULL, 1, '2017-10-29 12:13:00', -1),
(694, 430, 747, '2017-10-29', NULL, 0, '2017-10-29 12:13:00', -1),
(695, 430, 1075, '2017-10-29', NULL, 1, '2017-10-29 12:13:00', -1),
(696, 431, 979, '2017-10-29', NULL, 1, '2017-10-29 12:13:00', -1),
(697, 432, 1076, '2017-10-29', NULL, 1, '2017-10-29 12:13:00', -1),
(698, 433, 21, '2017-10-29', NULL, 1, '2017-10-29 12:13:00', -1),
(699, 434, 748, '2017-10-29', NULL, 0, '2017-10-29 12:13:00', -1),
(700, 434, 1077, '2017-10-29', NULL, 1, '2017-10-29 12:13:00', -1),
(701, 435, 882, '2017-10-29', NULL, 1, '2017-10-29 12:13:00', -1),
(702, 436, 751, '2017-10-29', NULL, 0, '2017-10-29 12:13:00', -1),
(703, 436, 819, '2017-10-29', NULL, 1, '2017-10-29 12:13:00', -1),
(704, 437, 1078, '2017-10-29', NULL, 1, '2017-10-29 12:13:00', -1),
(705, 438, 947, '2017-10-29', NULL, 1, '2017-10-29 12:13:00', -1),
(706, 439, 752, '2017-10-29', NULL, 0, '2017-10-29 12:13:00', -1),
(707, 439, 1079, '2017-10-29', NULL, 1, '2017-10-29 12:13:00', -1),
(708, 440, 910, '2017-10-29', NULL, 1, '2017-10-29 12:13:00', -1),
(709, 441, 757, '2017-10-29', NULL, 0, '2017-10-29 12:13:00', -1),
(710, 441, 1080, '2017-10-29', NULL, 1, '2017-10-29 12:13:00', -1),
(711, 442, 896, '2017-10-29', NULL, 1, '2017-10-29 12:13:00', -1),
(712, 443, 893, '2017-10-29', NULL, 1, '2017-10-29 12:13:00', -1),
(713, 444, 764, '2017-10-29', NULL, 0, '2017-10-29 12:13:00', -1),
(714, 444, 1081, '2017-10-29', NULL, 1, '2017-10-29 12:13:00', -1),
(715, 445, 766, '2017-10-29', NULL, 0, '2017-10-29 12:13:00', -1),
(716, 445, 1008, '2017-10-29', NULL, 1, '2017-10-29 12:13:00', -1),
(717, 446, 821, '2017-10-29', NULL, 1, '2017-10-29 12:13:00', -1),
(718, 447, 894, '2017-10-29', NULL, 1, '2017-10-29 12:13:00', -1),
(719, 448, 769, '2017-10-29', NULL, 0, '2017-10-29 12:13:00', -1),
(720, 448, 1082, '2017-10-29', NULL, 1, '2017-10-29 12:13:00', -1),
(721, 449, 770, '2017-10-29', NULL, 0, '2017-10-29 12:13:00', -1),
(722, 449, 1083, '2017-10-29', NULL, 1, '2017-10-29 12:13:00', -1),
(723, 450, 778, '2017-10-29', NULL, 0, '2017-10-29 12:13:00', -1),
(724, 450, 1084, '2017-10-29', NULL, 1, '2017-10-29 12:13:00', -1),
(725, 451, 806, '2017-10-29', NULL, 1, '2017-10-29 12:13:00', -1),
(727, 452, 484, '2017-10-29', NULL, 0, '2017-10-29 12:13:00', -1),
(728, 452, 919, '2017-10-29', NULL, 1, '2017-10-29 12:13:00', -1),
(729, 453, 485, '2017-10-29', NULL, 0, '2017-10-29 12:13:00', -1),
(730, 453, 1085, '2017-10-29', NULL, 1, '2017-10-29 12:13:00', -1),
(731, 454, 493, '2017-10-29', NULL, 0, '2017-10-29 12:13:00', -1),
(732, 454, 1086, '2017-10-29', NULL, 1, '2017-10-29 12:13:00', -1),
(733, 455, 494, '2017-10-29', NULL, 0, '2017-10-29 12:13:00', -1),
(734, 455, 939, '2017-10-29', NULL, 1, '2017-10-29 12:13:00', -1),
(735, 456, 496, '2017-10-29', NULL, 0, '2017-10-29 12:13:00', -1),
(736, 456, 922, '2017-10-29', NULL, 1, '2017-10-29 12:13:00', -1),
(737, 457, 499, '2017-10-29', NULL, 0, '2017-10-29 12:13:00', -1),
(738, 457, 923, '2017-10-29', NULL, 1, '2017-10-29 12:13:00', -1),
(739, 458, 500, '2017-10-29', NULL, 0, '2017-10-29 12:13:00', -1),
(740, 458, 963, '2017-10-29', NULL, 1, '2017-10-29 12:13:00', -1),
(741, 459, 503, '2017-10-29', NULL, 0, '2017-10-29 12:13:00', -1),
(742, 459, 970, '2017-10-29', NULL, 1, '2017-10-29 12:13:00', -1),
(743, 460, 1035, '2017-10-29', NULL, 1, '2017-10-29 12:13:00', -1),
(744, 461, 506, '2017-10-29', NULL, 0, '2017-10-29 12:13:00', -1),
(745, 461, 945, '2017-10-29', NULL, 1, '2017-10-29 12:13:00', -1),
(746, 462, 508, '2017-10-29', NULL, 0, '2017-10-29 12:13:00', -1),
(747, 462, 1087, '2017-10-29', NULL, 1, '2017-10-29 12:13:00', -1),
(748, 463, 509, '2017-10-29', NULL, 0, '2017-10-29 12:13:00', -1),
(749, 463, 924, '2017-10-29', NULL, 1, '2017-10-29 12:13:00', -1),
(750, 464, 510, '2017-10-29', NULL, 0, '2017-10-29 12:13:00', -1),
(751, 464, 1088, '2017-10-29', NULL, 1, '2017-10-29 12:13:00', -1),
(752, 465, 511, '2017-10-29', NULL, 0, '2017-10-29 12:13:00', -1),
(753, 465, 1089, '2017-10-29', NULL, 1, '2017-10-29 12:13:00', -1),
(754, 466, 512, '2017-10-29', NULL, 0, '2017-10-29 12:13:00', -1),
(755, 466, 1090, '2017-10-29', NULL, 1, '2017-10-29 12:13:00', -1),
(756, 467, 514, '2017-10-29', NULL, 0, '2017-10-29 12:13:00', -1),
(757, 467, 1091, '2017-10-29', NULL, 1, '2017-10-29 12:13:00', -1),
(758, 468, 518, '2017-10-29', NULL, 0, '2017-10-29 12:13:00', -1),
(759, 468, 1092, '2017-10-29', NULL, 1, '2017-10-29 12:13:00', -1),
(760, 469, 520, '2017-10-29', NULL, 0, '2017-10-29 12:13:00', -1),
(761, 469, 1093, '2017-10-29', NULL, 1, '2017-10-29 12:13:00', -1),
(762, 470, 521, '2017-10-29', NULL, 0, '2017-10-29 12:13:00', -1),
(763, 470, 985, '2017-10-29', NULL, 1, '2017-10-29 12:13:00', -1),
(764, 471, 522, '2017-10-29', NULL, 0, '2017-10-29 12:13:00', -1),
(765, 471, 938, '2017-10-29', NULL, 1, '2017-10-29 12:13:00', -1),
(766, 472, 523, '2017-10-29', NULL, 0, '2017-10-29 12:13:00', -1),
(767, 472, 1094, '2017-10-29', NULL, 1, '2017-10-29 12:13:00', -1),
(768, 473, 525, '2017-10-29', NULL, 0, '2017-10-29 12:13:00', -1),
(769, 473, 1095, '2017-10-29', NULL, 1, '2017-10-29 12:13:00', -1),
(770, 474, 527, '2017-10-29', NULL, 0, '2017-10-29 12:13:00', -1);
INSERT INTO `member_guardian` (`tbl_id`, `id`, `guardian_id`, `guardian_begin`, `guardian_end`, `is_default`, `updated`, `updated_by`) VALUES
(771, 474, 528, '2017-10-29', NULL, 0, '2017-10-29 12:13:00', -1),
(772, 474, 529, '2017-10-29', NULL, 0, '2017-10-29 12:13:00', -1),
(773, 474, 530, '2017-10-29', NULL, 0, '2017-10-29 12:13:00', -1),
(774, 474, 1096, '2017-10-29', NULL, 1, '2017-10-29 12:13:00', -1),
(775, 475, 531, '2017-10-29', NULL, 0, '2017-10-29 12:13:00', -1),
(776, 475, 1097, '2017-10-29', NULL, 1, '2017-10-29 12:13:00', -1),
(777, 476, 532, '2017-10-29', NULL, 0, '2017-10-29 12:13:00', -1),
(778, 476, 1098, '2017-10-29', NULL, 1, '2017-10-29 12:13:00', -1),
(779, 477, 536, '2017-10-29', NULL, 0, '2017-10-29 12:13:00', -1),
(780, 477, 1099, '2017-10-29', NULL, 1, '2017-10-29 12:13:00', -1),
(781, 478, 1030, '2017-10-29', NULL, 1, '2017-10-29 12:13:00', -1),
(782, 479, 541, '2017-10-29', NULL, 0, '2017-10-29 12:13:00', -1),
(783, 479, 940, '2017-10-29', NULL, 1, '2017-10-29 12:13:00', -1),
(784, 480, 762, '2017-10-29', NULL, 0, '2017-10-29 12:13:00', -1),
(785, 480, 1100, '2017-10-29', NULL, 1, '2017-10-29 12:13:00', -1),
(786, 481, 812, '2017-10-29', NULL, 0, '2017-10-29 12:13:00', -1),
(787, 481, 974, '2017-10-29', NULL, 1, '2017-10-29 12:13:00', -1);

-- --------------------------------------------------------

--
-- Table structure for table `member_sibling`
--

CREATE TABLE `member_sibling` (
  `tbl_id` int(6) UNSIGNED NOT NULL,
  `id` int(10) UNSIGNED NOT NULL,
  `sibling_id` int(10) UNSIGNED NOT NULL,
  `sibling_begin` date NOT NULL,
  `sibling_end` date DEFAULT NULL,
  `updated` datetime NOT NULL,
  `updated_by` int(6) NOT NULL
) ENGINE=InnoDB DEFAULT CHARSET=latin1;

--
-- Dumping data for table `member_sibling`
--

INSERT INTO `member_sibling` (`tbl_id`, `id`, `sibling_id`, `sibling_begin`, `sibling_end`, `updated`, `updated_by`) VALUES
(1, 27, 226, '2017-10-29', NULL, '2017-10-29 12:13:00', -1),
(2, 30, 358, '2017-10-29', NULL, '2017-10-29 12:13:00', -1),
(3, 31, 118, '2017-10-29', NULL, '2017-10-29 12:13:00', -1),
(4, 33, 376, '2017-10-29', NULL, '2017-10-29 12:13:00', -1),
(5, 34, 436, '2017-10-29', NULL, '2017-10-29 12:13:00', -1),
(6, 36, 256, '2017-10-29', NULL, '2017-10-29 12:13:00', -1),
(7, 36, 446, '2017-10-29', NULL, '2017-10-29 12:13:00', -1),
(8, 37, 228, '2017-10-29', NULL, '2017-10-29 12:13:00', -1),
(9, 38, 205, '2017-10-29', NULL, '2017-10-29 12:13:00', -1),
(10, 39, 164, '2017-10-29', NULL, '2017-10-29 12:13:00', -1),
(11, 40, 201, '2017-10-29', NULL, '2017-10-29 12:13:00', -1),
(12, 41, 272, '2017-10-29', NULL, '2017-10-29 12:13:00', -1),
(13, 42, 178, '2017-10-29', NULL, '2017-10-29 12:13:00', -1),
(14, 42, 369, '2017-10-29', NULL, '2017-10-29 12:13:00', -1),
(15, 43, 350, '2017-10-29', NULL, '2017-10-29 12:13:00', -1),
(16, 45, 166, '2017-10-29', NULL, '2017-10-29 12:13:00', -1),
(17, 46, 163, '2017-10-29', NULL, '2017-10-29 12:13:00', -1),
(18, 48, 189, '2017-10-29', NULL, '2017-10-29 12:13:00', -1),
(19, 48, 49, '2017-10-29', NULL, '2017-10-29 12:13:00', -1),
(20, 49, 189, '2017-10-29', NULL, '2017-10-29 12:13:00', -1),
(21, 49, 48, '2017-10-29', NULL, '2017-10-29 12:13:00', -1),
(22, 50, 361, '2017-10-29', NULL, '2017-10-29 12:13:00', -1),
(23, 51, 378, '2017-10-29', NULL, '2017-10-29 12:13:00', -1),
(24, 52, 301, '2017-10-29', NULL, '2017-10-29 12:13:00', -1),
(25, 52, 185, '2017-10-29', NULL, '2017-10-29 12:13:00', -1),
(26, 53, 360, '2017-10-29', NULL, '2017-10-29 12:13:00', -1),
(27, 53, 388, '2017-10-29', NULL, '2017-10-29 12:13:00', -1),
(28, 54, 348, '2017-10-29', NULL, '2017-10-29 12:13:00', -1),
(29, 60, 377, '2017-10-29', NULL, '2017-10-29 12:13:00', -1),
(30, 61, 352, '2017-10-29', NULL, '2017-10-29 12:13:00', -1),
(31, 62, 414, '2017-10-29', NULL, '2017-10-29 12:13:00', -1),
(32, 62, 386, '2017-10-29', NULL, '2017-10-29 12:13:00', -1),
(33, 66, 162, '2017-10-29', NULL, '2017-10-29 12:13:00', -1),
(34, 67, 202, '2017-10-29', NULL, '2017-10-29 12:13:00', -1),
(35, 67, 370, '2017-10-29', NULL, '2017-10-29 12:13:00', -1),
(36, 69, 269, '2017-10-29', NULL, '2017-10-29 12:13:00', -1),
(37, 69, 183, '2017-10-29', NULL, '2017-10-29 12:13:00', -1),
(38, 70, 195, '2017-10-29', NULL, '2017-10-29 12:13:00', -1),
(39, 72, 200, '2017-10-29', NULL, '2017-10-29 12:13:00', -1),
(40, 73, 165, '2017-10-29', NULL, '2017-10-29 12:13:00', -1),
(41, 73, 351, '2017-10-29', NULL, '2017-10-29 12:13:00', -1),
(42, 74, 385, '2017-10-29', NULL, '2017-10-29 12:13:00', -1),
(43, 75, 321, '2017-10-29', NULL, '2017-10-29 12:13:00', -1),
(44, 76, 191, '2017-10-29', NULL, '2017-10-29 12:13:00', -1),
(45, 78, 278, '2017-10-29', NULL, '2017-10-29 12:13:00', -1),
(46, 78, 158, '2017-10-29', NULL, '2017-10-29 12:13:00', -1),
(47, 79, 295, '2017-10-29', NULL, '2017-10-29 12:13:00', -1),
(48, 79, 220, '2017-10-29', NULL, '2017-10-29 12:13:00', -1),
(49, 81, 155, '2017-10-29', NULL, '2017-10-29 12:13:00', -1),
(50, 82, 197, '2017-10-29', NULL, '2017-10-29 12:13:00', -1),
(51, 83, 171, '2017-10-29', NULL, '2017-10-29 12:13:00', -1),
(52, 86, 116, '2017-10-29', NULL, '2017-10-29 12:13:00', -1),
(53, 92, 433, '2017-10-29', NULL, '2017-10-29 12:13:00', -1),
(54, 93, 390, '2017-10-29', NULL, '2017-10-29 12:13:00', -1),
(55, 94, 337, '2017-10-29', NULL, '2017-10-29 12:13:00', -1),
(56, 94, 364, '2017-10-29', NULL, '2017-10-29 12:13:00', -1),
(57, 95, 221, '2017-10-29', NULL, '2017-10-29 12:13:00', -1),
(58, 95, 406, '2017-10-29', NULL, '2017-10-29 12:13:00', -1),
(59, 96, 249, '2017-10-29', NULL, '2017-10-29 12:13:00', -1),
(60, 96, 409, '2017-10-29', NULL, '2017-10-29 12:13:00', -1),
(61, 97, 266, '2017-10-29', NULL, '2017-10-29 12:13:00', -1),
(62, 97, 130, '2017-10-29', NULL, '2017-10-29 12:13:00', -1),
(63, 98, 323, '2017-10-29', NULL, '2017-10-29 12:13:00', -1),
(64, 101, 339, '2017-10-29', NULL, '2017-10-29 12:13:00', -1),
(65, 102, 265, '2017-10-29', NULL, '2017-10-29 12:13:00', -1),
(66, 103, 253, '2017-10-29', NULL, '2017-10-29 12:13:00', -1),
(67, 104, 243, '2017-10-29', NULL, '2017-10-29 12:13:00', -1),
(68, 104, 435, '2017-10-29', NULL, '2017-10-29 12:13:00', -1),
(69, 105, 239, '2017-10-29', NULL, '2017-10-29 12:13:00', -1),
(70, 106, 288, '2017-10-29', NULL, '2017-10-29 12:13:00', -1),
(71, 107, 232, '2017-10-29', NULL, '2017-10-29 12:13:00', -1),
(72, 107, 326, '2017-10-29', NULL, '2017-10-29 12:13:00', -1),
(73, 109, 327, '2017-10-29', NULL, '2017-10-29 12:13:00', -1),
(74, 110, 429, '2017-10-29', NULL, '2017-10-29 12:13:00', -1),
(75, 111, 235, '2017-10-29', NULL, '2017-10-29 12:13:00', -1),
(76, 113, 172, '2017-10-29', NULL, '2017-10-29 12:13:00', -1),
(77, 114, 240, '2017-10-29', NULL, '2017-10-29 12:13:00', -1),
(78, 115, 443, '2017-10-29', NULL, '2017-10-29 12:13:00', -1),
(79, 116, 86, '2017-10-29', NULL, '2017-10-29 12:13:00', -1),
(80, 117, 447, '2017-10-29', NULL, '2017-10-29 12:13:00', -1),
(81, 118, 31, '2017-10-29', NULL, '2017-10-29 12:13:00', -1),
(82, 119, 402, '2017-10-29', NULL, '2017-10-29 12:13:00', -1),
(83, 120, 442, '2017-10-29', NULL, '2017-10-29 12:13:00', -1),
(84, 124, 371, '2017-10-29', NULL, '2017-10-29 12:13:00', -1),
(85, 125, 395, '2017-10-29', NULL, '2017-10-29 12:13:00', -1),
(86, 127, 426, '2017-10-29', NULL, '2017-10-29 12:13:00', -1),
(87, 128, 267, '2017-10-29', NULL, '2017-10-29 12:13:00', -1),
(88, 128, 407, '2017-10-29', NULL, '2017-10-29 12:13:00', -1),
(89, 129, 309, '2017-10-29', NULL, '2017-10-29 12:13:00', -1),
(90, 129, 366, '2017-10-29', NULL, '2017-10-29 12:13:00', -1),
(91, 130, 266, '2017-10-29', NULL, '2017-10-29 12:13:00', -1),
(92, 130, 97, '2017-10-29', NULL, '2017-10-29 12:13:00', -1),
(93, 132, 417, '2017-10-29', NULL, '2017-10-29 12:13:00', -1),
(94, 133, 151, '2017-10-29', NULL, '2017-10-29 12:13:00', -1),
(95, 133, 373, '2017-10-29', NULL, '2017-10-29 12:13:00', -1),
(96, 135, 275, '2017-10-29', NULL, '2017-10-29 12:13:00', -1),
(97, 135, 440, '2017-10-29', NULL, '2017-10-29 12:13:00', -1),
(98, 137, 345, '2017-10-29', NULL, '2017-10-29 12:13:00', -1),
(99, 139, 400, '2017-10-29', NULL, '2017-10-29 12:13:00', -1),
(100, 141, 347, '2017-10-29', NULL, '2017-10-29 12:13:00', -1),
(101, 143, 451, '2017-10-29', NULL, '2017-10-29 12:13:00', -1),
(102, 143, 396, '2017-10-29', NULL, '2017-10-29 12:13:00', -1),
(103, 143, 368, '2017-10-29', NULL, '2017-10-29 12:13:00', -1),
(104, 144, 145, '2017-10-29', NULL, '2017-10-29 12:13:00', -1),
(105, 145, 144, '2017-10-29', NULL, '2017-10-29 12:13:00', -1),
(106, 146, 452, '2017-10-29', NULL, '2017-10-29 12:13:00', -1),
(107, 147, 290, '2017-10-29', NULL, '2017-10-29 12:13:00', -1),
(108, 148, 306, '2017-10-29', NULL, '2017-10-29 12:13:00', -1),
(109, 149, 456, '2017-10-29', NULL, '2017-10-29 12:13:00', -1),
(110, 150, 457, '2017-10-29', NULL, '2017-10-29 12:13:00', -1),
(111, 151, 133, '2017-10-29', NULL, '2017-10-29 12:13:00', -1),
(112, 151, 373, '2017-10-29', NULL, '2017-10-29 12:13:00', -1),
(113, 152, 463, '2017-10-29', NULL, '2017-10-29 12:13:00', -1),
(114, 153, 268, '2017-10-29', NULL, '2017-10-29 12:13:00', -1),
(115, 154, 217, '2017-10-29', NULL, '2017-10-29 12:13:00', -1),
(116, 155, 81, '2017-10-29', NULL, '2017-10-29 12:13:00', -1),
(117, 157, 247, '2017-10-29', NULL, '2017-10-29 12:13:00', -1),
(118, 158, 278, '2017-10-29', NULL, '2017-10-29 12:13:00', -1),
(119, 158, 78, '2017-10-29', NULL, '2017-10-29 12:13:00', -1),
(120, 159, 336, '2017-10-29', NULL, '2017-10-29 12:13:00', -1),
(121, 161, 375, '2017-10-29', NULL, '2017-10-29 12:13:00', -1),
(122, 162, 66, '2017-10-29', NULL, '2017-10-29 12:13:00', -1),
(123, 163, 46, '2017-10-29', NULL, '2017-10-29 12:13:00', -1),
(124, 164, 39, '2017-10-29', NULL, '2017-10-29 12:13:00', -1),
(125, 165, 73, '2017-10-29', NULL, '2017-10-29 12:13:00', -1),
(126, 165, 351, '2017-10-29', NULL, '2017-10-29 12:13:00', -1),
(127, 166, 45, '2017-10-29', NULL, '2017-10-29 12:13:00', -1),
(128, 168, 250, '2017-10-29', NULL, '2017-10-29 12:13:00', -1),
(129, 169, 415, '2017-10-29', NULL, '2017-10-29 12:13:00', -1),
(130, 170, 283, '2017-10-29', NULL, '2017-10-29 12:13:00', -1),
(131, 171, 83, '2017-10-29', NULL, '2017-10-29 12:13:00', -1),
(132, 172, 113, '2017-10-29', NULL, '2017-10-29 12:13:00', -1),
(133, 173, 325, '2017-10-29', NULL, '2017-10-29 12:13:00', -1),
(134, 174, 209, '2017-10-29', NULL, '2017-10-29 12:13:00', -1),
(135, 175, 471, '2017-10-29', NULL, '2017-10-29 12:13:00', -1),
(136, 176, 455, '2017-10-29', NULL, '2017-10-29 12:13:00', -1),
(137, 177, 479, '2017-10-29', NULL, '2017-10-29 12:13:00', -1),
(138, 178, 42, '2017-10-29', NULL, '2017-10-29 12:13:00', -1),
(139, 178, 369, '2017-10-29', NULL, '2017-10-29 12:13:00', -1),
(140, 181, 293, '2017-10-29', NULL, '2017-10-29 12:13:00', -1),
(141, 183, 269, '2017-10-29', NULL, '2017-10-29 12:13:00', -1),
(142, 183, 69, '2017-10-29', NULL, '2017-10-29 12:13:00', -1),
(143, 184, 461, '2017-10-29', NULL, '2017-10-29 12:13:00', -1),
(144, 185, 301, '2017-10-29', NULL, '2017-10-29 12:13:00', -1),
(145, 185, 52, '2017-10-29', NULL, '2017-10-29 12:13:00', -1),
(146, 186, 340, '2017-10-29', NULL, '2017-10-29 12:13:00', -1),
(147, 187, 438, '2017-10-29', NULL, '2017-10-29 12:13:00', -1),
(148, 188, 291, '2017-10-29', NULL, '2017-10-29 12:13:00', -1),
(149, 189, 48, '2017-10-29', NULL, '2017-10-29 12:13:00', -1),
(150, 189, 49, '2017-10-29', NULL, '2017-10-29 12:13:00', -1),
(151, 190, 403, '2017-10-29', NULL, '2017-10-29 12:13:00', -1),
(152, 191, 76, '2017-10-29', NULL, '2017-10-29 12:13:00', -1),
(153, 195, 70, '2017-10-29', NULL, '2017-10-29 12:13:00', -1),
(154, 196, 427, '2017-10-29', NULL, '2017-10-29 12:13:00', -1),
(155, 197, 82, '2017-10-29', NULL, '2017-10-29 12:13:00', -1),
(156, 198, 404, '2017-10-29', NULL, '2017-10-29 12:13:00', -1),
(157, 200, 72, '2017-10-29', NULL, '2017-10-29 12:13:00', -1),
(158, 201, 40, '2017-10-29', NULL, '2017-10-29 12:13:00', -1),
(159, 202, 67, '2017-10-29', NULL, '2017-10-29 12:13:00', -1),
(160, 202, 370, '2017-10-29', NULL, '2017-10-29 12:13:00', -1),
(161, 204, 313, '2017-10-29', NULL, '2017-10-29 12:13:00', -1),
(162, 204, 344, '2017-10-29', NULL, '2017-10-29 12:13:00', -1),
(163, 205, 38, '2017-10-29', NULL, '2017-10-29 12:13:00', -1),
(164, 208, 319, '2017-10-29', NULL, '2017-10-29 12:13:00', -1),
(165, 209, 174, '2017-10-29', NULL, '2017-10-29 12:13:00', -1),
(166, 214, 458, '2017-10-29', NULL, '2017-10-29 12:13:00', -1),
(167, 214, 398, '2017-10-29', NULL, '2017-10-29 12:13:00', -1),
(168, 215, 363, '2017-10-29', NULL, '2017-10-29 12:13:00', -1),
(169, 217, 154, '2017-10-29', NULL, '2017-10-29 12:13:00', -1),
(170, 218, 332, '2017-10-29', NULL, '2017-10-29 12:13:00', -1),
(171, 220, 295, '2017-10-29', NULL, '2017-10-29 12:13:00', -1),
(172, 220, 79, '2017-10-29', NULL, '2017-10-29 12:13:00', -1),
(173, 221, 95, '2017-10-29', NULL, '2017-10-29 12:13:00', -1),
(174, 221, 406, '2017-10-29', NULL, '2017-10-29 12:13:00', -1),
(175, 222, 294, '2017-10-29', NULL, '2017-10-29 12:13:00', -1),
(176, 223, 334, '2017-10-29', NULL, '2017-10-29 12:13:00', -1),
(177, 224, 459, '2017-10-29', NULL, '2017-10-29 12:13:00', -1),
(178, 226, 27, '2017-10-29', NULL, '2017-10-29 12:13:00', -1),
(179, 228, 37, '2017-10-29', NULL, '2017-10-29 12:13:00', -1),
(180, 230, 481, '2017-10-29', NULL, '2017-10-29 12:13:00', -1),
(181, 232, 326, '2017-10-29', NULL, '2017-10-29 12:13:00', -1),
(182, 232, 107, '2017-10-29', NULL, '2017-10-29 12:13:00', -1),
(183, 233, 428, '2017-10-29', NULL, '2017-10-29 12:13:00', -1),
(184, 235, 111, '2017-10-29', NULL, '2017-10-29 12:13:00', -1),
(185, 237, 322, '2017-10-29', NULL, '2017-10-29 12:13:00', -1),
(186, 237, 431, '2017-10-29', NULL, '2017-10-29 12:13:00', -1),
(187, 239, 105, '2017-10-29', NULL, '2017-10-29 12:13:00', -1),
(188, 240, 114, '2017-10-29', NULL, '2017-10-29 12:13:00', -1),
(189, 242, 399, '2017-10-29', NULL, '2017-10-29 12:13:00', -1),
(190, 242, 374, '2017-10-29', NULL, '2017-10-29 12:13:00', -1),
(191, 243, 104, '2017-10-29', NULL, '2017-10-29 12:13:00', -1),
(192, 243, 435, '2017-10-29', NULL, '2017-10-29 12:13:00', -1),
(193, 244, 356, '2017-10-29', NULL, '2017-10-29 12:13:00', -1),
(194, 246, 470, '2017-10-29', NULL, '2017-10-29 12:13:00', -1),
(195, 246, 349, '2017-10-29', NULL, '2017-10-29 12:13:00', -1),
(196, 247, 157, '2017-10-29', NULL, '2017-10-29 12:13:00', -1),
(197, 249, 96, '2017-10-29', NULL, '2017-10-29 12:13:00', -1),
(198, 249, 409, '2017-10-29', NULL, '2017-10-29 12:13:00', -1),
(199, 250, 168, '2017-10-29', NULL, '2017-10-29 12:13:00', -1),
(200, 253, 103, '2017-10-29', NULL, '2017-10-29 12:13:00', -1),
(201, 256, 36, '2017-10-29', NULL, '2017-10-29 12:13:00', -1),
(202, 256, 446, '2017-10-29', NULL, '2017-10-29 12:13:00', -1),
(203, 257, 413, '2017-10-29', NULL, '2017-10-29 12:13:00', -1),
(204, 265, 102, '2017-10-29', NULL, '2017-10-29 12:13:00', -1),
(205, 266, 97, '2017-10-29', NULL, '2017-10-29 12:13:00', -1),
(206, 266, 130, '2017-10-29', NULL, '2017-10-29 12:13:00', -1),
(207, 267, 128, '2017-10-29', NULL, '2017-10-29 12:13:00', -1),
(208, 267, 407, '2017-10-29', NULL, '2017-10-29 12:13:00', -1),
(209, 268, 153, '2017-10-29', NULL, '2017-10-29 12:13:00', -1),
(210, 269, 183, '2017-10-29', NULL, '2017-10-29 12:13:00', -1),
(211, 269, 69, '2017-10-29', NULL, '2017-10-29 12:13:00', -1),
(212, 272, 41, '2017-10-29', NULL, '2017-10-29 12:13:00', -1),
(213, 273, 416, '2017-10-29', NULL, '2017-10-29 12:13:00', -1),
(214, 275, 135, '2017-10-29', NULL, '2017-10-29 12:13:00', -1),
(215, 275, 440, '2017-10-29', NULL, '2017-10-29 12:13:00', -1),
(216, 277, 418, '2017-10-29', NULL, '2017-10-29 12:13:00', -1),
(217, 278, 158, '2017-10-29', NULL, '2017-10-29 12:13:00', -1),
(218, 278, 78, '2017-10-29', NULL, '2017-10-29 12:13:00', -1),
(219, 282, 445, '2017-10-29', NULL, '2017-10-29 12:13:00', -1),
(220, 283, 170, '2017-10-29', NULL, '2017-10-29 12:13:00', -1),
(221, 288, 106, '2017-10-29', NULL, '2017-10-29 12:13:00', -1),
(222, 290, 147, '2017-10-29', NULL, '2017-10-29 12:13:00', -1),
(223, 291, 188, '2017-10-29', NULL, '2017-10-29 12:13:00', -1),
(224, 293, 181, '2017-10-29', NULL, '2017-10-29 12:13:00', -1),
(225, 294, 222, '2017-10-29', NULL, '2017-10-29 12:13:00', -1),
(226, 295, 220, '2017-10-29', NULL, '2017-10-29 12:13:00', -1),
(227, 295, 79, '2017-10-29', NULL, '2017-10-29 12:13:00', -1),
(228, 301, 185, '2017-10-29', NULL, '2017-10-29 12:13:00', -1),
(229, 301, 52, '2017-10-29', NULL, '2017-10-29 12:13:00', -1),
(230, 306, 148, '2017-10-29', NULL, '2017-10-29 12:13:00', -1),
(231, 309, 129, '2017-10-29', NULL, '2017-10-29 12:13:00', -1),
(232, 309, 366, '2017-10-29', NULL, '2017-10-29 12:13:00', -1),
(233, 313, 204, '2017-10-29', NULL, '2017-10-29 12:13:00', -1),
(234, 313, 344, '2017-10-29', NULL, '2017-10-29 12:13:00', -1),
(235, 315, 478, '2017-10-29', NULL, '2017-10-29 12:13:00', -1),
(236, 319, 208, '2017-10-29', NULL, '2017-10-29 12:13:00', -1),
(237, 321, 75, '2017-10-29', NULL, '2017-10-29 12:13:00', -1),
(238, 322, 237, '2017-10-29', NULL, '2017-10-29 12:13:00', -1),
(239, 322, 431, '2017-10-29', NULL, '2017-10-29 12:13:00', -1),
(240, 323, 98, '2017-10-29', NULL, '2017-10-29 12:13:00', -1),
(241, 324, 460, '2017-10-29', NULL, '2017-10-29 12:13:00', -1),
(242, 325, 173, '2017-10-29', NULL, '2017-10-29 12:13:00', -1),
(243, 326, 232, '2017-10-29', NULL, '2017-10-29 12:13:00', -1),
(244, 326, 107, '2017-10-29', NULL, '2017-10-29 12:13:00', -1),
(245, 327, 109, '2017-10-29', NULL, '2017-10-29 12:13:00', -1),
(246, 332, 218, '2017-10-29', NULL, '2017-10-29 12:13:00', -1),
(247, 334, 223, '2017-10-29', NULL, '2017-10-29 12:13:00', -1),
(248, 336, 159, '2017-10-29', NULL, '2017-10-29 12:13:00', -1),
(249, 337, 94, '2017-10-29', NULL, '2017-10-29 12:13:00', -1),
(250, 337, 364, '2017-10-29', NULL, '2017-10-29 12:13:00', -1),
(251, 339, 101, '2017-10-29', NULL, '2017-10-29 12:13:00', -1),
(252, 340, 186, '2017-10-29', NULL, '2017-10-29 12:13:00', -1),
(253, 344, 313, '2017-10-29', NULL, '2017-10-29 12:13:00', -1),
(254, 344, 204, '2017-10-29', NULL, '2017-10-29 12:13:00', -1),
(255, 345, 137, '2017-10-29', NULL, '2017-10-29 12:13:00', -1),
(256, 347, 141, '2017-10-29', NULL, '2017-10-29 12:13:00', -1),
(257, 348, 54, '2017-10-29', NULL, '2017-10-29 12:13:00', -1),
(258, 349, 470, '2017-10-29', NULL, '2017-10-29 12:13:00', -1),
(259, 349, 246, '2017-10-29', NULL, '2017-10-29 12:13:00', -1),
(260, 350, 43, '2017-10-29', NULL, '2017-10-29 12:13:00', -1),
(261, 351, 165, '2017-10-29', NULL, '2017-10-29 12:13:00', -1),
(262, 351, 73, '2017-10-29', NULL, '2017-10-29 12:13:00', -1),
(263, 352, 61, '2017-10-29', NULL, '2017-10-29 12:13:00', -1),
(264, 356, 244, '2017-10-29', NULL, '2017-10-29 12:13:00', -1),
(265, 358, 30, '2017-10-29', NULL, '2017-10-29 12:13:00', -1),
(266, 360, 53, '2017-10-29', NULL, '2017-10-29 12:13:00', -1),
(267, 360, 388, '2017-10-29', NULL, '2017-10-29 12:13:00', -1),
(268, 361, 50, '2017-10-29', NULL, '2017-10-29 12:13:00', -1),
(269, 363, 215, '2017-10-29', NULL, '2017-10-29 12:13:00', -1),
(270, 364, 337, '2017-10-29', NULL, '2017-10-29 12:13:00', -1),
(271, 364, 94, '2017-10-29', NULL, '2017-10-29 12:13:00', -1),
(272, 365, 394, '2017-10-29', NULL, '2017-10-29 12:13:00', -1),
(273, 366, 309, '2017-10-29', NULL, '2017-10-29 12:13:00', -1),
(274, 366, 129, '2017-10-29', NULL, '2017-10-29 12:13:00', -1),
(275, 368, 451, '2017-10-29', NULL, '2017-10-29 12:13:00', -1),
(276, 368, 143, '2017-10-29', NULL, '2017-10-29 12:13:00', -1),
(277, 368, 396, '2017-10-29', NULL, '2017-10-29 12:13:00', -1),
(278, 369, 143, '2017-10-29', NULL, '2017-10-29 12:13:00', -1),
(279, 369, 368, '2017-10-29', NULL, '2017-10-29 12:13:00', -1),
(280, 370, 202, '2017-10-29', NULL, '2017-10-29 12:13:00', -1),
(281, 370, 67, '2017-10-29', NULL, '2017-10-29 12:13:00', -1),
(282, 371, 124, '2017-10-29', NULL, '2017-10-29 12:13:00', -1),
(283, 373, 151, '2017-10-29', NULL, '2017-10-29 12:13:00', -1),
(284, 373, 133, '2017-10-29', NULL, '2017-10-29 12:13:00', -1),
(285, 374, 242, '2017-10-29', NULL, '2017-10-29 12:13:00', -1),
(286, 374, 399, '2017-10-29', NULL, '2017-10-29 12:13:00', -1),
(287, 375, 161, '2017-10-29', NULL, '2017-10-29 12:13:00', -1),
(288, 376, 33, '2017-10-29', NULL, '2017-10-29 12:13:00', -1),
(289, 377, 60, '2017-10-29', NULL, '2017-10-29 12:13:00', -1),
(290, 378, 51, '2017-10-29', NULL, '2017-10-29 12:13:00', -1),
(291, 385, 74, '2017-10-29', NULL, '2017-10-29 12:13:00', -1),
(292, 386, 62, '2017-10-29', NULL, '2017-10-29 12:13:00', -1),
(293, 386, 414, '2017-10-29', NULL, '2017-10-29 12:13:00', -1),
(294, 388, 53, '2017-10-29', NULL, '2017-10-29 12:13:00', -1),
(295, 388, 360, '2017-10-29', NULL, '2017-10-29 12:13:00', -1),
(296, 389, 421, '2017-10-29', NULL, '2017-10-29 12:13:00', -1),
(297, 390, 93, '2017-10-29', NULL, '2017-10-29 12:13:00', -1),
(298, 394, 365, '2017-10-29', NULL, '2017-10-29 12:13:00', -1),
(299, 395, 125, '2017-10-29', NULL, '2017-10-29 12:13:00', -1),
(300, 396, 451, '2017-10-29', NULL, '2017-10-29 12:13:00', -1),
(301, 396, 143, '2017-10-29', NULL, '2017-10-29 12:13:00', -1),
(302, 396, 368, '2017-10-29', NULL, '2017-10-29 12:13:00', -1),
(303, 398, 458, '2017-10-29', NULL, '2017-10-29 12:13:00', -1),
(304, 398, 214, '2017-10-29', NULL, '2017-10-29 12:13:00', -1),
(305, 399, 242, '2017-10-29', NULL, '2017-10-29 12:13:00', -1),
(306, 399, 374, '2017-10-29', NULL, '2017-10-29 12:13:00', -1),
(307, 400, 139, '2017-10-29', NULL, '2017-10-29 12:13:00', -1),
(308, 402, 119, '2017-10-29', NULL, '2017-10-29 12:13:00', -1),
(309, 403, 190, '2017-10-29', NULL, '2017-10-29 12:13:00', -1),
(310, 404, 198, '2017-10-29', NULL, '2017-10-29 12:13:00', -1),
(311, 406, 221, '2017-10-29', NULL, '2017-10-29 12:13:00', -1),
(312, 406, 95, '2017-10-29', NULL, '2017-10-29 12:13:00', -1),
(313, 407, 267, '2017-10-29', NULL, '2017-10-29 12:13:00', -1),
(314, 407, 128, '2017-10-29', NULL, '2017-10-29 12:13:00', -1),
(315, 409, 249, '2017-10-29', NULL, '2017-10-29 12:13:00', -1),
(316, 409, 96, '2017-10-29', NULL, '2017-10-29 12:13:00', -1),
(317, 413, 257, '2017-10-29', NULL, '2017-10-29 12:13:00', -1),
(318, 414, 62, '2017-10-29', NULL, '2017-10-29 12:13:00', -1),
(319, 414, 386, '2017-10-29', NULL, '2017-10-29 12:13:00', -1),
(320, 415, 169, '2017-10-29', NULL, '2017-10-29 12:13:00', -1),
(321, 416, 273, '2017-10-29', NULL, '2017-10-29 12:13:00', -1),
(322, 417, 132, '2017-10-29', NULL, '2017-10-29 12:13:00', -1),
(323, 418, 277, '2017-10-29', NULL, '2017-10-29 12:13:00', -1),
(324, 421, 389, '2017-10-29', NULL, '2017-10-29 12:13:00', -1),
(325, 426, 127, '2017-10-29', NULL, '2017-10-29 12:13:00', -1),
(326, 427, 196, '2017-10-29', NULL, '2017-10-29 12:13:00', -1),
(327, 428, 233, '2017-10-29', NULL, '2017-10-29 12:13:00', -1),
(328, 429, 110, '2017-10-29', NULL, '2017-10-29 12:13:00', -1),
(329, 431, 322, '2017-10-29', NULL, '2017-10-29 12:13:00', -1),
(330, 431, 237, '2017-10-29', NULL, '2017-10-29 12:13:00', -1),
(331, 433, 92, '2017-10-29', NULL, '2017-10-29 12:13:00', -1),
(332, 435, 243, '2017-10-29', NULL, '2017-10-29 12:13:00', -1),
(333, 435, 104, '2017-10-29', NULL, '2017-10-29 12:13:00', -1),
(334, 436, 34, '2017-10-29', NULL, '2017-10-29 12:13:00', -1),
(335, 438, 187, '2017-10-29', NULL, '2017-10-29 12:13:00', -1),
(336, 440, 275, '2017-10-29', NULL, '2017-10-29 12:13:00', -1),
(337, 440, 135, '2017-10-29', NULL, '2017-10-29 12:13:00', -1),
(338, 442, 120, '2017-10-29', NULL, '2017-10-29 12:13:00', -1),
(339, 443, 115, '2017-10-29', NULL, '2017-10-29 12:13:00', -1),
(340, 445, 282, '2017-10-29', NULL, '2017-10-29 12:13:00', -1),
(341, 446, 36, '2017-10-29', NULL, '2017-10-29 12:13:00', -1),
(342, 446, 256, '2017-10-29', NULL, '2017-10-29 12:13:00', -1),
(343, 447, 117, '2017-10-29', NULL, '2017-10-29 12:13:00', -1),
(344, 451, 143, '2017-10-29', NULL, '2017-10-29 12:13:00', -1),
(345, 451, 396, '2017-10-29', NULL, '2017-10-29 12:13:00', -1),
(346, 451, 368, '2017-10-29', NULL, '2017-10-29 12:13:00', -1),
(347, 452, 146, '2017-10-29', NULL, '2017-10-29 12:13:00', -1),
(348, 455, 176, '2017-10-29', NULL, '2017-10-29 12:13:00', -1),
(349, 456, 149, '2017-10-29', NULL, '2017-10-29 12:13:00', -1),
(350, 457, 150, '2017-10-29', NULL, '2017-10-29 12:13:00', -1),
(351, 458, 214, '2017-10-29', NULL, '2017-10-29 12:13:00', -1),
(352, 458, 398, '2017-10-29', NULL, '2017-10-29 12:13:00', -1),
(353, 459, 224, '2017-10-29', NULL, '2017-10-29 12:13:00', -1),
(354, 460, 324, '2017-10-29', NULL, '2017-10-29 12:13:00', -1),
(355, 461, 184, '2017-10-29', NULL, '2017-10-29 12:13:00', -1),
(356, 463, 152, '2017-10-29', NULL, '2017-10-29 12:13:00', -1),
(357, 470, 246, '2017-10-29', NULL, '2017-10-29 12:13:00', -1),
(358, 470, 349, '2017-10-29', NULL, '2017-10-29 12:13:00', -1),
(359, 471, 175, '2017-10-29', NULL, '2017-10-29 12:13:00', -1),
(360, 478, 315, '2017-10-29', NULL, '2017-10-29 12:13:00', -1),
(361, 479, 177, '2017-10-29', NULL, '2017-10-29 12:13:00', -1),
(362, 481, 230, '2017-10-29', NULL, '2017-10-29 12:13:00', -1),
(363, 369, 451, '2017-10-29', NULL, '2017-10-29 12:13:00', -1);

-- --------------------------------------------------------

--
-- Table structure for table `nsadmin_appointment_event`
--

CREATE TABLE `nsadmin_appointment_event` (
  `id` smallint(5) UNSIGNED NOT NULL,
  `title` varchar(50) NOT NULL,
  `year_starting` year(4) NOT NULL,
  `default_slot_length` tinyint(2) UNSIGNED NOT NULL DEFAULT '30',
  `active` tinyint(1) UNSIGNED NOT NULL DEFAULT '0',
  `require_registration` tinyint(1) UNSIGNED NOT NULL DEFAULT '1',
  `updated` datetime NOT NULL,
  `updated_by` int(10) NOT NULL
) ENGINE=InnoDB DEFAULT CHARSET=utf8;

-- --------------------------------------------------------

--
-- Table structure for table `nsadmin_appointment_window`
--

CREATE TABLE `nsadmin_appointment_window` (
  `id` smallint(5) UNSIGNED NOT NULL,
  `event_id` smallint(5) UNSIGNED NOT NULL,
  `day_date` date NOT NULL,
  `window_start` time NOT NULL,
  `window_end` time NOT NULL
) ENGINE=InnoDB DEFAULT CHARSET=utf8;

-- --------------------------------------------------------

--
-- Table structure for table `nsadmin_appointment_window_slot`
--

CREATE TABLE `nsadmin_appointment_window_slot` (
  `id` smallint(5) UNSIGNED NOT NULL,
  `event_id` smallint(5) UNSIGNED NOT NULL,
  `window_id` smallint(5) UNSIGNED NOT NULL,
  `day_date` date NOT NULL,
  `slot_start` time NOT NULL,
  `slot_end` time NOT NULL
) ENGINE=InnoDB DEFAULT CHARSET=utf8;

-- --------------------------------------------------------

--
-- Table structure for table `nsadmin_iep_day`
--

CREATE TABLE `nsadmin_iep_day` (
  `id` smallint(5) UNSIGNED NOT NULL,
  `event_id` smallint(5) UNSIGNED NOT NULL,
  `day_date` date NOT NULL,
  `day_start` time NOT NULL,
  `day_end` time NOT NULL,
  `slot_mins` tinyint(2) UNSIGNED NOT NULL,
  `num_slots` tinyint(2) UNSIGNED NOT NULL DEFAULT '1',
  `num_concurrent_slots` tinyint(2) UNSIGNED NOT NULL DEFAULT '2'
) ENGINE=InnoDB DEFAULT CHARSET=utf8;

--
-- Dumping data for table `nsadmin_iep_day`
--

INSERT INTO `nsadmin_iep_day` (`id`, `event_id`, `day_date`, `day_start`, `day_end`, `slot_mins`, `num_slots`, `num_concurrent_slots`) VALUES
(1, 1, '2017-12-12', '09:15:00', '14:30:00', 45, 6, 3),
(2, 1, '2017-12-13', '09:15:00', '14:30:00', 45, 6, 2),
(3, 1, '2017-12-14', '09:15:00', '14:30:00', 45, 6, 2),
(4, 1, '2017-12-15', '09:15:00', '14:30:00', 45, 6, 2);

-- --------------------------------------------------------

--
-- Table structure for table `nsadmin_iep_event`
--

CREATE TABLE `nsadmin_iep_event` (
  `id` smallint(5) UNSIGNED NOT NULL,
  `year_starting` year(4) NOT NULL,
  `event_starting` date NOT NULL,
  `title` varchar(50) NOT NULL,
  `active` tinyint(1) UNSIGNED NOT NULL DEFAULT '0',
  `updated` datetime NOT NULL,
  `updated_by` int(10) UNSIGNED NOT NULL
) ENGINE=InnoDB DEFAULT CHARSET=utf8;

--
-- Dumping data for table `nsadmin_iep_event`
--

INSERT INTO `nsadmin_iep_event` (`id`, `year_starting`, `event_starting`, `title`, `active`, `updated`, `updated_by`) VALUES
(1, 2017, '2017-12-12', 'IEP Meeting T1 2017-18', 1, '2017-12-05 00:00:00', 1);

-- --------------------------------------------------------

--
-- Table structure for table `nsadmin_iep_reservation`
--

CREATE TABLE `nsadmin_iep_reservation` (
  `id` int(10) UNSIGNED NOT NULL,
  `event_id` int(10) UNSIGNED NOT NULL,
  `day_id` int(10) UNSIGNED NOT NULL,
  `slot_id` int(10) UNSIGNED NOT NULL,
  `pupil_id` int(11) UNSIGNED NOT NULL,
  `classroom_teacher_id` int(10) UNSIGNED NOT NULL,
  `support_teacher_id` int(10) UNSIGNED NOT NULL DEFAULT '0',
  `sna_id` int(10) UNSIGNED NOT NULL DEFAULT '0',
  `iep_venue_id` tinyint(2) UNSIGNED NOT NULL,
  `is_break` tinyint(1) UNSIGNED NOT NULL DEFAULT '0',
  `is_locked` tinyint(1) UNSIGNED NOT NULL DEFAULT '0',
  `created` datetime NOT NULL,
  `created_by` int(11) NOT NULL,
  `updated` datetime NOT NULL,
  `updated_by` int(11) NOT NULL
) ENGINE=InnoDB DEFAULT CHARSET=utf8;

--
-- Dumping data for table `nsadmin_iep_reservation`
--

INSERT INTO `nsadmin_iep_reservation` (`id`, `event_id`, `day_id`, `slot_id`, `pupil_id`, `classroom_teacher_id`, `support_teacher_id`, `sna_id`, `iep_venue_id`, `is_break`, `is_locked`, `created`, `created_by`, `updated`, `updated_by`) VALUES
(182, 1, 2, 12, 440, 15, 23, 1105, 3, 0, 1, '2017-12-06 14:29:14', 1, '2017-12-06 14:29:14', 1),
(183, 1, 2, 8, 290, 3, 25, 1103, 11, 0, 1, '2017-12-06 14:29:14', 1, '2017-12-06 14:29:14', 1),
(184, 1, 3, 16, 310, 3, 22, 1103, 11, 0, 1, '2017-12-06 14:29:14', 1, '2017-12-06 14:29:14', 1),
(185, 1, 3, 18, 302, 3, 22, 0, 11, 0, 1, '2017-12-06 14:29:14', 1, '2017-12-06 14:29:14', 1),
(186, 1, 4, 20, 124, 12, 23, 1102, 7, 0, 1, '2017-12-06 14:29:14', 1, '2017-12-06 14:29:14', 1),
(187, 1, 3, 17, 333, 14, 22, 0, 13, 0, 1, '2017-12-06 14:29:14', 1, '2017-12-06 14:29:14', 1),
(188, 1, 1, 6, 296, 3, 22, 0, 11, 0, 1, '2017-12-06 14:29:14', 1, '2017-12-06 14:29:14', 1),
(189, 1, 2, 12, 330, 14, 22, 0, 13, 0, 1, '2017-12-06 14:29:14', 1, '2017-12-06 14:29:14', 1),
(190, 1, 2, 11, 205, 16, 21, 1106, 10, 0, 1, '2017-12-06 14:29:14', 1, '2017-12-06 14:29:14', 1),
(191, 1, 1, 5, 138, 12, 23, 1102, 7, 0, 1, '2017-12-06 14:29:14', 1, '2017-12-06 14:29:14', 1),
(192, 1, 1, 6, 342, 17, 21, 0, 1, 0, 1, '2017-12-06 14:29:14', 1, '2017-12-06 14:29:14', 1),
(193, 1, 1, 1, 125, 12, 23, 1102, 7, 0, 1, '2017-12-06 14:29:14', 1, '2017-12-06 14:29:14', 1),
(194, 1, 1, 5, 201, 13, 19, 0, 8, 0, 1, '2017-12-06 14:29:14', 1, '2017-12-06 14:29:14', 1),
(195, 1, 3, 13, 244, 6, 24, 0, 9, 0, 1, '2017-12-06 14:29:14', 1, '2017-12-06 14:29:14', 1),
(196, 1, 2, 7, 93, 5, 20, 1104, 6, 0, 1, '2017-12-06 14:29:14', 1, '2017-12-06 14:29:14', 1),
(197, 1, 3, 13, 324, 14, 22, 1107, 13, 0, 1, '2017-12-06 14:29:14', 1, '2017-12-06 14:29:14', 1),
(198, 1, 2, 11, 316, 14, 22, 0, 13, 0, 1, '2017-12-06 14:29:14', 1, '2017-12-06 14:29:14', 1),
(199, 1, 1, 4, 270, 2, 20, 0, 12, 0, 1, '2017-12-06 14:29:14', 1, '2017-12-06 14:29:14', 1),
(200, 1, 4, 19, 94, 5, 20, 0, 6, 0, 1, '2017-12-06 14:29:14', 1, '2017-12-06 14:29:14', 1),
(201, 1, 1, 2, 274, 2, 20, 1105, 12, 0, 1, '2017-12-06 14:29:14', 1, '2017-12-06 14:29:14', 1),
(202, 1, 1, 3, 393, 8, 24, 1107, 2, 0, 1, '2017-12-06 14:29:14', 1, '2017-12-06 14:29:14', 1),
(203, 1, 4, 23, 455, 9, 25, 0, 14, 0, 1, '2017-12-06 14:29:14', 1, '2017-12-06 14:29:14', 1),
(204, 1, 1, 4, 329, 14, 22, 0, 13, 0, 1, '2017-12-06 14:29:14', 1, '2017-12-06 14:29:14', 1),
(205, 1, 2, 9, 209, 16, 24, 0, 10, 0, 1, '2017-12-06 14:29:14', 1, '2017-12-06 14:29:14', 1),
(206, 1, 2, 7, 299, 3, 22, 1103, 11, 0, 1, '2017-12-06 14:29:14', 1, '2017-12-06 14:29:14', 1),
(207, 1, 3, 14, 460, 9, 25, 1107, 14, 0, 1, '2017-12-06 14:29:14', 1, '2017-12-06 14:29:14', 1),
(208, 1, 4, 23, 352, 17, 21, 0, 1, 0, 1, '2017-12-06 14:29:14', 1, '2017-12-06 14:29:14', 1),
(209, 1, 1, 5, 291, 3, 22, 0, 11, 0, 1, '2017-12-06 14:29:14', 1, '2017-12-06 14:29:14', 1),
(210, 1, 1, 3, 173, 13, 19, 1106, 8, 0, 1, '2017-12-06 14:29:14', 1, '2017-12-06 14:29:14', 1),
(211, 1, 1, 1, 413, 4, 25, 1108, 4, 0, 1, '2017-12-06 14:29:14', 1, '2017-12-06 14:29:14', 1),
(212, 1, 2, 10, 474, 9, 25, 0, 14, 0, 1, '2017-12-06 14:29:14', 1, '2017-12-06 14:29:14', 1),
(213, 1, 1, 6, 219, 16, 24, 1106, 10, 0, 1, '2017-12-06 14:29:14', 1, '2017-12-06 14:29:14', 1),
(214, 1, 3, 17, 77, 7, 19, 1108, 5, 0, 1, '2017-12-06 14:29:14', 1, '2017-12-06 14:29:14', 1),
(215, 1, 3, 18, 479, 9, 23, 0, 14, 0, 1, '2017-12-06 14:29:14', 1, '2017-12-06 14:29:14', 1),
(216, 1, 4, 19, 197, 13, 19, 0, 8, 0, 1, '2017-12-06 14:29:14', 1, '2017-12-06 14:29:14', 1),
(217, 1, 1, 2, 480, 9, 25, 0, 14, 0, 1, '2017-12-06 14:29:14', 1, '2017-12-06 14:29:14', 1),
(218, 1, 4, 20, 364, 17, 21, 0, 1, 0, 1, '2017-12-06 14:29:14', 1, '2017-12-06 14:29:14', 1);

-- --------------------------------------------------------

--
-- Table structure for table `nsadmin_iep_slot`
--

CREATE TABLE `nsadmin_iep_slot` (
  `id` smallint(5) UNSIGNED NOT NULL,
  `event_id` smallint(5) UNSIGNED NOT NULL,
  `day_id` smallint(5) UNSIGNED NOT NULL,
  `slot_start` time NOT NULL,
  `slot_end` time NOT NULL
) ENGINE=InnoDB DEFAULT CHARSET=utf8;

--
-- Dumping data for table `nsadmin_iep_slot`
--

INSERT INTO `nsadmin_iep_slot` (`id`, `event_id`, `day_id`, `slot_start`, `slot_end`) VALUES
(1, 1, 1, '09:15:00', '10:00:00'),
(2, 1, 1, '10:15:00', '11:00:00'),
(3, 1, 1, '11:00:00', '11:45:00'),
(4, 1, 1, '11:45:00', '12:30:00'),
(5, 1, 1, '13:00:00', '13:45:00'),
(6, 1, 1, '13:45:00', '14:30:00'),
(7, 1, 2, '09:15:00', '10:00:00'),
(8, 1, 2, '10:15:00', '11:00:00'),
(9, 1, 2, '11:00:00', '11:45:00'),
(10, 1, 2, '11:45:00', '12:30:00'),
(11, 1, 2, '13:00:00', '13:45:00'),
(12, 1, 2, '13:45:00', '14:30:00'),
(13, 1, 3, '09:15:00', '10:00:00'),
(14, 1, 3, '10:15:00', '11:00:00'),
(15, 1, 3, '11:00:00', '11:45:00'),
(16, 1, 3, '11:45:00', '12:30:00'),
(17, 1, 3, '13:00:00', '13:45:00'),
(18, 1, 3, '13:45:00', '14:30:00'),
(19, 1, 4, '09:15:00', '10:00:00'),
(20, 1, 4, '10:15:00', '11:00:00'),
(21, 1, 4, '11:00:00', '11:45:00'),
(22, 1, 4, '11:45:00', '12:30:00'),
(23, 1, 4, '13:00:00', '13:45:00'),
(24, 1, 4, '13:45:00', '14:30:00');

-- --------------------------------------------------------

--
-- Table structure for table `nsadmin_pupil_iep`
--

CREATE TABLE `nsadmin_pupil_iep` (
  `tbl_id` int(10) UNSIGNED NOT NULL,
  `id` smallint(5) UNSIGNED NOT NULL,
  `iep_start` date NOT NULL,
  `iep_end` date DEFAULT NULL,
  `updated` datetime NOT NULL,
  `updated_by` int(11) NOT NULL
) ENGINE=InnoDB DEFAULT CHARSET=utf8;

--
-- Dumping data for table `nsadmin_pupil_iep`
--

INSERT INTO `nsadmin_pupil_iep` (`tbl_id`, `id`, `iep_start`, `iep_end`, `updated`, `updated_by`) VALUES
(29, 205, '2017-12-05', NULL, '2017-12-05 12:11:19', -1),
(30, 316, '2017-12-05', NULL, '2017-12-05 12:11:19', -1),
(31, 480, '2017-12-05', NULL, '2017-12-05 12:11:19', -1),
(32, 455, '2017-12-05', NULL, '2017-12-05 12:11:19', -1),
(33, 479, '2017-12-05', NULL, '2017-12-05 12:11:19', -1),
(34, 290, '2017-12-05', NULL, '2017-12-05 12:11:19', -1),
(35, 209, '2017-12-05', NULL, '2017-12-05 12:11:19', -1),
(36, 342, '2017-12-05', NULL, '2017-12-05 12:11:19', -1),
(37, 299, '2017-12-05', NULL, '2017-12-05 12:11:19', -1),
(38, 296, '2017-12-05', NULL, '2017-12-05 12:11:19', -1),
(39, 274, '2017-12-05', NULL, '2017-12-05 12:11:19', -1),
(40, 125, '2017-12-05', NULL, '2017-12-05 12:11:19', -1),
(41, 214, '2017-12-05', NULL, '2017-12-05 12:11:19', -1),
(42, 302, '2017-12-05', NULL, '2017-12-05 12:11:19', -1),
(43, 201, '2017-12-05', NULL, '2017-12-05 12:11:19', -1),
(44, 324, '2017-12-05', NULL, '2017-12-05 12:11:19', -1),
(45, 460, '2017-12-05', NULL, '2017-12-05 12:11:19', -1),
(46, 393, '2017-12-05', NULL, '2017-12-05 12:11:19', -1),
(47, 173, '2017-12-05', NULL, '2017-12-05 12:11:19', -1),
(48, 138, '2017-12-05', NULL, '2017-12-05 12:11:19', -1),
(49, 310, '2017-12-05', NULL, '2017-12-05 12:11:19', -1),
(50, 197, '2017-12-05', NULL, '2017-12-05 12:11:19', -1),
(51, 352, '2017-12-05', NULL, '2017-12-05 12:11:19', -1),
(52, 329, '2017-12-05', NULL, '2017-12-05 12:11:19', -1),
(53, 244, '2017-12-05', NULL, '2017-12-05 12:11:19', -1),
(54, 330, '2017-12-05', NULL, '2017-12-05 12:11:19', -1),
(55, 77, '2017-12-05', NULL, '2017-12-05 12:11:19', -1),
(56, 439, '2017-12-05', NULL, '2017-12-05 12:11:19', -1),
(57, 124, '2017-12-05', NULL, '2017-12-05 12:11:19', -1),
(58, 440, '2017-12-05', NULL, '2017-12-05 12:11:19', -1),
(59, 333, '2017-12-05', NULL, '2017-12-05 12:11:19', -1),
(60, 474, '2017-12-05', NULL, '2017-12-05 12:11:19', -1),
(61, 291, '2017-12-05', NULL, '2017-12-05 12:11:19', -1),
(62, 219, '2017-12-05', NULL, '2017-12-05 12:11:19', -1),
(63, 93, '2017-12-05', NULL, '2017-12-05 12:11:19', -1),
(64, 270, '2017-12-05', NULL, '2017-12-05 12:11:19', -1),
(65, 94, '2017-12-05', NULL, '2017-12-05 12:11:19', -1),
(66, 364, '2017-12-05', NULL, '2017-12-05 12:11:19', -1),
(67, 413, '2017-12-05', NULL, '2017-12-05 12:11:19', -1);

-- --------------------------------------------------------

--
-- Table structure for table `nsadmin_pupil_sna`
--

CREATE TABLE `nsadmin_pupil_sna` (
  `tbl_id` int(10) UNSIGNED NOT NULL,
  `id` smallint(5) UNSIGNED NOT NULL,
  `sna_id` smallint(5) UNSIGNED NOT NULL,
  `sna_start` date NOT NULL,
  `sna_end` date DEFAULT NULL,
  `updated` datetime NOT NULL,
  `updated_by` int(11) NOT NULL
) ENGINE=InnoDB DEFAULT CHARSET=utf8;

--
-- Dumping data for table `nsadmin_pupil_sna`
--

INSERT INTO `nsadmin_pupil_sna` (`tbl_id`, `id`, `sna_id`, `sna_start`, `sna_end`, `updated`, `updated_by`) VALUES
(16, 205, 1106, '2017-12-05', NULL, '2017-12-05 12:11:19', -1),
(17, 290, 1103, '2017-12-05', NULL, '2017-12-05 12:11:19', -1),
(18, 299, 1103, '2017-12-05', NULL, '2017-12-05 12:11:19', -1),
(19, 274, 1105, '2017-12-05', NULL, '2017-12-05 12:11:19', -1),
(20, 125, 1102, '2017-12-05', NULL, '2017-12-05 12:11:19', -1),
(21, 324, 1107, '2017-12-05', NULL, '2017-12-05 12:11:19', -1),
(22, 460, 1107, '2017-12-05', NULL, '2017-12-05 12:11:19', -1),
(23, 393, 1107, '2017-12-05', NULL, '2017-12-05 12:11:19', -1),
(24, 173, 1106, '2017-12-05', NULL, '2017-12-05 12:11:19', -1),
(25, 138, 1102, '2017-12-05', NULL, '2017-12-05 12:11:19', -1),
(26, 310, 1103, '2017-12-05', NULL, '2017-12-05 12:11:19', -1),
(27, 77, 1108, '2017-12-05', NULL, '2017-12-05 12:11:19', -1),
(28, 439, 1105, '2017-12-05', NULL, '2017-12-05 12:11:19', -1),
(29, 124, 1102, '2017-12-05', NULL, '2017-12-05 12:11:19', -1),
(30, 440, 1105, '2017-12-05', NULL, '2017-12-05 12:11:19', -1),
(31, 219, 1106, '2017-12-05', NULL, '2017-12-05 12:11:19', -1),
(32, 93, 1104, '2017-12-05', NULL, '2017-12-05 12:11:19', -1),
(33, 413, 1108, '2017-12-05', NULL, '2017-12-05 12:11:19', -1);

-- --------------------------------------------------------

--
-- Table structure for table `nsadmin_pupil_support`
--

CREATE TABLE `nsadmin_pupil_support` (
  `tbl_id` int(10) UNSIGNED NOT NULL,
  `id` smallint(5) UNSIGNED NOT NULL,
  `support_category_id` tinyint(3) UNSIGNED NOT NULL,
  `support_sub_category_id` tinyint(3) UNSIGNED NOT NULL,
  `support_start` date NOT NULL,
  `support_end` date DEFAULT NULL,
  `updated` datetime NOT NULL,
  `updated_by` int(11) NOT NULL
) ENGINE=InnoDB DEFAULT CHARSET=utf8;

--
-- Dumping data for table `nsadmin_pupil_support`
--

INSERT INTO `nsadmin_pupil_support` (`tbl_id`, `id`, `support_category_id`, `support_sub_category_id`, `support_start`, `support_end`, `updated`, `updated_by`) VALUES
(28, 205, 4, 27, '2017-12-05', NULL, '2017-12-05 12:11:19', -1),
(29, 316, 3, 13, '2017-12-05', NULL, '2017-12-05 12:11:19', -1),
(30, 480, 4, 30, '2017-12-05', NULL, '2017-12-05 12:11:19', -1),
(31, 455, 3, 13, '2017-12-05', NULL, '2017-12-05 12:11:19', -1),
(32, 479, 4, 28, '2017-12-05', NULL, '2017-12-05 12:11:19', -1),
(33, 290, 4, 30, '2017-12-05', NULL, '2017-12-05 12:11:19', -1),
(34, 209, 4, 23, '2017-12-05', NULL, '2017-12-05 12:11:19', -1),
(35, 342, 4, 28, '2017-12-05', NULL, '2017-12-05 12:11:19', -1),
(36, 299, 4, 30, '2017-12-05', NULL, '2017-12-05 12:11:19', -1),
(37, 296, 3, 13, '2017-12-05', NULL, '2017-12-05 12:11:19', -1),
(38, 274, 4, 27, '2017-12-05', NULL, '2017-12-05 12:11:19', -1),
(39, 125, 4, 27, '2017-12-05', NULL, '2017-12-05 12:11:19', -1),
(40, 214, 4, 27, '2017-12-05', NULL, '2017-12-05 12:11:19', -1),
(41, 302, 3, 13, '2017-12-05', NULL, '2017-12-05 12:11:19', -1),
(42, 201, 4, 23, '2017-12-05', NULL, '2017-12-05 12:11:19', -1),
(43, 324, 4, 30, '2017-12-05', NULL, '2017-12-05 12:11:19', -1),
(44, 460, 4, 30, '2017-12-05', NULL, '2017-12-05 12:11:19', -1),
(45, 393, 4, 20, '2017-12-05', NULL, '2017-12-05 12:11:19', -1),
(46, 173, 4, 27, '2017-12-05', NULL, '2017-12-05 12:11:19', -1),
(47, 138, 4, 27, '2017-12-05', NULL, '2017-12-05 12:11:19', -1),
(48, 310, 4, 23, '2017-12-05', NULL, '2017-12-05 12:11:19', -1),
(49, 197, 3, 13, '2017-12-05', NULL, '2017-12-05 12:11:19', -1),
(50, 352, 4, 21, '2017-12-05', NULL, '2017-12-05 12:11:19', -1),
(51, 329, 3, 12, '2017-12-05', NULL, '2017-12-05 12:11:19', -1),
(52, 244, 3, 11, '2017-12-05', NULL, '2017-12-05 12:11:19', -1),
(53, 330, 4, 21, '2017-12-05', NULL, '2017-12-05 12:11:19', -1),
(54, 77, 4, 23, '2017-12-05', NULL, '2017-12-05 12:11:19', -1),
(55, 439, 4, 27, '2017-12-05', NULL, '2017-12-05 12:11:19', -1),
(56, 124, 4, 23, '2017-12-05', NULL, '2017-12-05 12:11:19', -1),
(57, 440, 4, 21, '2017-12-05', NULL, '2017-12-05 12:11:19', -1),
(58, 333, 3, 12, '2017-12-05', NULL, '2017-12-05 12:11:19', -1),
(59, 474, 3, 11, '2017-12-05', NULL, '2017-12-05 12:11:19', -1),
(60, 291, 3, 11, '2017-12-05', NULL, '2017-12-05 12:11:19', -1),
(61, 219, 4, 30, '2017-12-05', NULL, '2017-12-05 12:11:19', -1),
(62, 93, 4, 30, '2017-12-05', NULL, '2017-12-05 12:11:19', -1),
(63, 270, 4, 28, '2017-12-05', NULL, '2017-12-05 12:11:19', -1),
(64, 94, 4, 28, '2017-12-05', NULL, '2017-12-05 12:11:19', -1),
(65, 364, 4, 21, '2017-12-05', NULL, '2017-12-05 12:11:19', -1),
(66, 413, 4, 27, '2017-12-05', NULL, '2017-12-05 12:11:19', -1);

-- --------------------------------------------------------

--
-- Table structure for table `nsadmin_setting`
--

CREATE TABLE `nsadmin_setting` (
  `tbl_id` int(10) UNSIGNED NOT NULL,
  `setting_key` tinytext NOT NULL,
  `setting_value` varchar(50) DEFAULT NULL,
  `setting_year_starting` year(4) NOT NULL
) ENGINE=InnoDB DEFAULT CHARSET=utf8;

--
-- Dumping data for table `nsadmin_setting`
--

INSERT INTO `nsadmin_setting` (`tbl_id`, `setting_key`, `setting_value`, `setting_year_starting`) VALUES
(1, 'year_starting', '2017', 2017),
(2, 'stp_can_span_months', '1', 2017),
(3, 'stp_confined_to_one_week', '1', 2017);

-- --------------------------------------------------------

--
-- Table structure for table `person`
--

CREATE TABLE `person` (
  `id` int(10) UNSIGNED NOT NULL,
  `ext_id` smallint(5) UNSIGNED DEFAULT NULL,
  `fname` varchar(35) DEFAULT NULL,
  `lname` varchar(35) DEFAULT NULL,
  `indexed_lname` tinytext CHARACTER SET latin1 COLLATE latin1_bin,
  `salute_name` varchar(50) CHARACTER SET utf8 COLLATE utf8_bin DEFAULT NULL,
  `salt_id` tinyint(2) UNSIGNED NOT NULL DEFAULT '0',
  `landline` tinytext CHARACTER SET latin1 COLLATE latin1_bin,
  `mobile` tinytext CHARACTER SET latin1 COLLATE latin1_bin,
  `email` tinytext CHARACTER SET latin1 COLLATE latin1_bin,
  `landline_alt` tinytext CHARACTER SET latin1 COLLATE latin1_bin,
  `mobile_alt` tinytext CHARACTER SET latin1 COLLATE latin1_bin,
  `email_alt` tinytext CHARACTER SET latin1 COLLATE latin1_bin,
  `is_staff` tinyint(1) UNSIGNED NOT NULL DEFAULT '0',
  `is_guardian` tinyint(1) UNSIGNED NOT NULL DEFAULT '0',
  `is_member` tinyint(1) UNSIGNED NOT NULL DEFAULT '0',
  `active` tinyint(1) UNSIGNED NOT NULL DEFAULT '0',
  `created` datetime NOT NULL,
  `deactivated` date DEFAULT NULL,
  `updated` datetime NOT NULL,
  `updated_by` int(6) NOT NULL
) ENGINE=InnoDB DEFAULT CHARSET=utf8;

--
-- Dumping data for table `person`
--

INSERT INTO `person` (`id`, `ext_id`, `fname`, `lname`, `indexed_lname`, `salute_name`, `salt_id`, `landline`, `mobile`, `email`, `landline_alt`, `mobile_alt`, `email_alt`, `is_staff`, `is_guardian`, `is_member`, `active`, `created`, `deactivated`, `updated`, `updated_by`) VALUES
(1, NULL, 'Mary', 'Coplin', 'coplin', 'Ms Coplin', 8, NULL, '+020 91 734 5627', 'admin@example.com', NULL, NULL, NULL, 1, 0, 0, 1, '2017-12-20 12:12:58', NULL, '2017-12-20 12:12:58', -1),
(2, 51, 'Latina', 'Charlie', 'charlie', 'Ms Charlie', 8, NULL, '+020 91 134 5549', 'latina1@example.com', NULL, NULL, NULL, 1, 0, 0, 1, '2017-10-29 12:12:58', '2017-10-29', '2017-10-29 12:12:58', -1),
(3, 15, 'Kristin', 'Rode', 'rode', 'Ms Rode', 8, NULL, '+020 91 167 5879', 'kristin1@example.com', NULL, NULL, NULL, 1, 0, 0, 1, '2017-10-29 12:12:58', '2017-10-29', '2017-10-29 12:12:58', -1),
(4, 16, 'Theron', 'Rogers', 'rogers', 'Ms Rogers', 8, NULL, '+020 91 160 4186', 'theron1@example.com', NULL, NULL, NULL, 1, 0, 0, 1, '2017-10-29 12:12:58', '2017-10-29', '2017-10-29 12:12:58', -1),
(5, 2, 'Lise', 'Ariza', 'ariza', 'Ms Ariza', 8, NULL, '+020 91 226 1750', 'lise1@example.com', NULL, NULL, NULL, 1, 0, 0, 1, '2017-10-29 12:12:58', '2017-10-29', '2017-10-29 12:12:58', -1),
(6, 14, 'Nenita', 'Moors', 'moors', 'Ms Moors', 8, NULL, '+020 91 228 9412', 'nenita1@example.com', NULL, NULL, NULL, 1, 0, 0, 1, '2017-10-29 12:12:58', '2017-10-29', '2017-10-29 12:12:58', -1),
(7, 17, 'Antionette', 'Larsen', 'larsen', 'Ms Larsen', 8, NULL, '+020 91 918 8717', 'antionette1@example.com', NULL, NULL, NULL, 1, 1, 0, 1, '2017-10-29 12:12:58', NULL, '2017-10-29 12:12:59', -1),
(8, 38, 'Billie', 'Niemeyer', 'emeyer', 'Ms Niemeyer', 8, NULL, '+020 91 888 6808', 'billie1@example.com', NULL, NULL, NULL, 1, 0, 0, 1, '2017-10-29 12:12:58', '2017-10-29', '2017-10-29 12:12:58', -1),
(9, 7, 'Reagan', 'Butler', 'butler', 'Ms Butler', 8, NULL, '+020 91 720 3725', 'reagan1@example.com', NULL, NULL, NULL, 1, 0, 0, 1, '2017-10-29 12:12:58', '2017-10-29', '2017-10-29 12:12:58', -1),
(10, 9, 'Tiffany', 'Puga', 'puga', 'Ms Puga', 8, NULL, '+020 91 963 5324', 'tiffany1@example.com', NULL, NULL, NULL, 1, 0, 0, 1, '2017-10-29 12:12:58', '2017-10-29', '2017-10-29 12:12:58', -1),
(11, 63, 'Francis', 'Saffold', 'saffold', 'Mr Saffold', 6, NULL, '+020 91 051 3908', 'francis1@example.com', NULL, NULL, NULL, 1, 0, 0, 1, '2017-10-29 12:12:58', '2017-10-29', '2017-10-29 12:12:58', -1),
(12, 10, 'Sandy', 'Pickerel', 'pickerel', 'Ms Pickerel', 8, NULL, '+020 91 221 1931', 'sandy1@example.com', NULL, NULL, NULL, 1, 0, 0, 1, '2017-10-29 12:12:58', '2017-10-29', '2017-10-29 12:12:58', -1),
(13, 11, 'Viola', 'Becraft', 'becraft', 'Ms Becraft', 8, NULL, '+020 91 285 3870', 'viola1@example.com', NULL, NULL, NULL, 1, 0, 0, 1, '2017-10-29 12:12:58', '2017-10-29', '2017-10-29 12:12:58', -1),
(14, 53, 'Allegra', 'Meyerson', 'meyerson', 'Ms Meyerson', 8, NULL, '+020 91 210 3888', 'allegra1@example.com', NULL, NULL, NULL, 1, 0, 0, 1, '2017-10-29 12:12:58', '2017-10-29', '2017-10-29 12:12:58', -1),
(15, 37, 'Jarrod', 'Mcneese', 'neese', 'Ms Mcneese', 8, NULL, '+020 91 882 8336', 'jarrod1@example.com', NULL, NULL, NULL, 1, 0, 0, 1, '2017-10-29 12:12:58', '2017-10-29', '2017-10-29 12:12:58', -1),
(16, 5, 'Malvina', 'Tabron', 'tabron', 'Ms Tabron', 8, NULL, '+020 91 620 4649', 'malvina1@example.com', NULL, NULL, NULL, 1, 0, 0, 1, '2017-10-29 12:12:58', '2017-10-29', '2017-10-29 12:12:58', -1),
(17, 8, 'Aide', 'Auman', 'auman', 'Ms Auman', 8, NULL, '+020 91 804 0617', 'aide1@example.com', NULL, NULL, NULL, 1, 0, 0, 1, '2017-10-29 12:12:58', '2017-10-29', '2017-10-29 12:12:58', -1),
(18, 22, 'Luvenia', 'Awad', 'awad', 'Ms Awad', 8, NULL, '+020 91 318 7925', 'luvenia1@example.com', NULL, NULL, NULL, 1, 1, 0, 1, '2017-10-29 12:12:58', NULL, '2017-10-29 12:12:59', -1),
(19, 12, 'Joni', 'Ruiz', 'ruiz', 'Ms Ruiz', 8, NULL, '+020 91 652 4026', 'joni1@example.com', NULL, NULL, NULL, 1, 1, 0, 1, '2017-10-29 12:12:58', NULL, '2017-10-29 12:12:59', -1),
(20, 13, 'Columbus', 'Woll', 'woll', 'Ms Woll', 8, NULL, '+020 91 380 9794', 'columbus1@example.com', NULL, NULL, NULL, 1, 0, 0, 1, '2017-10-29 12:12:58', '2017-10-29', '2017-10-29 12:12:58', -1),
(21, 21, 'Lino', 'Edgemon', 'edgemon', 'Ms Edgemon', 8, NULL, '+020 91 228 2565', 'lino1@example.com', NULL, NULL, NULL, 1, 1, 0, 1, '2017-10-29 12:12:58', NULL, '2017-10-29 12:12:59', -1),
(22, 23, 'Verlene', 'Rauch', 'rauch', 'Ms Rauch', 8, NULL, '+020 91 051 6626', 'verlene1@example.com', NULL, NULL, NULL, 1, 0, 0, 1, '2017-10-29 12:12:58', '2017-10-29', '2017-10-29 12:12:58', -1),
(23, 52, 'Hobert', 'Houchin', 'houchin', 'Mr Houchin', 6, NULL, '+020 91 126 9690', 'hobert1@example.com', NULL, NULL, NULL, 1, 0, 0, 1, '2017-10-29 12:12:58', '2017-10-29', '2017-10-29 12:12:58', -1),
(24, 74, 'Desmond', 'Holloway', 'holloway', 'Mr Holloway', 6, NULL, NULL, NULL, NULL, NULL, NULL, 1, 0, 0, 1, '2017-10-29 12:12:58', '2017-10-29', '2017-10-29 12:12:58', -1),
(25, 78, 'Delora', 'Cypert', 'cypert', 'Ms Cypert', 8, NULL, NULL, NULL, NULL, NULL, NULL, 1, 0, 0, 1, '2017-10-29 12:12:58', '2017-10-29', '2017-10-29 12:12:58', -1),
(26, 79, 'Terence', 'Hooton', 'hooton', 'Mr Hooton', 6, NULL, NULL, NULL, NULL, NULL, NULL, 1, 0, 0, 1, '2017-10-29 12:12:58', '2017-10-29', '2017-10-29 12:12:58', -1),
(27, 872, 'Alvera', 'Boyd', 'boyd', NULL, 0, NULL, NULL, NULL, NULL, NULL, NULL, 0, 0, 1, 1, '2017-10-29 12:12:58', '2017-10-29', '2017-10-29 12:12:58', -1),
(28, 930, 'Adelina', 'Sakamoto', 'sakamoto', NULL, 0, NULL, NULL, NULL, NULL, NULL, NULL, 0, 0, 1, 1, '2017-10-29 12:12:58', '2017-10-29', '2017-10-29 12:12:58', -1),
(29, 931, 'Cleotilde', 'Schmucker', 'schmucker', NULL, 0, NULL, NULL, NULL, NULL, NULL, NULL, 0, 0, 1, 1, '2017-10-29 12:12:58', '2017-10-29', '2017-10-29 12:12:58', -1),
(30, 946, 'Vern', 'Lague', 'lague', NULL, 0, NULL, NULL, NULL, NULL, NULL, NULL, 0, 0, 1, 1, '2017-10-29 12:12:58', '2017-10-29', '2017-10-29 12:12:58', -1),
(31, 958, 'Lacey', 'Carner', 'carner', NULL, 0, NULL, NULL, NULL, NULL, NULL, NULL, 0, 0, 1, 1, '2017-10-29 12:12:58', '2017-10-29', '2017-10-29 12:12:58', -1),
(32, 962, 'Kesha', 'Lindauer', 'lindauer', NULL, 0, NULL, NULL, NULL, NULL, NULL, NULL, 0, 0, 1, 1, '2017-10-29 12:12:58', '2017-10-29', '2017-10-29 12:12:58', -1),
(33, 966, 'Vincenza', 'Carbajal', 'carbajal', NULL, 0, NULL, NULL, NULL, NULL, NULL, NULL, 0, 0, 1, 1, '2017-10-29 12:12:58', '2017-10-29', '2017-10-29 12:12:58', -1),
(34, 988, 'Gregory', 'Clayborn', 'clayborn', NULL, 0, NULL, NULL, NULL, NULL, NULL, NULL, 0, 0, 1, 1, '2017-10-29 12:12:58', '2017-10-29', '2017-10-29 12:12:58', -1),
(35, 1027, 'Deanne', 'Exline', 'exline', NULL, 0, NULL, NULL, NULL, NULL, NULL, NULL, 0, 0, 1, 1, '2017-10-29 12:12:58', '2017-10-29', '2017-10-29 12:12:58', -1),
(36, 1043, 'Arlette', 'Puterbaugh', 'puterbaugh', NULL, 0, NULL, NULL, NULL, NULL, NULL, NULL, 0, 0, 1, 1, '2017-10-29 12:12:58', '2017-10-29', '2017-10-29 12:12:58', -1),
(37, 1047, 'Kurtis', 'Dufour', 'dufour', NULL, 0, NULL, NULL, NULL, NULL, NULL, NULL, 0, 0, 1, 1, '2017-10-29 12:12:58', '2017-10-29', '2017-10-29 12:12:58', -1),
(38, 1066, 'Shirley', 'Hageman', 'hageman', NULL, 0, NULL, NULL, NULL, NULL, NULL, NULL, 0, 0, 1, 1, '2017-10-29 12:12:58', '2017-10-29', '2017-10-29 12:12:58', -1),
(39, 1068, 'Linda', 'Fales', 'fales', NULL, 0, NULL, NULL, NULL, NULL, NULL, NULL, 0, 0, 1, 1, '2017-10-29 12:12:58', '2017-10-29', '2017-10-29 12:12:58', -1),
(40, 1072, 'Luella', 'Aldinger', 'aldinger', NULL, 0, NULL, NULL, NULL, NULL, NULL, NULL, 0, 0, 1, 1, '2017-10-29 12:12:58', '2017-10-29', '2017-10-29 12:12:58', -1),
(41, 1077, 'Carrie', 'Poplawski', 'poplawski', NULL, 0, NULL, NULL, NULL, NULL, NULL, NULL, 0, 0, 1, 1, '2017-10-29 12:12:58', '2017-10-29', '2017-10-29 12:12:58', -1),
(42, 1078, 'Caterina', 'Pummill', 'pummill', NULL, 0, NULL, NULL, NULL, NULL, NULL, NULL, 0, 0, 1, 1, '2017-10-29 12:12:58', '2017-10-29', '2017-10-29 12:12:58', -1),
(43, 1094, 'Vivan', 'Stonerock', 'stonerock', NULL, 0, NULL, NULL, NULL, NULL, NULL, NULL, 0, 0, 1, 1, '2017-10-29 12:12:58', '2017-10-29', '2017-10-29 12:12:58', -1),
(44, 1098, 'Azalee', 'Just', 'just', NULL, 0, NULL, NULL, NULL, NULL, NULL, NULL, 0, 0, 1, 1, '2017-10-29 12:12:58', '2017-10-29', '2017-10-29 12:12:58', -1),
(45, 1099, 'Stacey', 'Derossett', 'derossett', NULL, 0, NULL, NULL, NULL, NULL, NULL, NULL, 0, 0, 1, 1, '2017-10-29 12:12:58', '2017-10-29', '2017-10-29 12:12:58', -1),
(46, 1105, 'Junita', 'Blount', 'blount', NULL, 0, NULL, NULL, NULL, NULL, NULL, NULL, 0, 0, 1, 1, '2017-10-29 12:12:58', '2017-10-29', '2017-10-29 12:12:58', -1),
(47, 1110, 'Freeman', 'Brockway', 'brockway', NULL, 0, NULL, NULL, NULL, NULL, NULL, NULL, 0, 0, 1, 1, '2017-10-29 12:12:58', '2017-10-29', '2017-10-29 12:12:58', -1),
(48, 1114, 'Aurore', 'Bloodworth', 'bloodworth', NULL, 0, NULL, NULL, NULL, NULL, NULL, NULL, 0, 0, 1, 1, '2017-10-29 12:12:58', '2017-10-29', '2017-10-29 12:12:58', -1),
(49, 1115, 'Ranee', 'Bloodworth', 'bloodworth', NULL, 0, NULL, NULL, NULL, NULL, NULL, NULL, 0, 0, 1, 1, '2017-10-29 12:12:58', '2017-10-29', '2017-10-29 12:12:58', -1),
(50, 1125, 'Melissia', 'Pifer', 'pifer', NULL, 0, NULL, NULL, NULL, NULL, NULL, NULL, 0, 0, 1, 1, '2017-10-29 12:12:58', '2017-10-29', '2017-10-29 12:12:58', -1),
(51, 1139, 'Collene', 'Ketcher', 'ketcher', NULL, 0, NULL, NULL, NULL, NULL, NULL, NULL, 0, 0, 1, 1, '2017-10-29 12:12:58', '2017-10-29', '2017-10-29 12:12:58', -1),
(52, 1152, 'Pandora', 'Teston', 'teston', NULL, 0, NULL, NULL, NULL, NULL, NULL, NULL, 0, 0, 1, 1, '2017-10-29 12:12:58', '2017-10-29', '2017-10-29 12:12:58', -1),
(53, 1156, 'Roger', 'Pettey', 'pettey', NULL, 0, NULL, NULL, NULL, NULL, NULL, NULL, 0, 0, 1, 1, '2017-10-29 12:12:58', '2017-10-29', '2017-10-29 12:12:58', -1),
(54, 1309, 'Parthenia', 'Malizia', 'malizia', NULL, 0, NULL, NULL, NULL, NULL, NULL, NULL, 0, 0, 1, 1, '2017-10-29 12:12:58', '2017-10-29', '2017-10-29 12:12:58', -1),
(55, 1554, 'Juliet', 'Zhang', 'zhang', NULL, 0, NULL, NULL, NULL, NULL, NULL, NULL, 0, 0, 1, 1, '2017-10-29 12:12:58', '2017-10-29', '2017-10-29 12:12:58', -1),
(56, 1586, 'Oliver', 'Orellana', 'rellana', NULL, 0, NULL, NULL, NULL, NULL, NULL, NULL, 0, 0, 1, 1, '2017-10-29 12:12:58', '2017-10-29', '2017-10-29 12:12:58', -1),
(57, 917, 'Illa', 'Cowan', 'cowan', NULL, 0, NULL, NULL, NULL, NULL, NULL, NULL, 0, 0, 1, 1, '2017-10-29 12:12:58', '2017-10-29', '2017-10-29 12:12:58', -1),
(58, 934, 'Doloris', 'Cockrell', 'cockrell', NULL, 0, NULL, NULL, NULL, NULL, NULL, NULL, 0, 0, 1, 1, '2017-10-29 12:12:58', '2017-10-29', '2017-10-29 12:12:58', -1),
(59, 949, 'Cassidy', 'Heinrichs', 'heinrichs', NULL, 0, NULL, NULL, NULL, NULL, NULL, NULL, 0, 0, 1, 1, '2017-10-29 12:12:58', '2017-10-29', '2017-10-29 12:12:58', -1),
(60, 951, 'Fredericka', 'Wolery', 'wolery', NULL, 0, NULL, NULL, NULL, NULL, NULL, NULL, 0, 0, 1, 1, '2017-10-29 12:12:58', '2017-10-29', '2017-10-29 12:12:58', -1),
(61, 974, 'Darlena', 'Miley', 'miley', NULL, 0, NULL, NULL, NULL, NULL, NULL, NULL, 0, 0, 1, 1, '2017-10-29 12:12:58', '2017-10-29', '2017-10-29 12:12:58', -1),
(62, 1002, 'Noma', 'Nurse', 'nurse', NULL, 0, NULL, NULL, NULL, NULL, NULL, NULL, 0, 0, 1, 1, '2017-10-29 12:12:58', '2017-10-29', '2017-10-29 12:12:58', -1),
(63, 1023, 'Erma', 'Fickel', 'fickel', NULL, 0, NULL, NULL, NULL, NULL, NULL, NULL, 0, 0, 1, 1, '2017-10-29 12:12:58', '2017-10-29', '2017-10-29 12:12:58', -1),
(64, 1031, 'Josphine', 'Kimbro', 'kimbro', NULL, 0, NULL, NULL, NULL, NULL, NULL, NULL, 0, 0, 1, 1, '2017-10-29 12:12:58', '2017-10-29', '2017-10-29 12:12:58', -1),
(65, 1065, 'Thomasena', 'Shapiro', 'shapiro', NULL, 0, NULL, NULL, NULL, NULL, NULL, NULL, 0, 0, 1, 1, '2017-10-29 12:12:58', '2017-10-29', '2017-10-29 12:12:58', -1),
(66, 1067, 'Jamila', 'Knipe', 'knipe', NULL, 0, NULL, NULL, NULL, NULL, NULL, NULL, 0, 0, 1, 1, '2017-10-29 12:12:58', '2017-10-29', '2017-10-29 12:12:58', -1),
(67, 1070, 'Carter', 'Karnes', 'karnes', NULL, 0, NULL, NULL, NULL, NULL, NULL, NULL, 0, 0, 1, 1, '2017-10-29 12:12:58', '2017-10-29', '2017-10-29 12:12:58', -1),
(68, 1071, 'Meghan', 'Madigan', 'madigan', NULL, 0, NULL, NULL, NULL, NULL, NULL, NULL, 0, 0, 1, 1, '2017-10-29 12:12:58', '2017-10-29', '2017-10-29 12:12:58', -1),
(69, 1074, 'Jenise', 'Parlin', 'parlin', NULL, 0, NULL, NULL, NULL, NULL, NULL, NULL, 0, 0, 1, 1, '2017-10-29 12:12:58', '2017-10-29', '2017-10-29 12:12:58', -1),
(70, 1079, 'Madelyn', 'Houseknecht', 'houseknecht', NULL, 0, NULL, NULL, NULL, NULL, NULL, NULL, 0, 0, 1, 1, '2017-10-29 12:12:58', '2017-10-29', '2017-10-29 12:12:58', -1),
(71, 1081, 'Susann', 'Applin', 'applin', NULL, 0, NULL, NULL, NULL, NULL, NULL, NULL, 0, 0, 1, 1, '2017-10-29 12:12:58', '2017-10-29', '2017-10-29 12:12:58', -1),
(72, 1087, 'Melvina', 'Rulison', 'rulison', NULL, 0, NULL, NULL, NULL, NULL, NULL, NULL, 0, 0, 1, 1, '2017-10-29 12:12:58', '2017-10-29', '2017-10-29 12:12:58', -1),
(73, 1088, 'Philip', 'Castenada', 'castenada', NULL, 0, NULL, NULL, NULL, NULL, NULL, NULL, 0, 0, 1, 1, '2017-10-29 12:12:58', '2017-10-29', '2017-10-29 12:12:58', -1),
(74, 1092, 'Dorothy', 'Thelen', 'thelen', NULL, 0, NULL, NULL, NULL, NULL, NULL, NULL, 0, 0, 1, 1, '2017-10-29 12:12:58', '2017-10-29', '2017-10-29 12:12:58', -1),
(75, 1093, 'Hershel', 'Husk', 'husk', NULL, 0, NULL, NULL, NULL, NULL, NULL, NULL, 0, 0, 1, 1, '2017-10-29 12:12:58', '2017-10-29', '2017-10-29 12:12:58', -1),
(76, 1097, 'Natalya', 'Pannell', 'pannell', NULL, 0, NULL, NULL, NULL, NULL, NULL, NULL, 0, 0, 1, 1, '2017-10-29 12:12:58', '2017-10-29', '2017-10-29 12:12:58', -1),
(77, 1102, 'Corinne', 'Dorantes', 'dorantes', NULL, 0, NULL, NULL, NULL, NULL, NULL, NULL, 0, 0, 1, 1, '2017-10-29 12:12:58', '2017-10-29', '2017-10-29 12:12:58', -1),
(78, 1109, 'Janet', 'Schmoll', 'schmoll', NULL, 0, NULL, NULL, NULL, NULL, NULL, NULL, 0, 0, 1, 1, '2017-10-29 12:12:58', '2017-10-29', '2017-10-29 12:12:58', -1),
(79, 1111, 'Ruth', 'Trask', 'trask', NULL, 0, NULL, NULL, NULL, NULL, NULL, NULL, 0, 0, 1, 1, '2017-10-29 12:12:58', '2017-10-29', '2017-10-29 12:12:58', -1),
(80, 1162, 'Cristina', 'Acre', 'acre', NULL, 0, NULL, NULL, NULL, NULL, NULL, NULL, 0, 0, 1, 1, '2017-10-29 12:12:58', '2017-10-29', '2017-10-29 12:12:58', -1),
(81, 1169, 'Altagracia', 'Littlewood', 'littlewood', NULL, 0, NULL, NULL, NULL, NULL, NULL, NULL, 0, 0, 1, 1, '2017-10-29 12:12:58', '2017-10-29', '2017-10-29 12:12:58', -1),
(82, 1174, 'Karoline', 'Maggi', 'maggi', NULL, 0, NULL, NULL, NULL, NULL, NULL, NULL, 0, 0, 1, 1, '2017-10-29 12:12:58', '2017-10-29', '2017-10-29 12:12:58', -1),
(83, 1584, 'Marget', 'Nellum', 'nellum', NULL, 0, NULL, NULL, NULL, NULL, NULL, NULL, 0, 0, 1, 1, '2017-10-29 12:12:58', '2017-10-29', '2017-10-29 12:12:58', -1),
(84, 1810, 'Hillary', 'Giles', 'giles', NULL, 0, NULL, NULL, NULL, NULL, NULL, NULL, 0, 0, 1, 1, '2017-10-29 12:12:58', '2017-10-29', '2017-10-29 12:12:58', -1),
(85, 817, 'Maxine', 'Weaver', 'weaver', NULL, 0, NULL, NULL, NULL, NULL, NULL, NULL, 0, 0, 1, 1, '2017-10-29 12:12:58', '2017-10-29', '2017-10-29 12:12:58', -1),
(86, 819, 'Zonia', 'Sams', 'sams', NULL, 0, NULL, NULL, NULL, NULL, NULL, NULL, 0, 0, 1, 1, '2017-10-29 12:12:58', '2017-10-29', '2017-10-29 12:12:58', -1),
(87, 823, 'Chance', 'Ridlon', 'ridlon', NULL, 0, NULL, NULL, NULL, NULL, NULL, NULL, 0, 0, 1, 1, '2017-10-29 12:12:58', '2017-10-29', '2017-10-29 12:12:58', -1),
(88, 827, 'Randell', 'Mcgehee', 'gehee', NULL, 0, NULL, NULL, NULL, NULL, NULL, NULL, 0, 0, 1, 1, '2017-10-29 12:12:58', '2017-10-29', '2017-10-29 12:12:58', -1),
(89, 834, 'Lue', 'Vashon', 'vashon', NULL, 0, NULL, NULL, NULL, NULL, NULL, NULL, 0, 0, 1, 1, '2017-10-29 12:12:58', '2017-10-29', '2017-10-29 12:12:58', -1),
(90, 835, 'Lakeisha', 'Ippolito', 'ippolito', NULL, 0, NULL, NULL, NULL, NULL, NULL, NULL, 0, 0, 1, 1, '2017-10-29 12:12:58', '2017-10-29', '2017-10-29 12:12:58', -1),
(91, 840, 'Harold', 'Hansen', 'hansen', NULL, 0, NULL, NULL, NULL, NULL, NULL, NULL, 0, 0, 1, 1, '2017-10-29 12:12:58', '2017-10-29', '2017-10-29 12:12:58', -1),
(92, 846, 'Kathe', 'Hatley', 'hatley', NULL, 0, NULL, NULL, NULL, NULL, NULL, NULL, 0, 0, 1, 1, '2017-10-29 12:12:58', '2017-10-29', '2017-10-29 12:12:58', -1),
(93, 848, 'Dorcas', 'Fields', 'fields', NULL, 0, NULL, NULL, NULL, NULL, NULL, NULL, 0, 0, 1, 1, '2017-10-29 12:12:58', '2017-10-29', '2017-10-29 12:12:58', -1),
(94, 851, 'Ardella', 'Honeycutt', 'honeycutt', NULL, 0, NULL, NULL, NULL, NULL, NULL, NULL, 0, 0, 1, 1, '2017-10-29 12:12:58', '2017-10-29', '2017-10-29 12:12:58', -1),
(95, 852, 'Cheryll', 'Skyles', 'skyles', NULL, 0, NULL, NULL, NULL, NULL, NULL, NULL, 0, 0, 1, 1, '2017-10-29 12:12:58', '2017-10-29', '2017-10-29 12:12:58', -1),
(96, 853, 'Tempie', 'Zetina', 'zetina', NULL, 0, NULL, NULL, NULL, NULL, NULL, NULL, 0, 0, 1, 1, '2017-10-29 12:12:58', '2017-10-29', '2017-10-29 12:12:58', -1),
(97, 854, 'Fredric', 'Bolyard', 'bolyard', NULL, 0, NULL, NULL, NULL, NULL, NULL, NULL, 0, 0, 1, 1, '2017-10-29 12:12:58', '2017-10-29', '2017-10-29 12:12:58', -1),
(98, 856, 'Chastity', 'Hedin', 'hedin', NULL, 0, NULL, NULL, NULL, NULL, NULL, NULL, 0, 0, 1, 1, '2017-10-29 12:12:58', '2017-10-29', '2017-10-29 12:12:58', -1),
(99, 857, 'Lorna', 'Been', 'been', NULL, 0, NULL, NULL, NULL, NULL, NULL, NULL, 0, 0, 1, 1, '2017-10-29 12:12:58', '2017-10-29', '2017-10-29 12:12:58', -1),
(100, 858, 'Karin', 'Lengyel', 'lengyel', NULL, 0, NULL, NULL, NULL, NULL, NULL, NULL, 0, 0, 1, 1, '2017-10-29 12:12:58', '2017-10-29', '2017-10-29 12:12:58', -1),
(101, 860, 'Elyse', 'Gowers', 'gowers', NULL, 0, NULL, NULL, NULL, NULL, NULL, NULL, 0, 0, 1, 1, '2017-10-29 12:12:58', '2017-10-29', '2017-10-29 12:12:58', -1),
(102, 861, 'Ginger', 'Mannix', 'mannix', NULL, 0, NULL, NULL, NULL, NULL, NULL, NULL, 0, 0, 1, 1, '2017-10-29 12:12:58', '2017-10-29', '2017-10-29 12:12:58', -1),
(103, 862, 'Aiko', 'Minich', 'minich', NULL, 0, NULL, NULL, NULL, NULL, NULL, NULL, 0, 0, 1, 1, '2017-10-29 12:12:58', '2017-10-29', '2017-10-29 12:12:58', -1),
(104, 864, 'Tricia', 'Mclawhorn', 'lawhorn', NULL, 0, NULL, NULL, NULL, NULL, NULL, NULL, 0, 0, 1, 1, '2017-10-29 12:12:58', '2017-10-29', '2017-10-29 12:12:58', -1),
(105, 866, 'Sybil', 'Snellgrove', 'snellgrove', NULL, 0, NULL, NULL, NULL, NULL, NULL, NULL, 0, 0, 1, 1, '2017-10-29 12:12:58', '2017-10-29', '2017-10-29 12:12:58', -1),
(106, 867, 'Lynna', 'Laberge', 'laberge', NULL, 0, NULL, NULL, NULL, NULL, NULL, NULL, 0, 0, 1, 1, '2017-10-29 12:12:58', '2017-10-29', '2017-10-29 12:12:58', -1),
(107, 868, 'Dodie', 'Kirchoff', 'kirchoff', NULL, 0, NULL, NULL, NULL, NULL, NULL, NULL, 0, 0, 1, 1, '2017-10-29 12:12:58', '2017-10-29', '2017-10-29 12:12:58', -1),
(108, 869, 'Romeo', 'Bagwell', 'bagwell', NULL, 0, NULL, NULL, NULL, NULL, NULL, NULL, 0, 0, 1, 1, '2017-10-29 12:12:58', '2017-10-29', '2017-10-29 12:12:58', -1),
(109, 871, 'Ira', 'Merkle', 'merkle', NULL, 0, NULL, NULL, NULL, NULL, NULL, NULL, 0, 0, 1, 1, '2017-10-29 12:12:58', '2017-10-29', '2017-10-29 12:12:58', -1),
(110, 873, 'Letha', 'Weisinger', 'weisinger', NULL, 0, NULL, NULL, NULL, NULL, NULL, NULL, 0, 0, 1, 1, '2017-10-29 12:12:58', '2017-10-29', '2017-10-29 12:12:58', -1),
(111, 874, 'Fabian', 'Rowsey', 'rowsey', NULL, 0, NULL, NULL, NULL, NULL, NULL, NULL, 0, 0, 1, 1, '2017-10-29 12:12:58', '2017-10-29', '2017-10-29 12:12:58', -1),
(112, 1813, 'Stephaine', 'Nida', 'da', NULL, 0, NULL, NULL, NULL, NULL, NULL, NULL, 0, 0, 1, 1, '2017-10-29 12:12:58', '2017-10-29', '2017-10-29 12:12:58', -1),
(113, 1820, 'Carlotta', 'Borst', 'borst', NULL, 0, NULL, NULL, NULL, NULL, NULL, NULL, 0, 0, 1, 1, '2017-10-29 12:12:58', '2017-10-29', '2017-10-29 12:12:58', -1),
(114, 735, 'Yong', 'Brissette', 'brissette', NULL, 0, NULL, NULL, NULL, NULL, NULL, NULL, 0, 0, 1, 1, '2017-10-29 12:12:58', '2017-10-29', '2017-10-29 12:12:58', -1),
(115, 818, 'Vicente', 'Rockey', 'rockey', NULL, 0, NULL, NULL, NULL, NULL, NULL, NULL, 0, 0, 1, 1, '2017-10-29 12:12:58', '2017-10-29', '2017-10-29 12:12:58', -1),
(116, 820, 'Mamie', 'Sams', 'sams', NULL, 0, NULL, NULL, NULL, NULL, NULL, NULL, 0, 0, 1, 1, '2017-10-29 12:12:58', '2017-10-29', '2017-10-29 12:12:58', -1),
(117, 825, 'Alicia', 'Brodt', 'brodt', NULL, 0, NULL, NULL, NULL, NULL, NULL, NULL, 0, 0, 1, 1, '2017-10-29 12:12:58', '2017-10-29', '2017-10-29 12:12:58', -1),
(118, 826, 'Libbie', 'Carner', 'carner', NULL, 0, NULL, NULL, NULL, NULL, NULL, NULL, 0, 0, 1, 1, '2017-10-29 12:12:58', '2017-10-29', '2017-10-29 12:12:58', -1),
(119, 828, 'Clay', 'Poissant', 'poissant', NULL, 0, NULL, NULL, NULL, NULL, NULL, NULL, 0, 0, 1, 1, '2017-10-29 12:12:58', '2017-10-29', '2017-10-29 12:12:58', -1),
(120, 829, 'Mireya', 'Bravo', 'bravo', NULL, 0, NULL, NULL, NULL, NULL, NULL, NULL, 0, 0, 1, 1, '2017-10-29 12:12:58', '2017-10-29', '2017-10-29 12:12:58', -1),
(121, 830, 'Na', 'Amin', 'amin', NULL, 0, NULL, NULL, NULL, NULL, NULL, NULL, 0, 0, 1, 1, '2017-10-29 12:12:58', '2017-10-29', '2017-10-29 12:12:58', -1),
(122, 831, 'Diedre', 'Beauchamp', 'beauchamp', NULL, 0, NULL, NULL, NULL, NULL, NULL, NULL, 0, 0, 1, 1, '2017-10-29 12:12:58', '2017-10-29', '2017-10-29 12:12:58', -1),
(123, 838, 'Alfredia', 'Boehman', 'boehman', NULL, 0, NULL, NULL, NULL, NULL, NULL, NULL, 0, 0, 1, 1, '2017-10-29 12:12:58', '2017-10-29', '2017-10-29 12:12:58', -1),
(124, 841, 'Jerold', 'Redwood', 'redwood', NULL, 0, NULL, NULL, NULL, NULL, NULL, NULL, 0, 0, 1, 1, '2017-10-29 12:12:58', '2017-10-29', '2017-10-29 12:12:58', -1),
(125, 842, 'Alejandrina', 'Loden', 'loden', NULL, 0, NULL, NULL, NULL, NULL, NULL, NULL, 0, 0, 1, 1, '2017-10-29 12:12:58', '2017-10-29', '2017-10-29 12:12:58', -1),
(126, 843, 'Cornelia', 'Montesano', 'montesano', NULL, 0, NULL, NULL, NULL, NULL, NULL, NULL, 0, 0, 1, 1, '2017-10-29 12:12:58', '2017-10-29', '2017-10-29 12:12:58', -1),
(127, 844, 'Asa', 'Galles', 'galles', NULL, 0, NULL, NULL, NULL, NULL, NULL, NULL, 0, 0, 1, 1, '2017-10-29 12:12:58', '2017-10-29', '2017-10-29 12:12:58', -1),
(128, 849, 'Ahmad', 'Pendergrast', 'pendergrast', NULL, 0, NULL, NULL, NULL, NULL, NULL, NULL, 0, 0, 1, 1, '2017-10-29 12:12:58', '2017-10-29', '2017-10-29 12:12:58', -1),
(129, 850, 'Marya', 'Polley', 'polley', NULL, 0, NULL, NULL, NULL, NULL, NULL, NULL, 0, 0, 1, 1, '2017-10-29 12:12:58', '2017-10-29', '2017-10-29 12:12:58', -1),
(130, 855, 'Consuelo', 'Bolyard', 'bolyard', NULL, 0, NULL, NULL, NULL, NULL, NULL, NULL, 0, 0, 1, 1, '2017-10-29 12:12:58', '2017-10-29', '2017-10-29 12:12:58', -1),
(131, 863, 'Mohamed', 'Kuss', 'kuss', NULL, 0, NULL, NULL, NULL, NULL, NULL, NULL, 0, 0, 1, 1, '2017-10-29 12:12:58', '2017-10-29', '2017-10-29 12:12:58', -1),
(132, 865, 'Monserrate', 'Allain', 'allain', NULL, 0, NULL, NULL, NULL, NULL, NULL, NULL, 0, 0, 1, 1, '2017-10-29 12:12:58', '2017-10-29', '2017-10-29 12:12:58', -1),
(133, 870, 'Susanna', 'Guidroz', 'guidroz', NULL, 0, NULL, NULL, NULL, NULL, NULL, NULL, 0, 0, 1, 1, '2017-10-29 12:12:58', '2017-10-29', '2017-10-29 12:12:58', -1),
(134, 875, 'Luke', 'Crandall', 'crandall', NULL, 0, NULL, NULL, NULL, NULL, NULL, NULL, 0, 0, 1, 1, '2017-10-29 12:12:58', '2017-10-29', '2017-10-29 12:12:58', -1),
(135, 876, 'Lenny', 'Dantin', 'dantin', NULL, 0, NULL, NULL, NULL, NULL, NULL, NULL, 0, 0, 1, 1, '2017-10-29 12:12:58', '2017-10-29', '2017-10-29 12:12:58', -1),
(136, 888, 'Sol', 'Sanborn', 'sanborn', NULL, 0, NULL, NULL, NULL, NULL, NULL, NULL, 0, 0, 1, 1, '2017-10-29 12:12:58', '2017-10-29', '2017-10-29 12:12:58', -1),
(137, 890, 'Valencia', 'Laycock', 'laycock', NULL, 0, NULL, NULL, NULL, NULL, NULL, NULL, 0, 0, 1, 1, '2017-10-29 12:12:58', '2017-10-29', '2017-10-29 12:12:58', -1),
(138, 892, 'Katie', 'Dejohn', 'dejohn', NULL, 0, NULL, NULL, NULL, NULL, NULL, NULL, 0, 0, 1, 1, '2017-10-29 12:12:58', '2017-10-29', '2017-10-29 12:12:58', -1),
(139, 893, 'Kristopher', 'Koenen', 'koenen', NULL, 0, NULL, NULL, NULL, NULL, NULL, NULL, 0, 0, 1, 1, '2017-10-29 12:12:58', '2017-10-29', '2017-10-29 12:12:58', -1),
(140, 1186, 'Marine', 'Tadeo', 'tadeo', NULL, 0, NULL, NULL, NULL, NULL, NULL, NULL, 0, 0, 1, 1, '2017-10-29 12:12:58', '2017-10-29', '2017-10-29 12:12:58', -1),
(141, 1553, 'Maegan', 'Rae', 'rae', NULL, 0, NULL, NULL, NULL, NULL, NULL, NULL, 0, 0, 1, 1, '2017-10-29 12:12:58', '2017-10-29', '2017-10-29 12:12:58', -1),
(142, 1607, 'Darcy', 'Riehl', 'riehl', NULL, 0, NULL, NULL, NULL, NULL, NULL, NULL, 0, 0, 1, 1, '2017-10-29 12:12:58', '2017-10-29', '2017-10-29 12:12:58', -1),
(143, 1805, 'Lauralee', 'Fridley', 'fridley', NULL, 0, NULL, NULL, NULL, NULL, NULL, NULL, 0, 0, 1, 1, '2017-10-29 12:12:58', '2017-10-29', '2017-10-29 12:12:58', -1),
(144, 661, 'Twana', 'Ronquillo', 'ronquillo', NULL, 0, NULL, NULL, NULL, NULL, NULL, NULL, 0, 0, 1, 1, '2017-10-29 12:12:58', '2017-10-29', '2017-10-29 12:12:58', -1),
(145, 662, 'Pamila', 'Ronquillo', 'ronquillo', NULL, 0, NULL, NULL, NULL, NULL, NULL, NULL, 0, 0, 1, 1, '2017-10-29 12:12:58', '2017-10-29', '2017-10-29 12:12:58', -1),
(146, 710, 'Rayna', 'Harriss', 'harriss', NULL, 0, NULL, NULL, NULL, NULL, NULL, NULL, 0, 0, 1, 1, '2017-10-29 12:12:58', '2017-10-29', '2017-10-29 12:12:58', -1),
(147, 711, 'Ela', 'Ary', 'ary', NULL, 0, NULL, NULL, NULL, NULL, NULL, NULL, 0, 0, 1, 1, '2017-10-29 12:12:58', '2017-10-29', '2017-10-29 12:12:58', -1),
(148, 716, 'Giuseppina', 'Bott', 'bott', NULL, 0, NULL, NULL, NULL, NULL, NULL, NULL, 0, 0, 1, 1, '2017-10-29 12:12:58', '2017-10-29', '2017-10-29 12:12:58', -1),
(149, 717, 'Krista', 'Edison', 'edison', NULL, 0, NULL, NULL, NULL, NULL, NULL, NULL, 0, 0, 1, 1, '2017-10-29 12:12:58', '2017-10-29', '2017-10-29 12:12:58', -1),
(150, 720, 'Kia', 'Bartel', 'bartel', NULL, 0, NULL, NULL, NULL, NULL, NULL, NULL, 0, 0, 1, 1, '2017-10-29 12:12:58', '2017-10-29', '2017-10-29 12:12:58', -1),
(151, 727, 'Ena', 'Guidroz', 'guidroz', NULL, 0, NULL, NULL, NULL, NULL, NULL, NULL, 0, 0, 1, 1, '2017-10-29 12:12:58', '2017-10-29', '2017-10-29 12:12:58', -1),
(152, 730, 'Elnora', 'Holcombe', 'holcombe', NULL, 0, NULL, NULL, NULL, NULL, NULL, NULL, 0, 0, 1, 1, '2017-10-29 12:12:58', '2017-10-29', '2017-10-29 12:12:58', -1),
(153, 732, 'Beatris', 'Heaps', 'heaps', NULL, 0, NULL, NULL, NULL, NULL, NULL, NULL, 0, 0, 1, 1, '2017-10-29 12:12:58', '2017-10-29', '2017-10-29 12:12:58', -1),
(154, 734, 'Scotty', 'Bauch', 'bauch', NULL, 0, NULL, NULL, NULL, NULL, NULL, NULL, 0, 0, 1, 1, '2017-10-29 12:12:58', '2017-10-29', '2017-10-29 12:12:58', -1),
(155, 737, 'Fay', 'Littlewood', 'littlewood', NULL, 0, NULL, NULL, NULL, NULL, NULL, NULL, 0, 0, 1, 1, '2017-10-29 12:12:58', '2017-10-29', '2017-10-29 12:12:58', -1),
(156, 739, 'Vada', 'Sollers', 'sollers', NULL, 0, NULL, NULL, NULL, NULL, NULL, NULL, 0, 0, 1, 1, '2017-10-29 12:12:58', '2017-10-29', '2017-10-29 12:12:58', -1),
(157, 741, 'Ghislaine', 'Heckel', 'heckel', NULL, 0, NULL, NULL, NULL, NULL, NULL, NULL, 0, 0, 1, 1, '2017-10-29 12:12:58', '2017-10-29', '2017-10-29 12:12:58', -1),
(158, 744, 'Kym', 'Schmoll', 'schmoll', NULL, 0, NULL, NULL, NULL, NULL, NULL, NULL, 0, 0, 1, 1, '2017-10-29 12:12:58', '2017-10-29', '2017-10-29 12:12:58', -1),
(159, 746, 'Marchelle', 'Windle', 'windle', NULL, 0, NULL, NULL, NULL, NULL, NULL, NULL, 0, 0, 1, 1, '2017-10-29 12:12:58', '2017-10-29', '2017-10-29 12:12:58', -1),
(160, 747, 'Sade', 'Darbonne', 'darbonne', NULL, 0, NULL, NULL, NULL, NULL, NULL, NULL, 0, 0, 1, 1, '2017-10-29 12:12:58', '2017-10-29', '2017-10-29 12:12:58', -1),
(161, 751, 'Terisa', 'Anson', 'anson', NULL, 0, NULL, NULL, NULL, NULL, NULL, NULL, 0, 0, 1, 1, '2017-10-29 12:12:58', '2017-10-29', '2017-10-29 12:12:58', -1),
(162, 755, 'Virginia', 'Knipe', 'knipe', NULL, 0, NULL, NULL, NULL, NULL, NULL, NULL, 0, 0, 1, 1, '2017-10-29 12:12:58', '2017-10-29', '2017-10-29 12:12:58', -1),
(163, 756, 'Rodrick', 'Blount', 'blount', NULL, 0, NULL, NULL, NULL, NULL, NULL, NULL, 0, 0, 1, 1, '2017-10-29 12:12:58', '2017-10-29', '2017-10-29 12:12:58', -1),
(164, 761, 'Simone', 'Fales', 'fales', NULL, 0, NULL, NULL, NULL, NULL, NULL, NULL, 0, 0, 1, 1, '2017-10-29 12:12:58', '2017-10-29', '2017-10-29 12:12:58', -1),
(165, 762, 'Noelle', 'Castenada', 'castenada', NULL, 0, NULL, NULL, NULL, NULL, NULL, NULL, 0, 0, 1, 1, '2017-10-29 12:12:58', '2017-10-29', '2017-10-29 12:12:58', -1),
(166, 763, 'Geralyn', 'Derossett', 'derossett', NULL, 0, NULL, NULL, NULL, NULL, NULL, NULL, 0, 0, 1, 1, '2017-10-29 12:12:58', '2017-10-29', '2017-10-29 12:12:58', -1),
(167, 765, 'Bailey', 'Cabezas', 'cabezas', NULL, 0, NULL, NULL, NULL, NULL, NULL, NULL, 0, 0, 1, 1, '2017-10-29 12:12:58', '2017-10-29', '2017-10-29 12:12:58', -1),
(168, 774, 'Johnsie', 'Caffrey', 'caffrey', NULL, 0, NULL, NULL, NULL, NULL, NULL, NULL, 0, 0, 1, 1, '2017-10-29 12:12:58', '2017-10-29', '2017-10-29 12:12:58', -1),
(169, 1343, 'Bambi', 'Freels', 'freels', NULL, 0, NULL, NULL, NULL, NULL, NULL, NULL, 0, 0, 1, 1, '2017-10-29 12:12:58', '2017-10-29', '2017-10-29 12:12:58', -1),
(170, 1428, 'Anastacia', 'Govan', 'govan', NULL, 0, NULL, NULL, NULL, NULL, NULL, NULL, 0, 0, 1, 1, '2017-10-29 12:12:58', '2017-10-29', '2017-10-29 12:12:58', -1),
(171, 1583, 'Remedios', 'Nellum', 'nellum', NULL, 0, NULL, NULL, NULL, NULL, NULL, NULL, 0, 0, 1, 1, '2017-10-29 12:12:58', '2017-10-29', '2017-10-29 12:12:58', -1),
(172, 1819, 'Arlyne', 'Borst', 'borst', NULL, 0, NULL, NULL, NULL, NULL, NULL, NULL, 0, 0, 1, 1, '2017-10-29 12:12:58', '2017-10-29', '2017-10-29 12:12:58', -1),
(173, 632, 'Cierra', 'Horta', 'horta', NULL, 0, NULL, NULL, NULL, NULL, NULL, NULL, 0, 0, 1, 1, '2017-10-29 12:12:58', '2017-10-29', '2017-10-29 12:12:58', -1),
(174, 707, 'Jess', 'Schenk', 'schenk', NULL, 0, NULL, NULL, NULL, NULL, NULL, NULL, 0, 0, 1, 1, '2017-10-29 12:12:58', '2017-10-29', '2017-10-29 12:12:58', -1),
(175, 709, 'Wade', 'Petillo', 'petillo', NULL, 0, NULL, NULL, NULL, NULL, NULL, NULL, 0, 0, 1, 1, '2017-10-29 12:12:58', '2017-10-29', '2017-10-29 12:12:58', -1),
(176, 713, 'Carmela', 'Luc', 'luc', NULL, 0, NULL, NULL, NULL, NULL, NULL, NULL, 0, 0, 1, 1, '2017-10-29 12:12:58', '2017-10-29', '2017-10-29 12:12:58', -1),
(177, 714, 'Lashon', 'Rennie', 'rennie', NULL, 0, NULL, NULL, NULL, NULL, NULL, NULL, 0, 0, 1, 1, '2017-10-29 12:12:58', '2017-10-29', '2017-10-29 12:12:58', -1),
(178, 715, 'Shannan', 'Pummill', 'pummill', NULL, 0, NULL, NULL, NULL, NULL, NULL, NULL, 0, 0, 1, 1, '2017-10-29 12:12:58', '2017-10-29', '2017-10-29 12:12:58', -1),
(179, 718, 'Brent', 'Gillies', 'gillies', NULL, 0, NULL, NULL, NULL, NULL, NULL, NULL, 0, 0, 1, 1, '2017-10-29 12:12:58', '2017-10-29', '2017-10-29 12:12:58', -1),
(180, 721, 'Ching', 'Demartino', 'demartino', NULL, 0, NULL, NULL, NULL, NULL, NULL, NULL, 0, 0, 1, 1, '2017-10-29 12:12:58', '2017-10-29', '2017-10-29 12:12:58', -1),
(181, 722, 'Lilli', 'Cleveland', 'cleveland', NULL, 0, NULL, NULL, NULL, NULL, NULL, NULL, 0, 0, 1, 1, '2017-10-29 12:12:58', '2017-10-29', '2017-10-29 12:12:58', -1),
(182, 725, 'Wynell', 'Senger', 'senger', NULL, 0, NULL, NULL, NULL, NULL, NULL, NULL, 0, 0, 1, 1, '2017-10-29 12:12:58', '2017-10-29', '2017-10-29 12:12:58', -1),
(183, 726, 'Marylin', 'Parlin', 'parlin', NULL, 0, NULL, NULL, NULL, NULL, NULL, NULL, 0, 0, 1, 1, '2017-10-29 12:12:58', '2017-10-29', '2017-10-29 12:12:58', -1),
(184, 729, 'Gracie', 'Boulden', 'boulden', NULL, 0, NULL, NULL, NULL, NULL, NULL, NULL, 0, 0, 1, 1, '2017-10-29 12:12:58', '2017-10-29', '2017-10-29 12:12:58', -1),
(185, 733, 'Leticia', 'Teston', 'teston', NULL, 0, NULL, NULL, NULL, NULL, NULL, NULL, 0, 0, 1, 1, '2017-10-29 12:12:58', '2017-10-29', '2017-10-29 12:12:58', -1),
(186, 736, 'Twanda', 'Titsworth', 'titsworth', NULL, 0, NULL, NULL, NULL, NULL, NULL, NULL, 0, 0, 1, 1, '2017-10-29 12:12:58', '2017-10-29', '2017-10-29 12:12:58', -1),
(187, 740, 'Sherilyn', 'Cerniglia', 'cerniglia', NULL, 0, NULL, NULL, NULL, NULL, NULL, NULL, 0, 0, 1, 1, '2017-10-29 12:12:58', '2017-10-29', '2017-10-29 12:12:58', -1),
(188, 743, 'Laurence', 'Dugal', 'dugal', NULL, 0, NULL, NULL, NULL, NULL, NULL, NULL, 0, 0, 1, 1, '2017-10-29 12:12:58', '2017-10-29', '2017-10-29 12:12:58', -1),
(189, 748, 'Lavenia', 'Bloodworth', 'bloodworth', NULL, 0, NULL, NULL, NULL, NULL, NULL, NULL, 0, 0, 1, 1, '2017-10-29 12:12:58', '2017-10-29', '2017-10-29 12:12:58', -1),
(190, 750, 'Hilaria', 'Wessels', 'wessels', NULL, 0, NULL, NULL, NULL, NULL, NULL, NULL, 0, 0, 1, 1, '2017-10-29 12:12:58', '2017-10-29', '2017-10-29 12:12:58', -1),
(191, 752, 'Hope', 'Pannell', 'pannell', NULL, 0, NULL, NULL, NULL, NULL, NULL, NULL, 0, 0, 1, 1, '2017-10-29 12:12:58', '2017-10-29', '2017-10-29 12:12:58', -1),
(192, 753, 'Monte', 'Coffer', 'coffer', NULL, 0, NULL, NULL, NULL, NULL, NULL, NULL, 0, 0, 1, 1, '2017-10-29 12:12:58', '2017-10-29', '2017-10-29 12:12:58', -1),
(193, 757, 'Rufina', 'Achenbach', 'achenbach', NULL, 0, NULL, NULL, NULL, NULL, NULL, NULL, 0, 0, 1, 1, '2017-10-29 12:12:58', '2017-10-29', '2017-10-29 12:12:58', -1),
(194, 759, 'Stewart', 'Ballerini', 'ballerini', NULL, 0, NULL, NULL, NULL, NULL, NULL, NULL, 0, 0, 1, 1, '2017-10-29 12:12:58', '2017-10-29', '2017-10-29 12:12:58', -1),
(195, 789, 'Sacha', 'Houseknecht', 'houseknecht', NULL, 0, NULL, NULL, NULL, NULL, NULL, NULL, 0, 0, 1, 1, '2017-10-29 12:12:58', '2017-10-29', '2017-10-29 12:12:58', -1),
(196, 791, 'Delmar', 'Koffler', 'koffler', NULL, 0, NULL, NULL, NULL, NULL, NULL, NULL, 0, 0, 1, 1, '2017-10-29 12:12:58', '2017-10-29', '2017-10-29 12:12:58', -1),
(197, 796, 'Apolonia', 'Maggi', 'maggi', NULL, 0, NULL, NULL, NULL, NULL, NULL, NULL, 0, 0, 1, 1, '2017-10-29 12:12:58', '2017-10-29', '2017-10-29 12:12:58', -1),
(198, 810, 'Jacinta', 'Pitre', 'pitre', NULL, 0, NULL, NULL, NULL, NULL, NULL, NULL, 0, 0, 1, 1, '2017-10-29 12:12:58', '2017-10-29', '2017-10-29 12:12:58', -1),
(199, 812, 'Shery', 'Jelinek', 'jelinek', NULL, 0, NULL, NULL, NULL, NULL, NULL, NULL, 0, 0, 1, 1, '2017-10-29 12:12:58', '2017-10-29', '2017-10-29 12:12:58', -1),
(200, 813, 'Arvilla', 'Rulison', 'rulison', NULL, 0, NULL, NULL, NULL, NULL, NULL, NULL, 0, 0, 1, 1, '2017-10-29 12:12:58', '2017-10-29', '2017-10-29 12:12:58', -1),
(201, 815, 'Doreatha', 'Aldinger', 'aldinger', NULL, 0, NULL, NULL, NULL, NULL, NULL, NULL, 0, 0, 1, 1, '2017-10-29 12:12:58', '2017-10-29', '2017-10-29 12:12:58', -1),
(202, 628, 'Minta', 'Karnes', 'karnes', NULL, 0, NULL, NULL, NULL, NULL, NULL, NULL, 0, 0, 1, 1, '2017-10-29 12:12:58', '2017-10-29', '2017-10-29 12:12:58', -1),
(203, 635, 'Arnoldo', 'Vrieze', 'vrieze', NULL, 0, NULL, NULL, NULL, NULL, NULL, NULL, 0, 0, 1, 1, '2017-10-29 12:12:58', '2017-10-29', '2017-10-29 12:12:58', -1),
(204, 878, 'Gracia', 'Wait', 'wait', NULL, 0, NULL, NULL, NULL, NULL, NULL, NULL, 0, 0, 1, 1, '2017-10-29 12:12:58', '2017-10-29', '2017-10-29 12:12:58', -1),
(205, 881, 'Sierra', 'Hageman', 'hageman', NULL, 0, NULL, NULL, NULL, NULL, NULL, NULL, 0, 0, 1, 1, '2017-10-29 12:12:58', '2017-10-29', '2017-10-29 12:12:58', -1),
(206, 606, 'Leisha', 'Akiyama', 'akiyama', NULL, 0, NULL, NULL, NULL, NULL, NULL, NULL, 0, 0, 1, 1, '2017-10-29 12:12:58', '2017-10-29', '2017-10-29 12:12:58', -1),
(207, 612, 'Booker', 'Marx', 'marx', NULL, 0, NULL, NULL, NULL, NULL, NULL, NULL, 0, 0, 1, 1, '2017-10-29 12:12:58', '2017-10-29', '2017-10-29 12:12:58', -1),
(208, 613, 'Keren', 'Pesqueira', 'pesqueira', NULL, 0, NULL, NULL, NULL, NULL, NULL, NULL, 0, 0, 1, 1, '2017-10-29 12:12:58', '2017-10-29', '2017-10-29 12:12:58', -1),
(209, 614, 'Marilee', 'Schenk', 'schenk', NULL, 0, NULL, NULL, NULL, NULL, NULL, NULL, 0, 0, 1, 1, '2017-10-29 12:12:58', '2017-10-29', '2017-10-29 12:12:58', -1),
(210, 616, 'Mercy', 'Calder', 'calder', NULL, 0, NULL, NULL, NULL, NULL, NULL, NULL, 0, 0, 1, 1, '2017-10-29 12:12:58', '2017-10-29', '2017-10-29 12:12:58', -1),
(211, 617, 'Ty', 'Crichton', 'crichton', NULL, 0, NULL, NULL, NULL, NULL, NULL, NULL, 0, 0, 1, 1, '2017-10-29 12:12:58', '2017-10-29', '2017-10-29 12:12:58', -1),
(212, 618, 'Marguerita', 'Kubacki', 'kubacki', NULL, 0, NULL, NULL, NULL, NULL, NULL, NULL, 0, 0, 1, 1, '2017-10-29 12:12:58', '2017-10-29', '2017-10-29 12:12:58', -1),
(213, 619, 'Delila', 'Durrant', 'durrant', NULL, 0, NULL, NULL, NULL, NULL, NULL, NULL, 0, 0, 1, 1, '2017-10-29 12:12:58', '2017-10-29', '2017-10-29 12:12:58', -1),
(214, 623, 'Tatyana', 'Siegle', 'siegle', NULL, 0, NULL, NULL, NULL, NULL, NULL, NULL, 0, 0, 1, 1, '2017-10-29 12:12:58', '2017-10-29', '2017-10-29 12:12:58', -1),
(215, 639, 'Candelaria', 'Cooley', 'cooley', NULL, 0, NULL, NULL, NULL, NULL, NULL, NULL, 0, 0, 1, 1, '2017-10-29 12:12:58', '2017-10-29', '2017-10-29 12:12:58', -1),
(216, 640, 'Felica', 'Denardo', 'denardo', NULL, 0, NULL, NULL, NULL, NULL, NULL, NULL, 0, 0, 1, 1, '2017-10-29 12:12:58', '2017-10-29', '2017-10-29 12:12:58', -1),
(217, 641, 'Troy', 'Bauch', 'bauch', NULL, 0, NULL, NULL, NULL, NULL, NULL, NULL, 0, 0, 1, 1, '2017-10-29 12:12:58', '2017-10-29', '2017-10-29 12:12:58', -1),
(218, 649, 'Alfredo', 'Thronson', 'thronson', NULL, 0, NULL, NULL, NULL, NULL, NULL, NULL, 0, 0, 1, 1, '2017-10-29 12:12:58', '2017-10-29', '2017-10-29 12:12:58', -1),
(219, 653, 'Deshawn', 'Eisenbarth', 'eisenbarth', NULL, 0, NULL, NULL, NULL, NULL, NULL, NULL, 0, 0, 1, 1, '2017-10-29 12:12:58', '2017-10-29', '2017-10-29 12:12:58', -1),
(220, 655, 'Brian', 'Trask', 'trask', NULL, 0, NULL, NULL, NULL, NULL, NULL, NULL, 0, 0, 1, 1, '2017-10-29 12:12:58', '2017-10-29', '2017-10-29 12:12:58', -1),
(221, 656, 'Risa', 'Skyles', 'skyles', NULL, 0, NULL, NULL, NULL, NULL, NULL, NULL, 0, 0, 1, 1, '2017-10-29 12:12:58', '2017-10-29', '2017-10-29 12:12:58', -1),
(222, 657, 'Augustus', 'Heinecke', 'heinecke', NULL, 0, NULL, NULL, NULL, NULL, NULL, NULL, 0, 0, 1, 1, '2017-10-29 12:12:58', '2017-10-29', '2017-10-29 12:12:58', -1),
(223, 659, 'Bernardina', 'Royse', 'royse', NULL, 0, NULL, NULL, NULL, NULL, NULL, NULL, 0, 0, 1, 1, '2017-10-29 12:12:58', '2017-10-29', '2017-10-29 12:12:58', -1),
(224, 668, 'Shemeka', 'Kephart', 'kephart', NULL, 0, NULL, NULL, NULL, NULL, NULL, NULL, 0, 0, 1, 1, '2017-10-29 12:12:58', '2017-10-29', '2017-10-29 12:12:58', -1),
(225, 681, 'Maryann', 'Poll', 'poll', NULL, 0, NULL, NULL, NULL, NULL, NULL, NULL, 0, 0, 1, 1, '2017-10-29 12:12:58', '2017-10-29', '2017-10-29 12:12:58', -1),
(226, 683, 'Ezequiel', 'Boyd', 'boyd', NULL, 0, NULL, NULL, NULL, NULL, NULL, NULL, 0, 0, 1, 1, '2017-10-29 12:12:58', '2017-10-29', '2017-10-29 12:12:58', -1),
(227, 798, 'Hassan', 'Mauro', 'mauro', NULL, 0, NULL, NULL, NULL, NULL, NULL, NULL, 0, 0, 1, 1, '2017-10-29 12:12:58', '2017-10-29', '2017-10-29 12:12:58', -1),
(228, 1046, 'Bobette', 'Dufour', 'dufour', NULL, 0, NULL, NULL, NULL, NULL, NULL, NULL, 0, 0, 1, 1, '2017-10-29 12:12:58', '2017-10-29', '2017-10-29 12:12:58', -1),
(229, 1197, 'Miyoko', 'Janicki', 'janicki', NULL, 0, NULL, NULL, NULL, NULL, NULL, NULL, 0, 0, 1, 1, '2017-10-29 12:12:58', '2017-10-29', '2017-10-29 12:12:58', -1),
(230, 1816, 'Garret', 'Sinn', 'sinn', NULL, 0, NULL, NULL, NULL, NULL, NULL, NULL, 0, 0, 1, 1, '2017-10-29 12:12:58', '2017-10-29', '2017-10-29 12:12:58', -1),
(231, 633, 'Prince', 'Saliba', 'saliba', NULL, 0, NULL, NULL, NULL, NULL, NULL, NULL, 0, 0, 1, 1, '2017-10-29 12:12:58', '2017-10-29', '2017-10-29 12:12:58', -1),
(232, 638, 'Hermila', 'Kirchoff', 'kirchoff', NULL, 0, NULL, NULL, NULL, NULL, NULL, NULL, 0, 0, 1, 1, '2017-10-29 12:12:58', '2017-10-29', '2017-10-29 12:12:58', -1),
(233, 608, 'Wilfredo', 'Solley', 'solley', NULL, 0, NULL, NULL, NULL, NULL, NULL, NULL, 0, 0, 1, 1, '2017-10-29 12:12:58', '2017-10-29', '2017-10-29 12:12:58', -1),
(234, 615, 'Wilfred', 'Mcroy', 'roy', NULL, 0, NULL, NULL, NULL, NULL, NULL, NULL, 0, 0, 1, 1, '2017-10-29 12:12:58', '2017-10-29', '2017-10-29 12:12:58', -1),
(235, 621, 'Rossana', 'Rowsey', 'rowsey', NULL, 0, NULL, NULL, NULL, NULL, NULL, NULL, 0, 0, 1, 1, '2017-10-29 12:12:58', '2017-10-29', '2017-10-29 12:12:58', -1),
(236, 622, 'Isabell', 'Gran', 'gran', NULL, 0, NULL, NULL, NULL, NULL, NULL, NULL, 0, 0, 1, 1, '2017-10-29 12:12:58', '2017-10-29', '2017-10-29 12:12:58', -1),
(237, 624, 'Rigoberto', 'Willie', 'willie', NULL, 0, NULL, NULL, NULL, NULL, NULL, NULL, 0, 0, 1, 1, '2017-10-29 12:12:58', '2017-10-29', '2017-10-29 12:12:58', -1),
(238, 626, 'Shane', 'Vanorden', 'vanorden', NULL, 0, NULL, NULL, NULL, NULL, NULL, NULL, 0, 0, 1, 1, '2017-10-29 12:12:58', '2017-10-29', '2017-10-29 12:12:58', -1),
(239, 627, 'Dinorah', 'Snellgrove', 'snellgrove', NULL, 0, NULL, NULL, NULL, NULL, NULL, NULL, 0, 0, 1, 1, '2017-10-29 12:12:58', '2017-10-29', '2017-10-29 12:12:58', -1),
(240, 642, 'Aida', 'Brissette', 'brissette', NULL, 0, NULL, NULL, NULL, NULL, NULL, NULL, 0, 0, 1, 1, '2017-10-29 12:12:58', '2017-10-29', '2017-10-29 12:12:58', -1),
(241, 643, 'Adelaida', 'Eason', 'eason', NULL, 0, NULL, NULL, NULL, NULL, NULL, NULL, 0, 0, 1, 1, '2017-10-29 12:12:58', '2017-10-29', '2017-10-29 12:12:58', -1),
(242, 644, 'Tomas', 'Clem', 'clem', NULL, 0, NULL, NULL, NULL, NULL, NULL, NULL, 0, 0, 1, 1, '2017-10-29 12:12:58', '2017-10-29', '2017-10-29 12:12:58', -1),
(243, 645, 'Jocelyn', 'Mclawhorn', 'lawhorn', NULL, 0, NULL, NULL, NULL, NULL, NULL, NULL, 0, 0, 1, 1, '2017-10-29 12:12:58', '2017-10-29', '2017-10-29 12:12:58', -1),
(244, 646, 'Kareen', 'London', 'london', NULL, 0, NULL, NULL, NULL, NULL, NULL, NULL, 0, 0, 1, 1, '2017-10-29 12:12:58', '2017-10-29', '2017-10-29 12:12:58', -1),
(245, 647, 'Darcie', 'Coppa', 'coppa', NULL, 0, NULL, NULL, NULL, NULL, NULL, NULL, 0, 0, 1, 1, '2017-10-29 12:12:58', '2017-10-29', '2017-10-29 12:12:58', -1),
(246, 648, 'Velia', 'Jobin', 'jobin', NULL, 0, NULL, NULL, NULL, NULL, NULL, NULL, 0, 0, 1, 1, '2017-10-29 12:12:58', '2017-10-29', '2017-10-29 12:12:58', -1),
(247, 651, 'Sharmaine', 'Heckel', 'heckel', NULL, 0, NULL, NULL, NULL, NULL, NULL, NULL, 0, 0, 1, 1, '2017-10-29 12:12:58', '2017-10-29', '2017-10-29 12:12:58', -1),
(248, 654, 'Pamala', 'Minarik', 'minarik', NULL, 0, NULL, NULL, NULL, NULL, NULL, NULL, 0, 0, 1, 1, '2017-10-29 12:12:58', '2017-10-29', '2017-10-29 12:12:58', -1),
(249, 664, 'Wilmer', 'Zetina', 'zetina', NULL, 0, NULL, NULL, NULL, NULL, NULL, NULL, 0, 0, 1, 1, '2017-10-29 12:12:58', '2017-10-29', '2017-10-29 12:12:58', -1),
(250, 665, 'Ethelene', 'Caffrey', 'caffrey', NULL, 0, NULL, NULL, NULL, NULL, NULL, NULL, 0, 0, 1, 1, '2017-10-29 12:12:58', '2017-10-29', '2017-10-29 12:12:58', -1),
(251, 677, 'Mildred', 'Nations', 'nations', NULL, 0, NULL, NULL, NULL, NULL, NULL, NULL, 0, 0, 1, 1, '2017-10-29 12:12:58', '2017-10-29', '2017-10-29 12:12:58', -1),
(252, 689, 'Joelle', 'Orloff', 'rloff', NULL, 0, NULL, NULL, NULL, NULL, NULL, NULL, 0, 0, 1, 1, '2017-10-29 12:12:58', '2017-10-29', '2017-10-29 12:12:58', -1),
(253, 690, 'Delta', 'Minich', 'minich', NULL, 0, NULL, NULL, NULL, NULL, NULL, NULL, 0, 0, 1, 1, '2017-10-29 12:12:58', '2017-10-29', '2017-10-29 12:12:58', -1),
(254, 700, 'Brett', 'Cannon', 'cannon', NULL, 0, NULL, NULL, NULL, NULL, NULL, NULL, 0, 0, 1, 1, '2017-10-29 12:12:58', '2017-10-29', '2017-10-29 12:12:58', -1),
(255, 786, 'Lesley', 'Hyneman', 'hyneman', NULL, 0, NULL, NULL, NULL, NULL, NULL, NULL, 0, 0, 1, 1, '2017-10-29 12:12:58', '2017-10-29', '2017-10-29 12:12:58', -1),
(256, 1044, 'Deb', 'Puterbaugh', 'puterbaugh', NULL, 0, NULL, NULL, NULL, NULL, NULL, NULL, 0, 0, 1, 1, '2017-10-29 12:12:58', '2017-10-29', '2017-10-29 12:12:58', -1),
(257, 1176, 'Christopher', 'Forehand', 'forehand', NULL, 0, NULL, NULL, NULL, NULL, NULL, NULL, 0, 0, 1, 1, '2017-10-29 12:12:58', '2017-10-29', '2017-10-29 12:12:58', -1),
(258, 1178, 'Bernita', 'Lockridge', 'lockridge', NULL, 0, NULL, NULL, NULL, NULL, NULL, NULL, 0, 0, 1, 1, '2017-10-29 12:12:58', '2017-10-29', '2017-10-29 12:12:58', -1),
(259, 503, 'Vania', 'Bock', 'bock', NULL, 0, NULL, NULL, NULL, NULL, NULL, NULL, 0, 0, 1, 1, '2017-10-29 12:12:58', '2017-10-29', '2017-10-29 12:12:58', -1),
(260, 504, 'Milan', 'Munroe', 'munroe', NULL, 0, NULL, NULL, NULL, NULL, NULL, NULL, 0, 0, 1, 1, '2017-10-29 12:12:58', '2017-10-29', '2017-10-29 12:12:58', -1),
(261, 506, 'Terra', 'Man', 'man', NULL, 0, NULL, NULL, NULL, NULL, NULL, NULL, 0, 0, 1, 1, '2017-10-29 12:12:58', '2017-10-29', '2017-10-29 12:12:58', -1),
(262, 510, 'Casie', 'Pinckard', 'pinckard', NULL, 0, NULL, NULL, NULL, NULL, NULL, NULL, 0, 0, 1, 1, '2017-10-29 12:12:58', '2017-10-29', '2017-10-29 12:12:58', -1),
(263, 512, 'Olevia', 'Champlin', 'champlin', NULL, 0, NULL, NULL, NULL, NULL, NULL, NULL, 0, 0, 1, 1, '2017-10-29 12:12:58', '2017-10-29', '2017-10-29 12:12:58', -1),
(264, 517, 'Serina', 'Bulloch', 'bulloch', NULL, 0, NULL, NULL, NULL, NULL, NULL, NULL, 0, 0, 1, 1, '2017-10-29 12:12:58', '2017-10-29', '2017-10-29 12:12:58', -1),
(265, 520, 'Lynne', 'Mannix', 'mannix', NULL, 0, NULL, NULL, NULL, NULL, NULL, NULL, 0, 0, 1, 1, '2017-10-29 12:12:58', '2017-10-29', '2017-10-29 12:12:58', -1),
(266, 521, 'Kristal', 'Bolyard', 'bolyard', NULL, 0, NULL, NULL, NULL, NULL, NULL, NULL, 0, 0, 1, 1, '2017-10-29 12:12:58', '2017-10-29', '2017-10-29 12:12:58', -1),
(267, 531, 'Lavina', 'Pendergrast', 'pendergrast', NULL, 0, NULL, NULL, NULL, NULL, NULL, NULL, 0, 0, 1, 1, '2017-10-29 12:12:58', '2017-10-29', '2017-10-29 12:12:58', -1),
(268, 534, 'Tom', 'Heaps', 'heaps', NULL, 0, NULL, NULL, NULL, NULL, NULL, NULL, 0, 0, 1, 1, '2017-10-29 12:12:58', '2017-10-29', '2017-10-29 12:12:58', -1),
(269, 544, 'Chante', 'Parlin', 'parlin', NULL, 0, NULL, NULL, NULL, NULL, NULL, NULL, 0, 0, 1, 1, '2017-10-29 12:12:58', '2017-10-29', '2017-10-29 12:12:58', -1),
(270, 547, 'Mazie', 'Clifford', 'clifford', NULL, 0, NULL, NULL, NULL, NULL, NULL, NULL, 0, 0, 1, 1, '2017-10-29 12:12:58', '2017-10-29', '2017-10-29 12:12:58', -1),
(271, 548, 'Barrie', 'Decesare', 'decesare', NULL, 0, NULL, NULL, NULL, NULL, NULL, NULL, 0, 0, 1, 1, '2017-10-29 12:12:58', '2017-10-29', '2017-10-29 12:12:58', -1),
(272, 551, 'Lonnie', 'Poplawski', 'poplawski', NULL, 0, NULL, NULL, NULL, NULL, NULL, NULL, 0, 0, 1, 1, '2017-10-29 12:12:58', '2017-10-29', '2017-10-29 12:12:58', -1),
(273, 555, 'Iona', 'Giguere', 'giguere', NULL, 0, NULL, NULL, NULL, NULL, NULL, NULL, 0, 0, 1, 1, '2017-10-29 12:12:58', '2017-10-29', '2017-10-29 12:12:58', -1),
(274, 556, 'Tasha', 'Stracener', 'stracener', NULL, 0, NULL, NULL, NULL, NULL, NULL, NULL, 0, 0, 1, 1, '2017-10-29 12:12:58', '2017-10-29', '2017-10-29 12:12:58', -1),
(275, 563, 'Nadene', 'Dantin', 'dantin', NULL, 0, NULL, NULL, NULL, NULL, NULL, NULL, 0, 0, 1, 1, '2017-10-29 12:12:58', '2017-10-29', '2017-10-29 12:12:58', -1),
(276, 567, 'Jann', 'Ekdahl', 'ekdahl', NULL, 0, NULL, NULL, NULL, NULL, NULL, NULL, 0, 0, 1, 1, '2017-10-29 12:12:58', '2017-10-29', '2017-10-29 12:12:58', -1),
(277, 572, 'Janene', 'Cusack', 'cusack', NULL, 0, NULL, NULL, NULL, NULL, NULL, NULL, 0, 0, 1, 1, '2017-10-29 12:12:58', '2017-10-29', '2017-10-29 12:12:58', -1),
(278, 585, 'Florance', 'Schmoll', 'schmoll', NULL, 0, NULL, NULL, NULL, NULL, NULL, NULL, 0, 0, 1, 1, '2017-10-29 12:12:58', '2017-10-29', '2017-10-29 12:12:58', -1),
(279, 586, 'Jacquiline', 'Frisbee', 'frisbee', NULL, 0, NULL, NULL, NULL, NULL, NULL, NULL, 0, 0, 1, 1, '2017-10-29 12:12:58', '2017-10-29', '2017-10-29 12:12:58', -1),
(280, 589, 'Mayra', 'Clyburn', 'clyburn', NULL, 0, NULL, NULL, NULL, NULL, NULL, NULL, 0, 0, 1, 1, '2017-10-29 12:12:58', '2017-10-29', '2017-10-29 12:12:58', -1),
(281, 908, 'Bernardo', 'Vaughns', 'vaughns', NULL, 0, NULL, NULL, NULL, NULL, NULL, NULL, 0, 0, 1, 1, '2017-10-29 12:12:58', '2017-10-29', '2017-10-29 12:12:58', -1),
(282, 1259, 'Gertie', 'Bruneau', 'bruneau', NULL, 0, NULL, NULL, NULL, NULL, NULL, NULL, 0, 0, 1, 1, '2017-10-29 12:12:58', '2017-10-29', '2017-10-29 12:12:58', -1),
(283, 1427, 'Amy', 'Govan', 'govan', NULL, 0, NULL, NULL, NULL, NULL, NULL, NULL, 0, 0, 1, 1, '2017-10-29 12:12:58', '2017-10-29', '2017-10-29 12:12:58', -1),
(284, 1582, 'Talia', 'Vercher', 'vercher', NULL, 0, NULL, NULL, NULL, NULL, NULL, NULL, 0, 0, 1, 1, '2017-10-29 12:12:58', '2017-10-29', '2017-10-29 12:12:58', -1),
(285, 1802, 'Britteny', 'Wilborn', 'wilborn', NULL, 0, NULL, NULL, NULL, NULL, NULL, NULL, 0, 0, 1, 1, '2017-10-29 12:12:58', '2017-10-29', '2017-10-29 12:12:58', -1),
(286, 1811, 'Dan', 'Miele', 'miele', NULL, 0, NULL, NULL, NULL, NULL, NULL, NULL, 0, 0, 1, 1, '2017-10-29 12:12:58', '2017-10-29', '2017-10-29 12:12:58', -1),
(287, 1814, 'Chi', 'Couture', 'couture', NULL, 0, NULL, NULL, NULL, NULL, NULL, NULL, 0, 0, 1, 1, '2017-10-29 12:12:58', '2017-10-29', '2017-10-29 12:12:58', -1),
(288, 437, 'Rosalyn', 'Laberge', 'laberge', NULL, 0, NULL, NULL, NULL, NULL, NULL, NULL, 0, 0, 1, 1, '2017-10-29 12:12:58', '2017-10-29', '2017-10-29 12:12:58', -1),
(289, 507, 'Susy', 'Macken', 'ken', NULL, 0, NULL, NULL, NULL, NULL, NULL, NULL, 0, 0, 1, 1, '2017-10-29 12:12:58', '2017-10-29', '2017-10-29 12:12:58', -1),
(290, 509, 'Jillian', 'Ary', 'ary', NULL, 0, NULL, NULL, NULL, NULL, NULL, NULL, 0, 0, 1, 1, '2017-10-29 12:12:58', '2017-10-29', '2017-10-29 12:12:58', -1),
(291, 513, 'Felice', 'Dugal', 'dugal', NULL, 0, NULL, NULL, NULL, NULL, NULL, NULL, 0, 0, 1, 1, '2017-10-29 12:12:58', '2017-10-29', '2017-10-29 12:12:58', -1),
(292, 514, 'Joann', 'Lebsock', 'lebsock', NULL, 0, NULL, NULL, NULL, NULL, NULL, NULL, 0, 0, 1, 1, '2017-10-29 12:12:58', '2017-10-29', '2017-10-29 12:12:58', -1),
(293, 515, 'Tamica', 'Cleveland', 'cleveland', NULL, 0, NULL, NULL, NULL, NULL, NULL, NULL, 0, 0, 1, 1, '2017-10-29 12:12:58', '2017-10-29', '2017-10-29 12:12:58', -1),
(294, 518, 'Judi', 'Heinecke', 'heinecke', NULL, 0, NULL, NULL, NULL, NULL, NULL, NULL, 0, 0, 1, 1, '2017-10-29 12:12:58', '2017-10-29', '2017-10-29 12:12:58', -1),
(295, 519, 'Mickey', 'Trask', 'trask', NULL, 0, NULL, NULL, NULL, NULL, NULL, NULL, 0, 0, 1, 1, '2017-10-29 12:12:58', '2017-10-29', '2017-10-29 12:12:58', -1),
(296, 523, 'Lorene', 'Pilkenton', 'pilkenton', NULL, 0, NULL, NULL, NULL, NULL, NULL, NULL, 0, 0, 1, 1, '2017-10-29 12:12:58', '2017-10-29', '2017-10-29 12:12:58', -1),
(297, 526, 'Nubia', 'Cano', 'cano', NULL, 0, NULL, NULL, NULL, NULL, NULL, NULL, 0, 0, 1, 1, '2017-10-29 12:12:58', '2017-10-29', '2017-10-29 12:12:58', -1),
(298, 530, 'Yvette', 'Waterbury', 'waterbury', NULL, 0, NULL, NULL, NULL, NULL, NULL, NULL, 0, 0, 1, 1, '2017-10-29 12:12:58', '2017-10-29', '2017-10-29 12:12:58', -1),
(299, 535, 'Genoveva', 'Eggebrecht', 'eggebrecht', NULL, 0, NULL, NULL, NULL, NULL, NULL, NULL, 0, 0, 1, 1, '2017-10-29 12:12:58', '2017-10-29', '2017-10-29 12:12:58', -1),
(300, 542, 'Tajuana', 'Barish', 'barish', NULL, 0, NULL, NULL, NULL, NULL, NULL, NULL, 0, 0, 1, 1, '2017-10-29 12:12:58', '2017-10-29', '2017-10-29 12:12:58', -1),
(301, 553, 'Thora', 'Teston', 'teston', NULL, 0, NULL, NULL, NULL, NULL, NULL, NULL, 0, 0, 1, 1, '2017-10-29 12:12:58', '2017-10-29', '2017-10-29 12:12:58', -1);
INSERT INTO `person` (`id`, `ext_id`, `fname`, `lname`, `indexed_lname`, `salute_name`, `salt_id`, `landline`, `mobile`, `email`, `landline_alt`, `mobile_alt`, `email_alt`, `is_staff`, `is_guardian`, `is_member`, `active`, `created`, `deactivated`, `updated`, `updated_by`) VALUES
(302, 558, 'Aaron', 'Youngren', 'youngren', NULL, 0, NULL, NULL, NULL, NULL, NULL, NULL, 0, 0, 1, 1, '2017-10-29 12:12:58', '2017-10-29', '2017-10-29 12:12:58', -1),
(303, 571, 'Nathanael', 'Fay', 'fay', NULL, 0, NULL, NULL, NULL, NULL, NULL, NULL, 0, 0, 1, 1, '2017-10-29 12:12:58', '2017-10-29', '2017-10-29 12:12:58', -1),
(304, 577, 'Corinna', 'Gargano', 'gargano', NULL, 0, NULL, NULL, NULL, NULL, NULL, NULL, 0, 0, 1, 1, '2017-10-29 12:12:58', '2017-10-29', '2017-10-29 12:12:58', -1),
(305, 579, 'Buena', 'Pita', 'pita', NULL, 0, NULL, NULL, NULL, NULL, NULL, NULL, 0, 0, 1, 1, '2017-10-29 12:12:58', '2017-10-29', '2017-10-29 12:12:58', -1),
(306, 582, 'Ardath', 'Bott', 'bott', NULL, 0, NULL, NULL, NULL, NULL, NULL, NULL, 0, 0, 1, 1, '2017-10-29 12:12:58', '2017-10-29', '2017-10-29 12:12:58', -1),
(307, 584, 'Lanette', 'Tremblay', 'tremblay', NULL, 0, NULL, NULL, NULL, NULL, NULL, NULL, 0, 0, 1, 1, '2017-10-29 12:12:58', '2017-10-29', '2017-10-29 12:12:58', -1),
(308, 590, 'Emiko', 'Mcpeak', 'peak', NULL, 0, NULL, NULL, NULL, NULL, NULL, NULL, 0, 0, 1, 1, '2017-10-29 12:12:58', '2017-10-29', '2017-10-29 12:12:58', -1),
(309, 779, 'Reena', 'Polley', 'polley', NULL, 0, NULL, NULL, NULL, NULL, NULL, NULL, 0, 0, 1, 1, '2017-10-29 12:12:58', '2017-10-29', '2017-10-29 12:12:58', -1),
(310, 1289, 'Lynetta', 'Rochford', 'rochford', NULL, 0, NULL, NULL, NULL, NULL, NULL, NULL, 0, 0, 1, 1, '2017-10-29 12:12:58', '2017-10-29', '2017-10-29 12:12:58', -1),
(311, 1803, 'Dion', 'Deets', 'deets', NULL, 0, NULL, NULL, NULL, NULL, NULL, NULL, 0, 0, 1, 1, '2017-10-29 12:12:58', '2017-10-29', '2017-10-29 12:12:58', -1),
(312, 1812, 'Yan', 'Dell', 'dell', NULL, 0, NULL, NULL, NULL, NULL, NULL, NULL, 0, 0, 1, 1, '2017-10-29 12:12:58', '2017-10-29', '2017-10-29 12:12:58', -1),
(313, 877, 'Abbie', 'Wait', 'wait', NULL, 0, NULL, NULL, NULL, NULL, NULL, NULL, 0, 0, 1, 1, '2017-10-29 12:12:58', '2017-10-29', '2017-10-29 12:12:58', -1),
(314, 312, 'Myra', 'Legaspi', 'legaspi', NULL, 0, NULL, NULL, NULL, NULL, NULL, NULL, 0, 0, 1, 1, '2017-10-29 12:12:58', '2017-10-29', '2017-10-29 12:12:58', -1),
(315, 427, 'Jolanda', 'Schneiderman', 'schneiderman', NULL, 0, NULL, NULL, NULL, NULL, NULL, NULL, 0, 0, 1, 1, '2017-10-29 12:12:58', '2017-10-29', '2017-10-29 12:12:58', -1),
(316, 431, 'Chantell', 'Apo', 'apo', NULL, 0, NULL, NULL, NULL, NULL, NULL, NULL, 0, 0, 1, 1, '2017-10-29 12:12:58', '2017-10-29', '2017-10-29 12:12:58', -1),
(317, 432, 'Debora', 'Roth', 'roth', NULL, 0, NULL, NULL, NULL, NULL, NULL, NULL, 0, 0, 1, 1, '2017-10-29 12:12:58', '2017-10-29', '2017-10-29 12:12:58', -1),
(318, 433, 'Kaitlin', 'Olson', 'lson', NULL, 0, NULL, NULL, NULL, NULL, NULL, NULL, 0, 0, 1, 1, '2017-10-29 12:12:58', '2017-10-29', '2017-10-29 12:12:58', -1),
(319, 434, 'Blondell', 'Pesqueira', 'pesqueira', NULL, 0, NULL, NULL, NULL, NULL, NULL, NULL, 0, 0, 1, 1, '2017-10-29 12:12:58', '2017-10-29', '2017-10-29 12:12:58', -1),
(320, 439, 'Merle', 'Dinan', 'dinan', NULL, 0, NULL, NULL, NULL, NULL, NULL, NULL, 0, 0, 1, 1, '2017-10-29 12:12:58', '2017-10-29', '2017-10-29 12:12:58', -1),
(321, 440, 'Bulah', 'Husk', 'husk', NULL, 0, NULL, NULL, NULL, NULL, NULL, NULL, 0, 0, 1, 1, '2017-10-29 12:12:58', '2017-10-29', '2017-10-29 12:12:58', -1),
(322, 443, 'Maribel', 'Willie', 'willie', NULL, 0, NULL, NULL, NULL, NULL, NULL, NULL, 0, 0, 1, 1, '2017-10-29 12:12:58', '2017-10-29', '2017-10-29 12:12:58', -1),
(323, 444, 'Leisa', 'Hedin', 'hedin', NULL, 0, NULL, NULL, NULL, NULL, NULL, NULL, 0, 0, 1, 1, '2017-10-29 12:12:58', '2017-10-29', '2017-10-29 12:12:58', -1),
(324, 446, 'Shavonne', 'Ruane', 'ruane', NULL, 0, NULL, NULL, NULL, NULL, NULL, NULL, 0, 0, 1, 1, '2017-10-29 12:12:58', '2017-10-29', '2017-10-29 12:12:58', -1),
(325, 450, 'Charlyn', 'Horta', 'horta', NULL, 0, NULL, NULL, NULL, NULL, NULL, NULL, 0, 0, 1, 1, '2017-10-29 12:12:58', '2017-10-29', '2017-10-29 12:12:58', -1),
(326, 453, 'Deidra', 'Kirchoff', 'kirchoff', NULL, 0, NULL, NULL, NULL, NULL, NULL, NULL, 0, 0, 1, 1, '2017-10-29 12:12:58', '2017-10-29', '2017-10-29 12:12:58', -1),
(327, 462, 'Stephania', 'Merkle', 'merkle', NULL, 0, NULL, NULL, NULL, NULL, NULL, NULL, 0, 0, 1, 1, '2017-10-29 12:12:58', '2017-10-29', '2017-10-29 12:12:58', -1),
(328, 464, 'Reid', 'Stuckey', 'stuckey', NULL, 0, NULL, NULL, NULL, NULL, NULL, NULL, 0, 0, 1, 1, '2017-10-29 12:12:58', '2017-10-29', '2017-10-29 12:12:58', -1),
(329, 465, 'Blossom', 'Smither', 'smither', NULL, 0, NULL, NULL, NULL, NULL, NULL, NULL, 0, 0, 1, 1, '2017-10-29 12:12:58', '2017-10-29', '2017-10-29 12:12:58', -1),
(330, 466, 'Vashti', 'Amico', 'amico', NULL, 0, NULL, NULL, NULL, NULL, NULL, NULL, 0, 0, 1, 1, '2017-10-29 12:12:58', '2017-10-29', '2017-10-29 12:12:58', -1),
(331, 468, 'Maryjane', 'Poulos', 'poulos', NULL, 0, NULL, NULL, NULL, NULL, NULL, NULL, 0, 0, 1, 1, '2017-10-29 12:12:58', '2017-10-29', '2017-10-29 12:12:58', -1),
(332, 474, 'Wenona', 'Thronson', 'thronson', NULL, 0, NULL, NULL, NULL, NULL, NULL, NULL, 0, 0, 1, 1, '2017-10-29 12:12:58', '2017-10-29', '2017-10-29 12:12:58', -1),
(333, 476, 'Layla', 'Akey', 'akey', NULL, 0, NULL, NULL, NULL, NULL, NULL, NULL, 0, 0, 1, 1, '2017-10-29 12:12:58', '2017-10-29', '2017-10-29 12:12:58', -1),
(334, 481, 'Lorette', 'Royse', 'royse', NULL, 0, NULL, NULL, NULL, NULL, NULL, NULL, 0, 0, 1, 1, '2017-10-29 12:12:58', '2017-10-29', '2017-10-29 12:12:58', -1),
(335, 482, 'Kristian', 'Nickel', 'kel', NULL, 0, NULL, NULL, NULL, NULL, NULL, NULL, 0, 0, 1, 1, '2017-10-29 12:12:58', '2017-10-29', '2017-10-29 12:12:58', -1),
(336, 483, 'Marty', 'Windle', 'windle', NULL, 0, NULL, NULL, NULL, NULL, NULL, NULL, 0, 0, 1, 1, '2017-10-29 12:12:58', '2017-10-29', '2017-10-29 12:12:58', -1),
(337, 485, 'Luetta', 'Honeycutt', 'honeycutt', NULL, 0, NULL, NULL, NULL, NULL, NULL, NULL, 0, 0, 1, 1, '2017-10-29 12:12:58', '2017-10-29', '2017-10-29 12:12:58', -1),
(338, 487, 'Zoraida', 'Nass', 'nass', NULL, 0, NULL, NULL, NULL, NULL, NULL, NULL, 0, 0, 1, 1, '2017-10-29 12:12:58', '2017-10-29', '2017-10-29 12:12:58', -1),
(339, 488, 'Maud', 'Gowers', 'gowers', NULL, 0, NULL, NULL, NULL, NULL, NULL, NULL, 0, 0, 1, 1, '2017-10-29 12:12:58', '2017-10-29', '2017-10-29 12:12:58', -1),
(340, 489, 'Billi', 'Titsworth', 'titsworth', NULL, 0, NULL, NULL, NULL, NULL, NULL, NULL, 0, 0, 1, 1, '2017-10-29 12:12:58', '2017-10-29', '2017-10-29 12:12:58', -1),
(341, 693, 'Jene', 'Sheriff', 'sheriff', NULL, 0, NULL, NULL, NULL, NULL, NULL, NULL, 0, 0, 1, 1, '2017-10-29 12:12:58', '2017-10-29', '2017-10-29 12:12:58', -1),
(342, 1058, 'Rosio', 'Naber', 'naber', NULL, 0, NULL, NULL, NULL, NULL, NULL, NULL, 0, 0, 1, 1, '2017-10-29 12:12:58', '2017-10-29', '2017-10-29 12:12:58', -1),
(343, 1206, 'Joshua', 'Perez', 'perez', NULL, 0, NULL, NULL, NULL, NULL, NULL, NULL, 0, 0, 1, 1, '2017-10-29 12:12:58', '2017-10-29', '2017-10-29 12:12:58', -1),
(344, 1215, 'Albertina', 'Wait', 'wait', NULL, 0, NULL, NULL, NULL, NULL, NULL, NULL, 0, 0, 1, 1, '2017-10-29 12:12:58', '2017-10-29', '2017-10-29 12:12:58', -1),
(345, 1225, 'Jacqui', 'Laycock', 'laycock', NULL, 0, NULL, NULL, NULL, NULL, NULL, NULL, 0, 0, 1, 1, '2017-10-29 12:12:58', '2017-10-29', '2017-10-29 12:12:58', -1),
(346, 1272, 'Kallie', 'Holloman', 'holloman', NULL, 0, NULL, NULL, NULL, NULL, NULL, NULL, 0, 0, 1, 1, '2017-10-29 12:12:58', '2017-10-29', '2017-10-29 12:12:58', -1),
(347, 1565, 'Shu', 'Rae', 'rae', NULL, 0, NULL, NULL, NULL, NULL, NULL, NULL, 0, 0, 1, 1, '2017-10-29 12:12:58', '2017-10-29', '2017-10-29 12:12:58', -1),
(348, 1573, 'May', 'Malizia', 'malizia', NULL, 0, NULL, NULL, NULL, NULL, NULL, NULL, 0, 0, 1, 1, '2017-10-29 12:12:58', '2017-10-29', '2017-10-29 12:12:58', -1),
(349, 1581, 'Scot', 'Jobin', 'jobin', NULL, 0, NULL, NULL, NULL, NULL, NULL, NULL, 0, 0, 1, 1, '2017-10-29 12:12:58', '2017-10-29', '2017-10-29 12:12:58', -1),
(350, 1589, 'Chris', 'Stonerock', 'stonerock', NULL, 0, NULL, NULL, NULL, NULL, NULL, NULL, 0, 0, 1, 1, '2017-10-29 12:12:58', '2017-10-29', '2017-10-29 12:12:58', -1),
(351, 1592, 'Nida', 'Castenada', 'castenada', NULL, 0, NULL, NULL, NULL, NULL, NULL, NULL, 0, 0, 1, 1, '2017-10-29 12:12:58', '2017-10-29', '2017-10-29 12:12:58', -1),
(352, 1594, 'Vinnie', 'Miley', 'miley', NULL, 0, NULL, NULL, NULL, NULL, NULL, NULL, 0, 0, 1, 1, '2017-10-29 12:12:58', '2017-10-29', '2017-10-29 12:12:58', -1),
(353, 1617, 'Kiesha', 'Kopf', 'kopf', NULL, 0, NULL, NULL, NULL, NULL, NULL, NULL, 0, 0, 1, 1, '2017-10-29 12:12:58', '2017-10-29', '2017-10-29 12:12:58', -1),
(354, 1636, 'Kimiko', 'Reetz', 'reetz', NULL, 0, NULL, NULL, NULL, NULL, NULL, NULL, 0, 0, 1, 1, '2017-10-29 12:12:58', '2017-10-29', '2017-10-29 12:12:58', -1),
(355, 1646, 'Ilene', 'Estridge', 'estridge', NULL, 0, NULL, NULL, NULL, NULL, NULL, NULL, 0, 0, 1, 1, '2017-10-29 12:12:58', '2017-10-29', '2017-10-29 12:12:58', -1),
(356, 1649, 'Darrell', 'London', 'london', NULL, 0, NULL, NULL, NULL, NULL, NULL, NULL, 0, 0, 1, 1, '2017-10-29 12:12:58', '2017-10-29', '2017-10-29 12:12:58', -1),
(357, 1651, 'Maryanne', 'Haber', 'haber', NULL, 0, NULL, NULL, NULL, NULL, NULL, NULL, 0, 0, 1, 1, '2017-10-29 12:12:58', '2017-10-29', '2017-10-29 12:12:58', -1),
(358, 1664, 'Ouida', 'Lague', 'lague', NULL, 0, NULL, NULL, NULL, NULL, NULL, NULL, 0, 0, 1, 1, '2017-10-29 12:12:58', '2017-10-29', '2017-10-29 12:12:58', -1),
(359, 1665, 'Roselle', 'Owenby', 'wenby', NULL, 0, NULL, NULL, NULL, NULL, NULL, NULL, 0, 0, 1, 1, '2017-10-29 12:12:58', '2017-10-29', '2017-10-29 12:12:58', -1),
(360, 1677, 'Brenda', 'Pettey', 'pettey', NULL, 0, NULL, NULL, NULL, NULL, NULL, NULL, 0, 0, 1, 1, '2017-10-29 12:12:58', '2017-10-29', '2017-10-29 12:12:58', -1),
(361, 1685, 'Fermina', 'Pifer', 'pifer', NULL, 0, NULL, NULL, NULL, NULL, NULL, NULL, 0, 0, 1, 1, '2017-10-29 12:12:58', '2017-10-29', '2017-10-29 12:12:58', -1),
(362, 1687, 'Stanford', 'Pecinovsky', 'pecinovsky', NULL, 0, NULL, NULL, NULL, NULL, NULL, NULL, 0, 0, 1, 1, '2017-10-29 12:12:58', '2017-10-29', '2017-10-29 12:12:58', -1),
(363, 1712, 'Jeremy', 'Cooley', 'cooley', NULL, 0, NULL, NULL, NULL, NULL, NULL, NULL, 0, 0, 1, 1, '2017-10-29 12:12:58', '2017-10-29', '2017-10-29 12:12:58', -1),
(364, 1713, 'Tarra', 'Honeycutt', 'honeycutt', NULL, 0, NULL, NULL, NULL, NULL, NULL, NULL, 0, 0, 1, 1, '2017-10-29 12:12:58', '2017-10-29', '2017-10-29 12:12:58', -1),
(365, 1727, 'Victorina', 'Merlo', 'merlo', NULL, 0, NULL, NULL, NULL, NULL, NULL, NULL, 0, 0, 1, 1, '2017-10-29 12:12:58', '2017-10-29', '2017-10-29 12:12:58', -1),
(366, 1784, 'Zachariah', 'Polley', 'polley', NULL, 0, NULL, NULL, NULL, NULL, NULL, NULL, 0, 0, 1, 1, '2017-10-29 12:12:58', '2017-10-29', '2017-10-29 12:12:58', -1),
(367, 1785, 'Abram', 'Bollman', 'bollman', NULL, 0, NULL, NULL, NULL, NULL, NULL, NULL, 0, 0, 1, 1, '2017-10-29 12:12:58', '2017-10-29', '2017-10-29 12:12:58', -1),
(368, 1807, 'Slyvia', 'Fridley', 'fridley', NULL, 0, NULL, NULL, NULL, NULL, NULL, NULL, 0, 0, 1, 1, '2017-10-29 12:12:58', '2017-10-29', '2017-10-29 12:12:58', -1),
(369, 1201, 'Spencer', 'Pummill', 'pummill', NULL, 0, NULL, NULL, NULL, NULL, NULL, NULL, 0, 0, 1, 1, '2017-10-29 12:12:58', '2017-10-29', '2017-10-29 12:12:58', -1),
(370, 1212, 'Yelena', 'Karnes', 'karnes', NULL, 0, NULL, NULL, NULL, NULL, NULL, NULL, 0, 0, 1, 1, '2017-10-29 12:12:58', '2017-10-29', '2017-10-29 12:12:58', -1),
(371, 1237, 'Lynette', 'Redwood', 'redwood', NULL, 0, NULL, NULL, NULL, NULL, NULL, NULL, 0, 0, 1, 1, '2017-10-29 12:12:58', '2017-10-29', '2017-10-29 12:12:58', -1),
(372, 1483, 'Dominica', 'Moench', 'moench', NULL, 0, NULL, NULL, NULL, NULL, NULL, NULL, 0, 0, 1, 1, '2017-10-29 12:12:58', '2017-10-29', '2017-10-29 12:12:58', -1),
(373, 1591, 'Raymond', 'Guidroz', 'guidroz', NULL, 0, NULL, NULL, NULL, NULL, NULL, NULL, 0, 0, 1, 1, '2017-10-29 12:12:58', '2017-10-29', '2017-10-29 12:12:58', -1),
(374, 1593, 'Alice', 'Clem', 'clem', NULL, 0, NULL, NULL, NULL, NULL, NULL, NULL, 0, 0, 1, 1, '2017-10-29 12:12:58', '2017-10-29', '2017-10-29 12:12:58', -1),
(375, 1595, 'Mia', 'Anson', 'anson', NULL, 0, NULL, NULL, NULL, NULL, NULL, NULL, 0, 0, 1, 1, '2017-10-29 12:12:58', '2017-10-29', '2017-10-29 12:12:58', -1),
(376, 1603, 'Rosalva', 'Carbajal', 'carbajal', NULL, 0, NULL, NULL, NULL, NULL, NULL, NULL, 0, 0, 1, 1, '2017-10-29 12:12:58', '2017-10-29', '2017-10-29 12:12:58', -1),
(377, 1612, 'Berna', 'Wolery', 'wolery', NULL, 0, NULL, NULL, NULL, NULL, NULL, NULL, 0, 0, 1, 1, '2017-10-29 12:12:58', '2017-10-29', '2017-10-29 12:12:58', -1),
(378, 1618, 'Delia', 'Ketcher', 'ketcher', NULL, 0, NULL, NULL, NULL, NULL, NULL, NULL, 0, 0, 1, 1, '2017-10-29 12:12:58', '2017-10-29', '2017-10-29 12:12:58', -1),
(379, 1619, 'Josefine', 'Prasad', 'prasad', NULL, 0, NULL, NULL, NULL, NULL, NULL, NULL, 0, 0, 1, 1, '2017-10-29 12:12:58', '2017-10-29', '2017-10-29 12:12:58', -1),
(380, 1623, 'Drusilla', 'Motz', 'motz', NULL, 0, NULL, NULL, NULL, NULL, NULL, NULL, 0, 0, 1, 1, '2017-10-29 12:12:58', '2017-10-29', '2017-10-29 12:12:58', -1),
(381, 1624, 'Argentina', 'Whittenburg', 'whittenburg', NULL, 0, NULL, NULL, NULL, NULL, NULL, NULL, 0, 0, 1, 1, '2017-10-29 12:12:58', '2017-10-29', '2017-10-29 12:12:58', -1),
(382, 1628, 'Oretha', 'Schneck', 'schneck', NULL, 0, NULL, NULL, NULL, NULL, NULL, NULL, 0, 0, 1, 1, '2017-10-29 12:12:58', '2017-10-29', '2017-10-29 12:12:58', -1),
(383, 1631, 'Barbera', 'Cantrelle', 'cantrelle', NULL, 0, NULL, NULL, NULL, NULL, NULL, NULL, 0, 0, 1, 1, '2017-10-29 12:12:58', '2017-10-29', '2017-10-29 12:12:58', -1),
(384, 1632, 'Gennie', 'Veloz', 'veloz', NULL, 0, NULL, NULL, NULL, NULL, NULL, NULL, 0, 0, 1, 1, '2017-10-29 12:12:58', '2017-10-29', '2017-10-29 12:12:58', -1),
(385, 1658, 'Damien', 'Thelen', 'thelen', NULL, 0, NULL, NULL, NULL, NULL, NULL, NULL, 0, 0, 1, 1, '2017-10-29 12:12:58', '2017-10-29', '2017-10-29 12:12:58', -1),
(386, 1666, 'Louann', 'Nurse', 'nurse', NULL, 0, NULL, NULL, NULL, NULL, NULL, NULL, 0, 0, 1, 1, '2017-10-29 12:12:58', '2017-10-29', '2017-10-29 12:12:58', -1),
(387, 1674, 'Chasidy', 'Sharper', 'sharper', NULL, 0, NULL, NULL, NULL, NULL, NULL, NULL, 0, 0, 1, 1, '2017-10-29 12:12:58', '2017-10-29', '2017-10-29 12:12:58', -1),
(388, 1679, 'Miranda', 'Pettey', 'pettey', NULL, 0, NULL, NULL, NULL, NULL, NULL, NULL, 0, 0, 1, 1, '2017-10-29 12:12:58', '2017-10-29', '2017-10-29 12:12:58', -1),
(389, 1682, 'Dakota', 'Mccree', 'cree', NULL, 0, NULL, NULL, NULL, NULL, NULL, NULL, 0, 0, 1, 1, '2017-10-29 12:12:58', '2017-10-29', '2017-10-29 12:12:58', -1),
(390, 1683, 'Loyd', 'Fields', 'fields', NULL, 0, NULL, NULL, NULL, NULL, NULL, NULL, 0, 0, 1, 1, '2017-10-29 12:12:58', '2017-10-29', '2017-10-29 12:12:58', -1),
(391, 1708, 'Theodora', 'Bramble', 'bramble', NULL, 0, NULL, NULL, NULL, NULL, NULL, NULL, 0, 0, 1, 1, '2017-10-29 12:12:58', '2017-10-29', '2017-10-29 12:12:58', -1),
(392, 1710, 'Farah', 'Jarmon', 'jarmon', NULL, 0, NULL, NULL, NULL, NULL, NULL, NULL, 0, 0, 1, 1, '2017-10-29 12:12:58', '2017-10-29', '2017-10-29 12:12:58', -1),
(393, 1719, 'Alene', 'Drovin', 'drovin', NULL, 0, NULL, NULL, NULL, NULL, NULL, NULL, 0, 0, 1, 1, '2017-10-29 12:12:58', '2017-10-29', '2017-10-29 12:12:58', -1),
(394, 1728, 'Esmeralda', 'Merlo', 'merlo', NULL, 0, NULL, NULL, NULL, NULL, NULL, NULL, 0, 0, 1, 1, '2017-10-29 12:12:58', '2017-10-29', '2017-10-29 12:12:58', -1),
(395, 1801, 'Ana', 'Loden', 'loden', NULL, 0, NULL, NULL, NULL, NULL, NULL, NULL, 0, 0, 1, 1, '2017-10-29 12:12:58', '2017-10-29', '2017-10-29 12:12:58', -1),
(396, 1806, 'Alaina', 'Fridley', 'fridley', NULL, 0, NULL, NULL, NULL, NULL, NULL, NULL, 0, 0, 1, 1, '2017-10-29 12:12:58', '2017-10-29', '2017-10-29 12:12:58', -1),
(397, 1017, 'Jimmy', 'Manser', 'manser', NULL, 0, NULL, NULL, NULL, NULL, NULL, NULL, 0, 0, 1, 1, '2017-10-29 12:12:58', '2017-10-29', '2017-10-29 12:12:58', -1),
(398, 1210, 'Joella', 'Siegle', 'siegle', NULL, 0, NULL, NULL, NULL, NULL, NULL, NULL, 0, 0, 1, 1, '2017-10-29 12:12:58', '2017-10-29', '2017-10-29 12:12:58', -1),
(399, 1220, 'Darcey', 'Clem', 'clem', NULL, 0, NULL, NULL, NULL, NULL, NULL, NULL, 0, 0, 1, 1, '2017-10-29 12:12:58', '2017-10-29', '2017-10-29 12:12:58', -1),
(400, 1223, 'Claude', 'Koenen', 'koenen', NULL, 0, NULL, NULL, NULL, NULL, NULL, NULL, 0, 0, 1, 1, '2017-10-29 12:12:58', '2017-10-29', '2017-10-29 12:12:58', -1),
(401, 1224, 'Melissa', 'Conover', 'conover', NULL, 0, NULL, NULL, NULL, NULL, NULL, NULL, 0, 0, 1, 1, '2017-10-29 12:12:58', '2017-10-29', '2017-10-29 12:12:58', -1),
(402, 1228, 'Catina', 'Poissant', 'poissant', NULL, 0, NULL, NULL, NULL, NULL, NULL, NULL, 0, 0, 1, 1, '2017-10-29 12:12:58', '2017-10-29', '2017-10-29 12:12:58', -1),
(403, 1231, 'Chrystal', 'Wessels', 'wessels', NULL, 0, NULL, NULL, NULL, NULL, NULL, NULL, 0, 0, 1, 1, '2017-10-29 12:12:58', '2017-10-29', '2017-10-29 12:12:58', -1),
(404, 1236, 'Rosy', 'Pitre', 'pitre', NULL, 0, NULL, NULL, NULL, NULL, NULL, NULL, 0, 0, 1, 1, '2017-10-29 12:12:58', '2017-10-29', '2017-10-29 12:12:58', -1),
(405, 1239, 'Katherina', 'Stultz', 'stultz', NULL, 0, NULL, NULL, NULL, NULL, NULL, NULL, 0, 0, 1, 1, '2017-10-29 12:12:58', '2017-10-29', '2017-10-29 12:12:58', -1),
(406, 1240, 'Davida', 'Skyles', 'skyles', NULL, 0, NULL, NULL, NULL, NULL, NULL, NULL, 0, 0, 1, 1, '2017-10-29 12:12:58', '2017-10-29', '2017-10-29 12:12:58', -1),
(407, 1242, 'Elida', 'Pendergrast', 'pendergrast', NULL, 0, NULL, NULL, NULL, NULL, NULL, NULL, 0, 0, 1, 1, '2017-10-29 12:12:58', '2017-10-29', '2017-10-29 12:12:58', -1),
(408, 1245, 'Wilton', 'Poynter', 'poynter', NULL, 0, NULL, NULL, NULL, NULL, NULL, NULL, 0, 0, 1, 1, '2017-10-29 12:12:58', '2017-10-29', '2017-10-29 12:12:58', -1),
(409, 1277, 'Emanuel', 'Zetina', 'zetina', NULL, 0, NULL, NULL, NULL, NULL, NULL, NULL, 0, 0, 1, 1, '2017-10-29 12:12:58', '2017-10-29', '2017-10-29 12:12:58', -1),
(410, 1336, 'Efrain', 'Slinkard', 'slinkard', NULL, 0, NULL, NULL, NULL, NULL, NULL, NULL, 0, 0, 1, 1, '2017-10-29 12:12:58', '2017-10-29', '2017-10-29 12:12:58', -1),
(411, 1393, 'Angeline', 'Stenson', 'stenson', NULL, 0, NULL, NULL, NULL, NULL, NULL, NULL, 0, 0, 1, 1, '2017-10-29 12:12:58', '2017-10-29', '2017-10-29 12:12:58', -1),
(412, 1395, 'Marlys', 'Howze', 'howze', NULL, 0, NULL, NULL, NULL, NULL, NULL, NULL, 0, 0, 1, 1, '2017-10-29 12:12:58', '2017-10-29', '2017-10-29 12:12:58', -1),
(413, 1402, 'Florencia', 'Forehand', 'forehand', NULL, 0, NULL, NULL, NULL, NULL, NULL, NULL, 0, 0, 1, 1, '2017-10-29 12:12:58', '2017-10-29', '2017-10-29 12:12:58', -1),
(414, 1420, 'Ricarda', 'Nurse', 'nurse', NULL, 0, NULL, NULL, NULL, NULL, NULL, NULL, 0, 0, 1, 1, '2017-10-29 12:12:58', '2017-10-29', '2017-10-29 12:12:58', -1),
(415, 1421, 'Su', 'Freels', 'freels', NULL, 0, NULL, NULL, NULL, NULL, NULL, NULL, 0, 0, 1, 1, '2017-10-29 12:12:58', '2017-10-29', '2017-10-29 12:12:58', -1),
(416, 1422, 'Carla', 'Giguere', 'giguere', NULL, 0, NULL, NULL, NULL, NULL, NULL, NULL, 0, 0, 1, 1, '2017-10-29 12:12:58', '2017-10-29', '2017-10-29 12:12:58', -1),
(417, 1423, 'Stefania', 'Allain', 'allain', NULL, 0, NULL, NULL, NULL, NULL, NULL, NULL, 0, 0, 1, 1, '2017-10-29 12:12:58', '2017-10-29', '2017-10-29 12:12:58', -1),
(418, 1424, 'Warner', 'Cusack', 'cusack', NULL, 0, NULL, NULL, NULL, NULL, NULL, NULL, 0, 0, 1, 1, '2017-10-29 12:12:58', '2017-10-29', '2017-10-29 12:12:58', -1),
(419, 1454, 'Rita', 'Galban', 'galban', NULL, 0, NULL, NULL, NULL, NULL, NULL, NULL, 0, 0, 1, 1, '2017-10-29 12:12:58', '2017-10-29', '2017-10-29 12:12:58', -1),
(420, 1475, 'Garfield', 'Falk', 'falk', NULL, 0, NULL, NULL, NULL, NULL, NULL, NULL, 0, 0, 1, 1, '2017-10-29 12:12:58', '2017-10-29', '2017-10-29 12:12:58', -1),
(421, 1486, 'Marita', 'Mccree', 'cree', NULL, 0, NULL, NULL, NULL, NULL, NULL, NULL, 0, 0, 1, 1, '2017-10-29 12:12:58', '2017-10-29', '2017-10-29 12:12:58', -1),
(422, 1503, 'Eleanora', 'Holder', 'holder', NULL, 0, NULL, NULL, NULL, NULL, NULL, NULL, 0, 0, 1, 1, '2017-10-29 12:12:58', '2017-10-29', '2017-10-29 12:12:58', -1),
(423, 1524, 'Corine', 'Kinkel', 'kinkel', NULL, 0, NULL, NULL, NULL, NULL, NULL, NULL, 0, 0, 1, 1, '2017-10-29 12:12:58', '2017-10-29', '2017-10-29 12:12:58', -1),
(424, 1585, 'Russell', 'Lecroy', 'lecroy', NULL, 0, NULL, NULL, NULL, NULL, NULL, NULL, 0, 0, 1, 1, '2017-10-29 12:12:58', '2017-10-29', '2017-10-29 12:12:58', -1),
(425, 932, 'Martin', 'Hester', 'hester', NULL, 0, NULL, NULL, NULL, NULL, NULL, NULL, 0, 0, 1, 1, '2017-10-29 12:12:58', '2017-10-29', '2017-10-29 12:12:58', -1),
(426, 1090, 'Madison', 'Galles', 'galles', NULL, 0, NULL, NULL, NULL, NULL, NULL, NULL, 0, 0, 1, 1, '2017-10-29 12:12:58', '2017-10-29', '2017-10-29 12:12:58', -1),
(427, 1104, 'Delores', 'Koffler', 'koffler', NULL, 0, NULL, NULL, NULL, NULL, NULL, NULL, 0, 0, 1, 1, '2017-10-29 12:12:58', '2017-10-29', '2017-10-29 12:12:58', -1),
(428, 1199, 'Shoshana', 'Solley', 'solley', NULL, 0, NULL, NULL, NULL, NULL, NULL, NULL, 0, 0, 1, 1, '2017-10-29 12:12:58', '2017-10-29', '2017-10-29 12:12:58', -1),
(429, 1200, 'Jae', 'Weisinger', 'weisinger', NULL, 0, NULL, NULL, NULL, NULL, NULL, NULL, 0, 0, 1, 1, '2017-10-29 12:12:58', '2017-10-29', '2017-10-29 12:12:58', -1),
(430, 1207, 'Herminia', 'Blackburn', 'blackburn', NULL, 0, NULL, NULL, NULL, NULL, NULL, NULL, 0, 0, 1, 1, '2017-10-29 12:12:58', '2017-10-29', '2017-10-29 12:12:58', -1),
(431, 1211, 'Andree', 'Willie', 'willie', NULL, 0, NULL, NULL, NULL, NULL, NULL, NULL, 0, 0, 1, 1, '2017-10-29 12:12:58', '2017-10-29', '2017-10-29 12:12:58', -1),
(432, 1216, 'Olivia', 'Clepper', 'clepper', NULL, 0, NULL, NULL, NULL, NULL, NULL, NULL, 0, 0, 1, 1, '2017-10-29 12:12:58', '2017-10-29', '2017-10-29 12:12:58', -1),
(433, 1219, 'Keeley', 'Hatley', 'hatley', NULL, 0, NULL, NULL, NULL, NULL, NULL, NULL, 0, 0, 1, 1, '2017-10-29 12:12:58', '2017-10-29', '2017-10-29 12:12:58', -1),
(434, 1221, 'Lyla', 'Bertelsen', 'bertelsen', NULL, 0, NULL, NULL, NULL, NULL, NULL, NULL, 0, 0, 1, 1, '2017-10-29 12:12:58', '2017-10-29', '2017-10-29 12:12:58', -1),
(435, 1222, 'Elroy', 'Mclawhorn', 'lawhorn', NULL, 0, NULL, NULL, NULL, NULL, NULL, NULL, 0, 0, 1, 1, '2017-10-29 12:12:58', '2017-10-29', '2017-10-29 12:12:58', -1),
(436, 1229, 'Maribeth', 'Clayborn', 'clayborn', NULL, 0, NULL, NULL, NULL, NULL, NULL, NULL, 0, 0, 1, 1, '2017-10-29 12:12:58', '2017-10-29', '2017-10-29 12:12:58', -1),
(437, 1230, 'Pearline', 'Water', 'water', NULL, 0, NULL, NULL, NULL, NULL, NULL, NULL, 0, 0, 1, 1, '2017-10-29 12:12:58', '2017-10-29', '2017-10-29 12:12:58', -1),
(438, 1232, 'Mindi', 'Cerniglia', 'cerniglia', NULL, 0, NULL, NULL, NULL, NULL, NULL, NULL, 0, 0, 1, 1, '2017-10-29 12:12:58', '2017-10-29', '2017-10-29 12:12:58', -1),
(439, 1234, 'Douglass', 'Vallecillo', 'vallecillo', NULL, 0, NULL, NULL, NULL, NULL, NULL, NULL, 0, 0, 1, 1, '2017-10-29 12:12:58', '2017-10-29', '2017-10-29 12:12:58', -1),
(440, 1238, 'Lynwood', 'Dantin', 'dantin', NULL, 0, NULL, NULL, NULL, NULL, NULL, NULL, 0, 0, 1, 1, '2017-10-29 12:12:58', '2017-10-29', '2017-10-29 12:12:58', -1),
(441, 1276, 'Milagro', 'Chisolm', 'chisolm', NULL, 0, NULL, NULL, NULL, NULL, NULL, NULL, 0, 0, 1, 1, '2017-10-29 12:12:58', '2017-10-29', '2017-10-29 12:12:58', -1),
(442, 1278, 'Lucius', 'Bravo', 'bravo', NULL, 0, NULL, NULL, NULL, NULL, NULL, NULL, 0, 0, 1, 1, '2017-10-29 12:12:58', '2017-10-29', '2017-10-29 12:12:58', -1),
(443, 1315, 'Paz', 'Rockey', 'rockey', NULL, 0, NULL, NULL, NULL, NULL, NULL, NULL, 0, 0, 1, 1, '2017-10-29 12:12:58', '2017-10-29', '2017-10-29 12:12:58', -1),
(444, 1394, 'Jerica', 'Capo', 'capo', NULL, 0, NULL, NULL, NULL, NULL, NULL, NULL, 0, 0, 1, 1, '2017-10-29 12:12:58', '2017-10-29', '2017-10-29 12:12:58', -1),
(445, 1419, 'Sari', 'Bruneau', 'bruneau', NULL, 0, NULL, NULL, NULL, NULL, NULL, NULL, 0, 0, 1, 1, '2017-10-29 12:12:58', '2017-10-29', '2017-10-29 12:12:58', -1),
(446, 1425, 'Tamera', 'Puterbaugh', 'puterbaugh', NULL, 0, NULL, NULL, NULL, NULL, NULL, NULL, 0, 0, 1, 1, '2017-10-29 12:12:58', '2017-10-29', '2017-10-29 12:12:58', -1),
(447, 1433, 'Marianna', 'Brodt', 'brodt', NULL, 0, NULL, NULL, NULL, NULL, NULL, NULL, 0, 0, 1, 1, '2017-10-29 12:12:58', '2017-10-29', '2017-10-29 12:12:58', -1),
(448, 1469, 'Joycelyn', 'Borrego', 'borrego', NULL, 0, NULL, NULL, NULL, NULL, NULL, NULL, 0, 0, 1, 1, '2017-10-29 12:12:58', '2017-10-29', '2017-10-29 12:12:58', -1),
(449, 1473, 'Genny', 'Yamada', 'yamada', NULL, 0, NULL, NULL, NULL, NULL, NULL, NULL, 0, 0, 1, 1, '2017-10-29 12:12:58', '2017-10-29', '2017-10-29 12:12:58', -1),
(450, 1577, 'Tarah', 'Weeden', 'weeden', NULL, 0, NULL, NULL, NULL, NULL, NULL, NULL, 0, 0, 1, 1, '2017-10-29 12:12:58', '2017-10-29', '2017-10-29 12:12:58', -1),
(451, 1804, 'Myrta', 'Fridley', 'fridley', NULL, 0, NULL, NULL, NULL, NULL, NULL, NULL, 0, 0, 1, 1, '2017-10-29 12:12:58', '2017-10-29', '2017-10-29 12:12:58', -1),
(452, 429, 'Carmine', 'Harriss', 'harriss', NULL, 0, NULL, NULL, NULL, NULL, NULL, NULL, 0, 0, 1, 1, '2017-10-29 12:12:58', '2017-10-29', '2017-10-29 12:12:58', -1),
(453, 430, 'Danuta', 'Wicker', 'wicker', NULL, 0, NULL, NULL, NULL, NULL, NULL, NULL, 0, 0, 1, 1, '2017-10-29 12:12:58', '2017-10-29', '2017-10-29 12:12:58', -1),
(454, 435, 'Roscoe', 'Stmartin', 'stmartin', NULL, 0, NULL, NULL, NULL, NULL, NULL, NULL, 0, 0, 1, 1, '2017-10-29 12:12:58', '2017-10-29', '2017-10-29 12:12:58', -1),
(455, 436, 'Arnita', 'Luc', 'luc', NULL, 0, NULL, NULL, NULL, NULL, NULL, NULL, 0, 0, 1, 1, '2017-10-29 12:12:58', '2017-10-29', '2017-10-29 12:12:58', -1),
(456, 438, 'Joslyn', 'Edison', 'edison', NULL, 0, NULL, NULL, NULL, NULL, NULL, NULL, 0, 0, 1, 1, '2017-10-29 12:12:58', '2017-10-29', '2017-10-29 12:12:58', -1),
(457, 441, 'Agustin', 'Bartel', 'bartel', NULL, 0, NULL, NULL, NULL, NULL, NULL, NULL, 0, 0, 1, 1, '2017-10-29 12:12:58', '2017-10-29', '2017-10-29 12:12:58', -1),
(458, 442, 'Erick', 'Siegle', 'siegle', NULL, 0, NULL, NULL, NULL, NULL, NULL, NULL, 0, 0, 1, 1, '2017-10-29 12:12:58', '2017-10-29', '2017-10-29 12:12:58', -1),
(459, 445, 'Myrna', 'Kephart', 'kephart', NULL, 0, NULL, NULL, NULL, NULL, NULL, NULL, 0, 0, 1, 1, '2017-10-29 12:12:58', '2017-10-29', '2017-10-29 12:12:58', -1),
(460, 447, 'Genesis', 'Ruane', 'ruane', NULL, 0, NULL, NULL, NULL, NULL, NULL, NULL, 0, 0, 1, 1, '2017-10-29 12:12:58', '2017-10-29', '2017-10-29 12:12:58', -1),
(461, 452, 'Juliann', 'Boulden', 'boulden', NULL, 0, NULL, NULL, NULL, NULL, NULL, NULL, 0, 0, 1, 1, '2017-10-29 12:12:58', '2017-10-29', '2017-10-29 12:12:58', -1),
(462, 454, 'Tiara', 'Althaus', 'althaus', NULL, 0, NULL, NULL, NULL, NULL, NULL, NULL, 0, 0, 1, 1, '2017-10-29 12:12:58', '2017-10-29', '2017-10-29 12:12:58', -1),
(463, 455, 'Jacquie', 'Holcombe', 'holcombe', NULL, 0, NULL, NULL, NULL, NULL, NULL, NULL, 0, 0, 1, 1, '2017-10-29 12:12:58', '2017-10-29', '2017-10-29 12:12:58', -1),
(464, 457, 'Bianca', 'Schur', 'schur', NULL, 0, NULL, NULL, NULL, NULL, NULL, NULL, 0, 0, 1, 1, '2017-10-29 12:12:58', '2017-10-29', '2017-10-29 12:12:58', -1),
(465, 459, 'Toby', 'Corwin', 'corwin', NULL, 0, NULL, NULL, NULL, NULL, NULL, NULL, 0, 0, 1, 1, '2017-10-29 12:12:58', '2017-10-29', '2017-10-29 12:12:58', -1),
(466, 461, 'Erinn', 'Paolucci', 'paolucci', NULL, 0, NULL, NULL, NULL, NULL, NULL, NULL, 0, 0, 1, 1, '2017-10-29 12:12:58', '2017-10-29', '2017-10-29 12:12:58', -1),
(467, 463, 'Shara', 'Gettinger', 'gettinger', NULL, 0, NULL, NULL, NULL, NULL, NULL, NULL, 0, 0, 1, 1, '2017-10-29 12:12:58', '2017-10-29', '2017-10-29 12:12:58', -1),
(468, 467, 'Chester', 'Claw', 'claw', NULL, 0, NULL, NULL, NULL, NULL, NULL, NULL, 0, 0, 1, 1, '2017-10-29 12:12:58', '2017-10-29', '2017-10-29 12:12:58', -1),
(469, 469, 'Jerrell', 'Naumann', 'naumann', NULL, 0, NULL, NULL, NULL, NULL, NULL, NULL, 0, 0, 1, 1, '2017-10-29 12:12:58', '2017-10-29', '2017-10-29 12:12:58', -1),
(470, 470, 'Carma', 'Jobin', 'jobin', NULL, 0, NULL, NULL, NULL, NULL, NULL, NULL, 0, 0, 1, 1, '2017-10-29 12:12:58', '2017-10-29', '2017-10-29 12:12:58', -1),
(471, 471, 'Shea', 'Petillo', 'petillo', NULL, 0, NULL, NULL, NULL, NULL, NULL, NULL, 0, 0, 1, 1, '2017-10-29 12:12:58', '2017-10-29', '2017-10-29 12:12:58', -1),
(472, 473, 'Janay', 'Gayman', 'gayman', NULL, 0, NULL, NULL, NULL, NULL, NULL, NULL, 0, 0, 1, 1, '2017-10-29 12:12:58', '2017-10-29', '2017-10-29 12:12:58', -1),
(473, 475, 'Michell', 'Seth', 'seth', NULL, 0, NULL, NULL, NULL, NULL, NULL, NULL, 0, 0, 1, 1, '2017-10-29 12:12:58', '2017-10-29', '2017-10-29 12:12:58', -1),
(474, 477, 'Edgar', 'Corpus', 'corpus', NULL, 0, NULL, NULL, NULL, NULL, NULL, NULL, 0, 0, 1, 1, '2017-10-29 12:12:58', '2017-10-29', '2017-10-29 12:12:58', -1),
(475, 479, 'Ji', 'Louden', 'louden', NULL, 0, NULL, NULL, NULL, NULL, NULL, NULL, 0, 0, 1, 1, '2017-10-29 12:12:58', '2017-10-29', '2017-10-29 12:12:58', -1),
(476, 480, 'Avis', 'Demoura', 'demoura', NULL, 0, NULL, NULL, NULL, NULL, NULL, NULL, 0, 0, 1, 1, '2017-10-29 12:12:58', '2017-10-29', '2017-10-29 12:12:58', -1),
(477, 484, 'Allene', 'Doner', 'doner', NULL, 0, NULL, NULL, NULL, NULL, NULL, NULL, 0, 0, 1, 1, '2017-10-29 12:12:58', '2017-10-29', '2017-10-29 12:12:58', -1),
(478, 490, 'Nannie', 'Schneiderman', 'schneiderman', NULL, 0, NULL, NULL, NULL, NULL, NULL, NULL, 0, 0, 1, 1, '2017-10-29 12:12:58', '2017-10-29', '2017-10-29 12:12:58', -1),
(479, 502, 'Jacinto', 'Rennie', 'rennie', NULL, 0, NULL, NULL, NULL, NULL, NULL, NULL, 0, 0, 1, 1, '2017-10-29 12:12:58', '2017-10-29', '2017-10-29 12:12:58', -1),
(480, 1346, 'Alba', 'Szewczyk', 'szewczyk', NULL, 0, NULL, NULL, NULL, NULL, NULL, NULL, 0, 0, 1, 1, '2017-10-29 12:12:58', '2017-10-29', '2017-10-29 12:12:58', -1),
(481, 1815, 'Mathew', 'Sinn', 'sinn', NULL, 0, NULL, NULL, NULL, NULL, NULL, NULL, 0, 0, 1, 1, '2017-10-29 12:12:58', '2017-10-29', '2017-10-29 12:12:58', -1),
(482, NULL, 'Halina', 'Deboer', 'deboer', NULL, 0, NULL, '+020 91 394 2698', NULL, NULL, NULL, NULL, 0, 1, 0, 0, '2017-10-29 12:12:58', '2017-10-29', '2017-10-29 12:12:58', -1),
(483, NULL, 'Francoise', 'Grounds', 'grounds', NULL, 0, NULL, '+020 91 967 4304', NULL, NULL, NULL, NULL, 0, 1, 0, 0, '2017-10-29 12:12:58', NULL, '2017-10-29 12:12:58', -1),
(484, NULL, 'Cliff', 'Vanalstyne', 'vanalstyne', NULL, 0, NULL, '+020 91 765 0354', NULL, NULL, NULL, NULL, 0, 1, 0, 0, '2017-10-29 12:12:58', NULL, '2017-10-29 12:12:58', -1),
(485, NULL, 'Patrina', 'Worthley', 'worthley', NULL, 0, NULL, '+020 91 742 4595', NULL, NULL, NULL, NULL, 0, 1, 0, 0, '2017-10-29 12:12:58', '2017-10-29', '2017-10-29 12:12:58', -1),
(486, NULL, 'Mozella', 'Timmerman', 'timmerman', NULL, 0, NULL, '+020 91 216 6219', NULL, NULL, NULL, NULL, 0, 1, 0, 0, '2017-10-29 12:12:58', '2017-10-29', '2017-10-29 12:12:58', -1),
(487, NULL, 'Jake', 'Redmon', 'redmon', NULL, 0, NULL, NULL, NULL, NULL, NULL, NULL, 0, 1, 0, 0, '2017-10-29 12:12:58', '2017-10-29', '2017-10-29 12:12:58', -1),
(488, NULL, 'Pa', 'Dallas', 'dallas', NULL, 0, NULL, '+020 91 223 5163', NULL, NULL, NULL, NULL, 0, 1, 0, 0, '2017-10-29 12:12:58', '2017-10-29', '2017-10-29 12:12:58', -1),
(489, NULL, 'Jacqueline', 'Number', 'number', NULL, 0, NULL, '+020 91 621 1597', NULL, NULL, NULL, NULL, 0, 1, 0, 0, '2017-10-29 12:12:58', '2017-10-29', '2017-10-29 12:12:58', -1),
(490, NULL, 'Vannesa', 'Ingraham', 'ingraham', NULL, 0, NULL, '+020 91 438 8182', NULL, NULL, NULL, NULL, 0, 1, 0, 0, '2017-10-29 12:12:58', '2017-10-29', '2017-10-29 12:12:58', -1),
(491, NULL, 'Katrice', 'Lofland', 'lofland', NULL, 0, NULL, '+020 91 872 3035', NULL, NULL, NULL, NULL, 0, 1, 0, 0, '2017-10-29 12:12:58', '2017-10-29', '2017-10-29 12:12:58', -1),
(492, NULL, 'Rosana', 'Myrie', 'myrie', NULL, 0, NULL, '+020 91 248 5313', NULL, NULL, NULL, NULL, 0, 1, 0, 0, '2017-10-29 12:12:58', NULL, '2017-10-29 12:12:58', -1),
(493, NULL, 'Leone', 'Ricketson', 'ricketson', NULL, 0, NULL, '+020 91 805 7987', NULL, NULL, NULL, NULL, 0, 1, 0, 0, '2017-10-29 12:12:58', '2017-10-29', '2017-10-29 12:12:58', -1),
(494, NULL, 'Lorenza', 'Fannon', 'fannon', NULL, 0, NULL, '+020 91 669 5314', NULL, NULL, NULL, NULL, 0, 1, 0, 0, '2017-10-29 12:12:58', NULL, '2017-10-29 12:12:58', -1),
(495, NULL, 'Keva', 'Castaldo', 'castaldo', NULL, 0, NULL, '+020 91 683 7426', NULL, NULL, NULL, NULL, 0, 1, 0, 0, '2017-10-29 12:12:58', NULL, '2017-10-29 12:12:58', -1),
(496, NULL, 'Bibi', 'Haven', 'haven', NULL, 0, NULL, '+020 91 224 9809', NULL, NULL, NULL, NULL, 0, 1, 0, 0, '2017-10-29 12:12:58', NULL, '2017-10-29 12:12:58', -1),
(497, NULL, 'Stephane', 'Boots', 'boots', NULL, 0, NULL, '+020 91 141 0315', NULL, NULL, NULL, NULL, 0, 1, 0, 0, '2017-10-29 12:12:58', '2017-10-29', '2017-10-29 12:12:58', -1),
(498, NULL, 'Lasonya', 'Kogut', 'kogut', NULL, 0, NULL, '+020 91 179 1159', NULL, NULL, NULL, NULL, 0, 1, 0, 0, '2017-10-29 12:12:58', NULL, '2017-10-29 12:12:58', -1),
(499, NULL, 'Sheryl', 'Carbonell', 'carbonell', NULL, 0, NULL, '+020 91 822 4060', NULL, NULL, NULL, NULL, 0, 1, 0, 0, '2017-10-29 12:12:58', NULL, '2017-10-29 12:12:58', -1),
(500, NULL, 'Antione', 'Mastropietro', 'mastropietro', NULL, 0, NULL, '+020 91 817 1721', NULL, NULL, NULL, NULL, 0, 1, 0, 0, '2017-10-29 12:12:58', NULL, '2017-10-29 12:12:58', -1),
(501, NULL, 'Brant', 'Chilson', 'chilson', NULL, 0, NULL, '+020 91 234 9062', NULL, NULL, NULL, NULL, 0, 1, 0, 0, '2017-10-29 12:12:58', NULL, '2017-10-29 12:12:58', -1),
(502, NULL, 'Shakira', 'Masse', 'masse', NULL, 0, NULL, '+020 91 830 0766', NULL, NULL, NULL, NULL, 0, 1, 0, 0, '2017-10-29 12:12:58', NULL, '2017-10-29 12:12:58', -1),
(503, NULL, 'Ja', 'Quast', 'quast', NULL, 0, NULL, '+020 91 231 7677', NULL, NULL, NULL, NULL, 0, 1, 0, 0, '2017-10-29 12:12:58', NULL, '2017-10-29 12:12:58', -1),
(504, NULL, 'Samatha', 'Huertas', 'huertas', NULL, 0, NULL, '+020 91 250 7756', NULL, NULL, NULL, NULL, 0, 1, 0, 0, '2017-10-29 12:12:58', NULL, '2017-10-29 12:12:58', -1),
(505, NULL, 'Louie', 'Sanfilippo', 'sanfilippo', NULL, 0, NULL, '+020 91 954 1883', NULL, NULL, NULL, NULL, 0, 1, 0, 0, '2017-10-29 12:12:58', NULL, '2017-10-29 12:12:58', -1),
(506, NULL, 'Ervin', 'Judd', 'judd', NULL, 0, NULL, '+020 91 614 6978', NULL, NULL, NULL, NULL, 0, 1, 0, 0, '2017-10-29 12:12:58', NULL, '2017-10-29 12:12:58', -1),
(507, NULL, 'Heide', 'Thierry', 'thierry', NULL, 0, NULL, '+020 91 227 1073', NULL, NULL, NULL, NULL, 0, 1, 0, 0, '2017-10-29 12:12:58', NULL, '2017-10-29 12:12:58', -1),
(508, NULL, 'Thurman', 'Cosgrove', 'cosgrove', NULL, 0, NULL, '+020 91 238 4614', NULL, NULL, NULL, NULL, 0, 1, 0, 0, '2017-10-29 12:12:58', '2017-10-29', '2017-10-29 12:12:58', -1),
(509, NULL, 'Barrett', 'Greeson', 'greeson', NULL, 0, NULL, '+020 91 164 8289', 'barrett1@example.com', NULL, NULL, NULL, 0, 1, 0, 0, '2017-10-29 12:12:58', NULL, '2017-10-29 12:12:58', -1),
(510, NULL, 'Roxanna', 'Foshee', 'foshee', NULL, 0, NULL, '+020 91 346 1216', NULL, NULL, NULL, NULL, 0, 1, 0, 0, '2017-10-29 12:12:58', '2017-10-29', '2017-10-29 12:12:58', -1),
(511, NULL, 'Rufus', 'Puthoff', 'puthoff', NULL, 0, NULL, '+020 91 254 0576', NULL, NULL, NULL, NULL, 0, 1, 0, 0, '2017-10-29 12:12:58', '2017-10-29', '2017-10-29 12:12:58', -1),
(512, NULL, 'Lloyd', 'Lamontagne', 'lamontagne', NULL, 0, NULL, '+020 91 740 0671', NULL, NULL, NULL, NULL, 0, 1, 0, 0, '2017-10-29 12:12:58', '2017-10-29', '2017-10-29 12:12:58', -1),
(513, NULL, 'Lyndia', 'Gladson', 'gladson', NULL, 0, NULL, '+020 91 205 2509', NULL, NULL, NULL, NULL, 0, 1, 0, 0, '2017-10-29 12:12:58', NULL, '2017-10-29 12:12:58', -1),
(514, NULL, 'Dennise', 'Franzone', 'franzone', NULL, 0, NULL, '+020 91 969 4097', NULL, NULL, NULL, NULL, 0, 1, 0, 0, '2017-10-29 12:12:58', '2017-10-29', '2017-10-29 12:12:58', -1),
(515, NULL, 'Beryl', 'Michaels', 'michaels', NULL, 0, NULL, '+020 91 179 3161', NULL, NULL, NULL, NULL, 0, 1, 0, 0, '2017-10-29 12:12:58', '2017-10-29', '2017-10-29 12:12:58', -1),
(516, NULL, 'Hee', 'Rusher', 'rusher', NULL, 0, NULL, '+020 91 262 5912', NULL, NULL, NULL, NULL, 0, 1, 0, 0, '2017-10-29 12:12:58', '2017-10-29', '2017-10-29 12:12:58', -1),
(517, NULL, 'Nickie', 'Daughtridge', 'daughtridge', NULL, 0, NULL, '+020 91 662 6146', NULL, NULL, NULL, NULL, 0, 1, 0, 0, '2017-10-29 12:12:58', '2017-10-29', '2017-10-29 12:12:58', -1),
(518, NULL, 'Stella', 'Spaeth', 'spaeth', NULL, 0, NULL, '+020 91 886 6103', NULL, NULL, NULL, NULL, 0, 1, 0, 0, '2017-10-29 12:12:58', '2017-10-29', '2017-10-29 12:12:58', -1),
(519, NULL, 'Jewell', 'Wills', 'wills', NULL, 0, NULL, '+020 91 696 4440', NULL, NULL, NULL, NULL, 0, 1, 0, 0, '2017-10-29 12:12:58', '2017-10-29', '2017-10-29 12:12:58', -1),
(520, NULL, 'Jung', 'Curto', 'curto', NULL, 0, NULL, '+020 91 774 3218', NULL, NULL, NULL, NULL, 0, 1, 0, 0, '2017-10-29 12:12:58', '2017-10-29', '2017-10-29 12:12:58', -1),
(521, NULL, 'Robbin', 'Wiemann', 'wiemann', NULL, 0, NULL, '+020 91 824 3629', NULL, NULL, NULL, NULL, 0, 1, 0, 0, '2017-10-29 12:12:58', NULL, '2017-10-29 12:12:58', -1),
(522, NULL, 'Yer', 'Molyneux', 'molyneux', NULL, 0, NULL, '+020 91 263 1901', NULL, NULL, NULL, NULL, 0, 1, 0, 0, '2017-10-29 12:12:58', NULL, '2017-10-29 12:12:58', -1),
(523, NULL, 'Graciela', 'Orozco', 'rozco', NULL, 0, NULL, '+020 91 249 1877', NULL, NULL, NULL, NULL, 0, 1, 0, 0, '2017-10-29 12:12:58', '2017-10-29', '2017-10-29 12:12:58', -1),
(524, NULL, 'Floria', 'Gray', 'gray', NULL, 0, NULL, '+020 91 813 2188', NULL, NULL, NULL, NULL, 0, 1, 0, 0, '2017-10-29 12:12:58', NULL, '2017-10-29 12:12:58', -1),
(525, NULL, 'Karima', 'Asay', 'asay', NULL, 0, NULL, '+020 91 235 7386', NULL, NULL, NULL, NULL, 0, 1, 0, 0, '2017-10-29 12:12:58', '2017-10-29', '2017-10-29 12:12:58', -1),
(526, NULL, 'Jarvis', 'Cabello', 'cabello', NULL, 0, NULL, '+020 91 875 7330', 'jarvis1@example.com', NULL, NULL, NULL, 0, 1, 0, 0, '2017-10-29 12:12:58', NULL, '2017-10-29 12:12:59', -1),
(527, NULL, 'Silas', 'Leis', 'leis', NULL, 0, NULL, '+020 91 249 4513', 'silas1@example.com', NULL, NULL, NULL, 0, 1, 0, 0, '2017-10-29 12:12:58', '2017-10-29', '2017-10-29 12:12:58', -1),
(528, NULL, 'Shalon', 'Sale', 'sale', NULL, 0, NULL, '+020 91 254 0254', NULL, NULL, NULL, NULL, 0, 1, 0, 0, '2017-10-29 12:12:58', '2017-10-29', '2017-10-29 12:12:58', -1),
(529, NULL, 'Lucia', 'Dinger', 'dinger', NULL, 0, NULL, NULL, NULL, NULL, NULL, NULL, 0, 1, 0, 0, '2017-10-29 12:12:58', '2017-10-29', '2017-10-29 12:12:58', -1),
(530, NULL, 'Veronique', 'Franson', 'franson', NULL, 0, NULL, NULL, NULL, NULL, NULL, NULL, 0, 1, 0, 0, '2017-10-29 12:12:58', '2017-10-29', '2017-10-29 12:12:58', -1),
(531, NULL, 'Rina', 'Weatherly', 'weatherly', NULL, 0, NULL, '+020 91 635 6123', NULL, NULL, NULL, NULL, 0, 1, 0, 0, '2017-10-29 12:12:58', '2017-10-29', '2017-10-29 12:12:58', -1),
(532, NULL, 'Lovella', 'Trabert', 'trabert', NULL, 0, NULL, '+020 91 212 5081', NULL, NULL, NULL, NULL, 0, 1, 0, 0, '2017-10-29 12:12:58', '2017-10-29', '2017-10-29 12:12:58', -1),
(533, NULL, 'Ofelia', 'Kuzma', 'kuzma', NULL, 0, NULL, '+020 91 838 0691', NULL, NULL, NULL, NULL, 0, 1, 0, 0, '2017-10-29 12:12:58', NULL, '2017-10-29 12:12:58', -1),
(534, NULL, 'Samuel', 'Gartner', 'gartner', NULL, 0, NULL, '+020 91 244 8370', NULL, NULL, NULL, NULL, 0, 1, 0, 0, '2017-10-29 12:12:58', '2017-10-29', '2017-10-29 12:12:58', -1),
(535, NULL, 'Verona', 'Madril', 'madril', NULL, 0, NULL, '+020 91 109 1910', NULL, NULL, NULL, NULL, 0, 1, 0, 0, '2017-10-29 12:12:58', NULL, '2017-10-29 12:12:58', -1),
(536, NULL, 'Donette', 'Nott', 'nott', NULL, 0, NULL, '+020 91 257 0354', NULL, NULL, NULL, NULL, 0, 1, 0, 0, '2017-10-29 12:12:58', '2017-10-29', '2017-10-29 12:12:58', -1),
(537, NULL, 'Vesta', 'Wolff', 'wolff', NULL, 0, NULL, '+020 91 074 4684', NULL, NULL, NULL, NULL, 0, 1, 0, 0, '2017-10-29 12:12:58', NULL, '2017-10-29 12:12:59', -1),
(538, NULL, 'Song', 'Macey', 'ey', NULL, 0, NULL, '+020 91 230 1711', NULL, NULL, NULL, NULL, 0, 1, 0, 0, '2017-10-29 12:12:58', '2017-10-29', '2017-10-29 12:12:58', -1),
(539, NULL, 'Janyce', 'Schoen', 'schoen', NULL, 0, NULL, '+020 91 233 5006', NULL, NULL, NULL, NULL, 0, 1, 0, 0, '2017-10-29 12:12:58', '2017-10-29', '2017-10-29 12:12:58', -1),
(540, NULL, 'Providencia', 'Sandford', 'sandford', NULL, 0, NULL, '+020 91 628 6495', NULL, NULL, NULL, NULL, 0, 1, 0, 0, '2017-10-29 12:12:58', NULL, '2017-10-29 12:12:58', -1),
(541, NULL, 'Lanell', 'Bogan', 'bogan', NULL, 0, NULL, '+020 91 626 1462', NULL, NULL, NULL, NULL, 0, 1, 0, 0, '2017-10-29 12:12:58', NULL, '2017-10-29 12:12:58', -1),
(542, NULL, 'Darrick', 'Debnam', 'debnam', NULL, 0, NULL, '+020 91 954 6786', NULL, NULL, NULL, NULL, 0, 1, 0, 0, '2017-10-29 12:12:58', '2017-10-29', '2017-10-29 12:12:58', -1),
(543, NULL, 'Claretta', 'Mercurio', 'mercurio', NULL, 0, NULL, '+020 91 260 5340', NULL, NULL, NULL, NULL, 0, 1, 0, 0, '2017-10-29 12:12:58', '2017-10-29', '2017-10-29 12:12:58', -1),
(544, NULL, 'Lovie', 'Rayo', 'rayo', NULL, 0, NULL, '+020 91 826 2891', 'lovie1@example.com', NULL, NULL, NULL, 0, 1, 0, 0, '2017-10-29 12:12:58', '2017-10-29', '2017-10-29 12:12:58', -1),
(545, NULL, 'Pedro', 'Seat', 'seat', NULL, 0, NULL, '+020 91 149 2007', NULL, NULL, NULL, NULL, 0, 1, 0, 0, '2017-10-29 12:12:58', '2017-10-29', '2017-10-29 12:12:58', -1),
(546, NULL, 'Freddie', 'Pollock', 'pollock', NULL, 0, NULL, '+020 91 290 7611', 'freddie1@example.com', NULL, NULL, NULL, 0, 1, 0, 0, '2017-10-29 12:12:58', NULL, '2017-10-29 12:12:58', -1),
(547, NULL, 'Odilia', 'Moya', 'moya', NULL, 0, NULL, '+020 91 260 8996', NULL, NULL, NULL, NULL, 0, 1, 0, 0, '2017-10-29 12:12:58', '2017-10-29', '2017-10-29 12:12:58', -1),
(548, NULL, 'Lana', 'Tibbitts', 'tibbitts', NULL, 0, NULL, '+020 91 314 9484', NULL, NULL, NULL, NULL, 0, 1, 0, 0, '2017-10-29 12:12:58', '2017-10-29', '2017-10-29 12:12:58', -1),
(549, NULL, 'Al', 'Laforge', 'laforge', NULL, 0, NULL, '+020 91 744 3323', NULL, NULL, NULL, NULL, 0, 1, 0, 0, '2017-10-29 12:12:58', NULL, '2017-10-29 12:12:58', -1),
(550, NULL, 'Letty', 'Fetter', 'fetter', NULL, 0, NULL, '+020 91 135 3965', NULL, NULL, NULL, NULL, 0, 1, 0, 0, '2017-10-29 12:12:58', '2017-10-29', '2017-10-29 12:12:58', -1),
(551, NULL, 'Etha', 'Lankford', 'lankford', NULL, 0, NULL, '+020 91 982 2412', NULL, NULL, NULL, NULL, 0, 1, 0, 0, '2017-10-29 12:12:58', NULL, '2017-10-29 12:12:58', -1),
(552, NULL, 'Kennith', 'Hutto', 'hutto', NULL, 0, NULL, '+020 91 390 2889', NULL, NULL, NULL, NULL, 0, 1, 0, 0, '2017-10-29 12:12:58', '2017-10-29', '2017-10-29 12:12:58', -1),
(553, NULL, 'Bonny', 'Caba', 'caba', NULL, 0, NULL, NULL, NULL, NULL, NULL, NULL, 0, 1, 0, 0, '2017-10-29 12:12:58', '2017-10-29', '2017-10-29 12:12:58', -1),
(554, NULL, 'Dusti', 'Rutigliano', 'rutigliano', NULL, 0, NULL, '+020 91 721 1188', NULL, NULL, NULL, NULL, 0, 1, 0, 0, '2017-10-29 12:12:58', NULL, '2017-10-29 12:12:58', -1),
(555, NULL, 'Rupert', 'Gaylord', 'gaylord', NULL, 0, NULL, '+020 91 906 7981', NULL, NULL, NULL, NULL, 0, 1, 0, 0, '2017-10-29 12:12:58', NULL, '2017-10-29 12:12:58', -1),
(556, NULL, 'Krystal', 'Cadle', 'cadle', NULL, 0, NULL, '+020 91 960 6597', 'krystal1@example.com', NULL, NULL, NULL, 0, 1, 0, 0, '2017-10-29 12:12:58', NULL, '2017-10-29 12:12:58', -1),
(557, NULL, 'Kasie', 'Royce', 'royce', NULL, 0, NULL, NULL, NULL, NULL, NULL, NULL, 0, 1, 0, 0, '2017-10-29 12:12:58', '2017-10-29', '2017-10-29 12:12:58', -1),
(558, NULL, 'Jere', 'Kress', 'kress', NULL, 0, NULL, '+020 91 350 2215', NULL, NULL, NULL, NULL, 0, 1, 0, 0, '2017-10-29 12:12:58', '2017-10-29', '2017-10-29 12:12:58', -1),
(559, NULL, 'Dulce', 'Nowell', 'nowell', NULL, 0, NULL, '+020 91 781 0381', NULL, NULL, NULL, NULL, 0, 1, 0, 0, '2017-10-29 12:12:58', '2017-10-29', '2017-10-29 12:12:58', -1),
(560, NULL, 'Lily', 'Keppel', 'keppel', NULL, 0, NULL, '+020 91 174 5281', NULL, NULL, NULL, NULL, 0, 1, 0, 0, '2017-10-29 12:12:58', '2017-10-29', '2017-10-29 12:12:58', -1),
(561, NULL, 'Shiloh', 'Szymanski', 'szymanski', NULL, 0, NULL, '+020 91 386 3027', NULL, NULL, NULL, NULL, 0, 1, 0, 0, '2017-10-29 12:12:58', NULL, '2017-10-29 12:12:58', -1),
(562, NULL, 'Dede', 'Ellefson', 'ellefson', NULL, 0, NULL, '+020 91 601 9288', NULL, NULL, NULL, NULL, 0, 1, 0, 0, '2017-10-29 12:12:58', NULL, '2017-10-29 12:12:58', -1),
(563, NULL, 'Irvin', 'Spear', 'spear', NULL, 0, NULL, '+020 91 122 0032', NULL, NULL, NULL, NULL, 0, 1, 0, 0, '2017-10-29 12:12:58', '2017-10-29', '2017-10-29 12:12:58', -1),
(564, NULL, 'Dahlia', 'Goldner', 'goldner', NULL, 0, NULL, '+020 91 673 8412', NULL, NULL, NULL, NULL, 0, 1, 0, 0, '2017-10-29 12:12:58', '2017-10-29', '2017-10-29 12:12:58', -1),
(565, NULL, 'Gertrudis', 'Spero', 'spero', NULL, 0, NULL, '+020 91 895 8752', NULL, NULL, NULL, NULL, 0, 1, 0, 0, '2017-10-29 12:12:58', '2017-10-29', '2017-10-29 12:12:58', -1),
(566, NULL, 'Scarlet', 'Bavaro', 'bavaro', NULL, 0, NULL, '+020 91 805 8214', NULL, NULL, NULL, NULL, 0, 1, 0, 0, '2017-10-29 12:12:58', NULL, '2017-10-29 12:12:58', -1),
(567, NULL, 'Josef', 'Sligh', 'sligh', NULL, 0, NULL, '+020 91 830 2328', NULL, NULL, NULL, NULL, 0, 1, 0, 0, '2017-10-29 12:12:58', '2017-10-29', '2017-10-29 12:12:58', -1),
(568, NULL, 'Roland', 'Wayne', 'wayne', NULL, 0, NULL, '+020 91 652 2931', NULL, NULL, NULL, NULL, 0, 1, 0, 0, '2017-10-29 12:12:58', '2017-10-29', '2017-10-29 12:12:58', -1),
(569, NULL, 'Jasmine', 'Lightford', 'lightford', NULL, 0, NULL, '+020 91 422 2222', 'jasmine1@example.com', NULL, NULL, NULL, 0, 1, 0, 0, '2017-10-29 12:12:58', NULL, '2017-10-29 12:12:58', -1),
(570, NULL, 'Catarina', 'Delatte', 'delatte', NULL, 0, NULL, '+020 91 620 4826', NULL, NULL, NULL, NULL, 0, 1, 0, 0, '2017-10-29 12:12:58', NULL, '2017-10-29 12:12:58', -1),
(571, NULL, 'Broderick', 'Cawley', 'cawley', NULL, 0, NULL, '+020 91 251 7581', NULL, NULL, NULL, NULL, 0, 1, 0, 0, '2017-10-29 12:12:58', NULL, '2017-10-29 12:12:58', -1),
(572, NULL, 'Roxanne', 'Deputy', 'deputy', NULL, 0, NULL, '+020 91 745 4251', NULL, NULL, NULL, NULL, 0, 1, 0, 0, '2017-10-29 12:12:58', '2017-10-29', '2017-10-29 12:12:58', -1),
(573, NULL, 'Calista', 'Dobyns', 'dobyns', NULL, 0, NULL, '+020 91 276 7402', NULL, NULL, NULL, NULL, 0, 1, 0, 0, '2017-10-29 12:12:58', '2017-10-29', '2017-10-29 12:12:58', -1),
(574, NULL, 'Edie', 'Ferrell', 'ferrell', NULL, 0, NULL, '+020 91 826 4750', 'edie1@example.com', NULL, NULL, NULL, 0, 1, 0, 0, '2017-10-29 12:12:58', NULL, '2017-10-29 12:12:58', -1),
(575, NULL, 'Tari', 'Jacobs', 'jacobs', NULL, 0, NULL, '+020 91 251 7697', NULL, NULL, NULL, NULL, 0, 1, 0, 0, '2017-10-29 12:12:58', '2017-10-29', '2017-10-29 12:12:58', -1),
(576, NULL, 'Autumn', 'Manalo', 'manalo', NULL, 0, NULL, '+020 91 366 1384', NULL, NULL, NULL, NULL, 0, 1, 0, 0, '2017-10-29 12:12:58', '2017-10-29', '2017-10-29 12:12:58', -1),
(577, NULL, 'Allyson', 'Hanel', 'hanel', NULL, 0, NULL, '+020 91 761 4087', NULL, NULL, NULL, NULL, 0, 1, 0, 0, '2017-10-29 12:12:58', NULL, '2017-10-29 12:12:58', -1),
(578, NULL, 'Sibyl', 'Kostelnik', 'kostelnik', NULL, 0, NULL, '+020 91 354 3016', NULL, NULL, NULL, NULL, 0, 1, 0, 0, '2017-10-29 12:12:58', '2017-10-29', '2017-10-29 12:12:58', -1),
(579, NULL, 'Marinda', 'Molinaro', 'molinaro', NULL, 0, NULL, '+020 91 227 7461', 'marinda1@example.com', NULL, NULL, NULL, 0, 1, 0, 0, '2017-10-29 12:12:58', '2017-10-29', '2017-10-29 12:12:58', -1),
(580, NULL, 'Tammera', 'Fortuna', 'fortuna', NULL, 0, NULL, '+020 91 608 6798', 'tammera1@example.com', NULL, NULL, NULL, 0, 1, 0, 0, '2017-10-29 12:12:58', NULL, '2017-10-29 12:12:58', -1),
(581, NULL, 'Jefferson', 'Dunker', 'dunker', NULL, 0, NULL, '+020 91 654 4614', NULL, NULL, NULL, NULL, 0, 1, 0, 0, '2017-10-29 12:12:58', '2017-10-29', '2017-10-29 12:12:58', -1),
(582, NULL, 'Veronica', 'Kuster', 'kuster', NULL, 0, NULL, '+020 91 690 9348', NULL, NULL, NULL, NULL, 0, 1, 0, 0, '2017-10-29 12:12:58', NULL, '2017-10-29 12:12:58', -1),
(583, NULL, 'Enda', 'Conners', 'conners', NULL, 0, NULL, NULL, NULL, NULL, NULL, NULL, 0, 1, 0, 0, '2017-10-29 12:12:58', '2017-10-29', '2017-10-29 12:12:58', -1),
(584, NULL, 'Anne', 'Frahm', 'frahm', NULL, 0, NULL, '+020 91 359 7303', NULL, NULL, NULL, NULL, 0, 1, 0, 0, '2017-10-29 12:12:58', '2017-10-29', '2017-10-29 12:12:58', -1),
(585, NULL, 'Deane', 'Gibeault', 'gibeault', NULL, 0, NULL, '+020 91 257 7909', NULL, NULL, NULL, NULL, 0, 1, 0, 0, '2017-10-29 12:12:58', '2017-10-29', '2017-10-29 12:12:58', -1),
(586, NULL, 'Nicky', 'Walsh', 'walsh', NULL, 0, NULL, '+020 91 234 2480', NULL, NULL, NULL, NULL, 0, 1, 0, 0, '2017-10-29 12:12:58', '2017-10-29', '2017-10-29 12:12:58', -1),
(587, NULL, 'Peggy', 'Broadhurst', 'broadhurst', NULL, 0, NULL, '+020 91 295 3959', NULL, NULL, NULL, NULL, 0, 1, 0, 0, '2017-10-29 12:12:58', '2017-10-29', '2017-10-29 12:12:58', -1),
(588, NULL, 'Sanjuana', 'Crowden', 'crowden', NULL, 0, NULL, '+020 91 396 3391', NULL, NULL, NULL, NULL, 0, 1, 0, 0, '2017-10-29 12:12:58', NULL, '2017-10-29 12:12:58', -1),
(589, NULL, 'Deloise', 'Hysmith', 'hysmith', NULL, 0, NULL, '+020 91 385 9059', 'deloise1@example.com', NULL, NULL, NULL, 0, 1, 0, 0, '2017-10-29 12:12:58', NULL, '2017-10-29 12:12:59', -1),
(590, NULL, 'Duane', 'Seabolt', 'seabolt', NULL, 0, NULL, '+020 91 281 9043', NULL, NULL, NULL, NULL, 0, 1, 0, 0, '2017-10-29 12:12:58', NULL, '2017-10-29 12:12:58', -1),
(591, NULL, 'Lashawn', 'Hunter', 'hunter', NULL, 0, NULL, '+020 91 967 5222', NULL, NULL, NULL, NULL, 0, 1, 0, 0, '2017-10-29 12:12:58', '2017-10-29', '2017-10-29 12:12:58', -1),
(592, NULL, 'Keli', 'Kanne', 'kanne', NULL, 0, NULL, '+020 91 360 2753', 'keli1@example.com', NULL, NULL, NULL, 0, 1, 0, 0, '2017-10-29 12:12:58', NULL, '2017-10-29 12:12:59', -1),
(593, NULL, 'Leora', 'Gaulding', 'gaulding', NULL, 0, NULL, '+020 91 223 5201', NULL, NULL, NULL, NULL, 0, 1, 0, 0, '2017-10-29 12:12:58', '2017-10-29', '2017-10-29 12:12:58', -1),
(594, NULL, 'Marcia', 'Darrow', 'darrow', NULL, 0, NULL, '+020 91 204 0528', NULL, NULL, NULL, NULL, 0, 1, 0, 0, '2017-10-29 12:12:58', '2017-10-29', '2017-10-29 12:12:58', -1),
(595, NULL, 'Elise', 'Gerrish', 'gerrish', NULL, 0, NULL, '+020 91 828 8296', NULL, NULL, NULL, NULL, 0, 1, 0, 0, '2017-10-29 12:12:58', '2017-10-29', '2017-10-29 12:12:58', -1),
(596, NULL, 'Cleveland', 'Gwinn', 'gwinn', NULL, 0, NULL, '+020 91 486 2076', NULL, NULL, NULL, NULL, 0, 1, 0, 0, '2017-10-29 12:12:58', NULL, '2017-10-29 12:12:58', -1),
(597, NULL, 'Alica', 'Harden', 'harden', NULL, 0, NULL, '+020 91 195 5196', NULL, NULL, NULL, NULL, 0, 1, 0, 0, '2017-10-29 12:12:58', '2017-10-29', '2017-10-29 12:12:58', -1),
(598, NULL, 'Hannelore', 'Wantz', 'wantz', NULL, 0, NULL, '+020 91 605 9597', NULL, NULL, NULL, NULL, 0, 1, 0, 0, '2017-10-29 12:12:58', '2017-10-29', '2017-10-29 12:12:58', -1);
INSERT INTO `person` (`id`, `ext_id`, `fname`, `lname`, `indexed_lname`, `salute_name`, `salt_id`, `landline`, `mobile`, `email`, `landline_alt`, `mobile_alt`, `email_alt`, `is_staff`, `is_guardian`, `is_member`, `active`, `created`, `deactivated`, `updated`, `updated_by`) VALUES
(599, NULL, 'Jaymie', 'Gehling', 'gehling', NULL, 0, NULL, '+020 91 730 5742', 'jaymie1@example.com', NULL, NULL, NULL, 0, 1, 0, 0, '2017-10-29 12:12:58', NULL, '2017-10-29 12:12:58', -1),
(600, NULL, 'Harvey', 'Hibner', 'hibner', NULL, 0, NULL, '+020 91 251 1140', NULL, NULL, NULL, NULL, 0, 1, 0, 0, '2017-10-29 12:12:58', NULL, '2017-10-29 12:12:58', -1),
(601, NULL, 'Laurena', 'Hix', 'hix', NULL, 0, NULL, '+020 91 655 4503', 'laurena1@example.com', NULL, NULL, NULL, 0, 1, 0, 0, '2017-10-29 12:12:58', '2017-10-29', '2017-10-29 12:12:58', -1),
(602, NULL, 'Ethan', 'Stgermain', 'stgermain', NULL, 0, NULL, '+020 91 600 0193', NULL, NULL, NULL, NULL, 0, 1, 0, 0, '2017-10-29 12:12:58', '2017-10-29', '2017-10-29 12:12:58', -1),
(603, NULL, 'Delcie', 'Hadlock', 'hadlock', NULL, 0, NULL, '+020 91 603 7696', NULL, NULL, NULL, NULL, 0, 1, 0, 0, '2017-10-29 12:12:58', NULL, '2017-10-29 12:12:59', -1),
(604, NULL, 'Avelina', 'Timbers', 'timbers', NULL, 0, NULL, '+020 91 817 8270', NULL, NULL, NULL, NULL, 0, 1, 0, 0, '2017-10-29 12:12:58', '2017-10-29', '2017-10-29 12:12:58', -1),
(605, NULL, 'Peg', 'Spinks', 'spinks', NULL, 0, NULL, '+020 91 827 2510', NULL, NULL, NULL, NULL, 0, 1, 0, 0, '2017-10-29 12:12:58', NULL, '2017-10-29 12:12:58', -1),
(606, NULL, 'Alida', 'Saxon', 'saxon', NULL, 0, NULL, '+020 91 647 6151', NULL, NULL, NULL, NULL, 0, 1, 0, 0, '2017-10-29 12:12:58', NULL, '2017-10-29 12:12:58', -1),
(607, NULL, 'Fritz', 'Beech', 'beech', NULL, 0, NULL, '+020 91 811 6444', 'fritz1@example.com', NULL, NULL, NULL, 0, 1, 0, 0, '2017-10-29 12:12:58', '2017-10-29', '2017-10-29 12:12:58', -1),
(608, NULL, 'Remona', 'Mcclean', 'clean', NULL, 0, NULL, '+020 91 774 2002', 'remona1@example.com', NULL, NULL, NULL, 0, 1, 0, 0, '2017-10-29 12:12:58', NULL, '2017-10-29 12:12:59', -1),
(609, NULL, 'Jeff', 'Sharif', 'sharif', NULL, 0, NULL, '+020 91 797 7349', NULL, NULL, NULL, NULL, 0, 1, 0, 0, '2017-10-29 12:12:58', NULL, '2017-10-29 12:12:58', -1),
(610, NULL, 'Shawn', 'Fujimoto', 'fujimoto', NULL, 0, NULL, '+020 91 289 0728', 'shawn1@example.com', NULL, NULL, NULL, 0, 1, 0, 0, '2017-10-29 12:12:58', NULL, '2017-10-29 12:12:59', -1),
(611, NULL, 'Adella', 'Rappaport', 'rappaport', NULL, 0, NULL, NULL, 'adella1@example.com', NULL, NULL, NULL, 0, 1, 0, 0, '2017-10-29 12:12:58', NULL, '2017-10-29 12:12:59', -1),
(612, NULL, 'Lyndsey', 'Hennessy', 'hennessy', NULL, 0, NULL, '+020 91 043 4851', NULL, NULL, NULL, NULL, 0, 1, 0, 0, '2017-10-29 12:12:58', '2017-10-29', '2017-10-29 12:12:58', -1),
(613, NULL, 'Karie', 'Mcardle', 'ardle', NULL, 0, NULL, '+020 91 955 8827', NULL, NULL, NULL, NULL, 0, 1, 0, 0, '2017-10-29 12:12:58', NULL, '2017-10-29 12:12:58', -1),
(614, NULL, 'Kimbery', 'Germaine', 'germaine', NULL, 0, NULL, '+020 91 811 6044', NULL, NULL, NULL, NULL, 0, 1, 0, 0, '2017-10-29 12:12:58', '2017-10-29', '2017-10-29 12:12:58', -1),
(615, NULL, 'Kassie', 'Gorelick', 'gorelick', NULL, 0, NULL, '+020 91 605 2834', NULL, NULL, NULL, NULL, 0, 1, 0, 0, '2017-10-29 12:12:58', '2017-10-29', '2017-10-29 12:12:58', -1),
(616, NULL, 'Renda', 'Keeling', 'keeling', NULL, 0, NULL, '+020 91 920 9571', NULL, NULL, NULL, NULL, 0, 1, 0, 0, '2017-10-29 12:12:58', NULL, '2017-10-29 12:12:58', -1),
(617, NULL, 'Terrell', 'Whitesell', 'whitesell', NULL, 0, NULL, NULL, NULL, NULL, NULL, NULL, 0, 1, 0, 0, '2017-10-29 12:12:58', '2017-10-29', '2017-10-29 12:12:58', -1),
(618, NULL, 'Yukiko', 'Maier', 'maier', NULL, 0, NULL, '+020 91 823 1116', NULL, NULL, NULL, NULL, 0, 1, 0, 0, '2017-10-29 12:12:58', NULL, '2017-10-29 12:12:58', -1),
(619, NULL, 'Agustina', 'Philpott', 'philpott', NULL, 0, NULL, '+020 91 992 8236', NULL, NULL, NULL, NULL, 0, 1, 0, 0, '2017-10-29 12:12:58', NULL, '2017-10-29 12:12:58', -1),
(620, NULL, 'Christina', 'Wycoff', 'wycoff', NULL, 0, NULL, '+020 91 221 1400', NULL, NULL, NULL, NULL, 0, 1, 0, 0, '2017-10-29 12:12:58', NULL, '2017-10-29 12:12:58', -1),
(621, NULL, 'Izola', 'Giampaolo', 'giampaolo', NULL, 0, NULL, '+020 91 826 4301', NULL, NULL, NULL, NULL, 0, 1, 0, 0, '2017-10-29 12:12:58', '2017-10-29', '2017-10-29 12:12:58', -1),
(622, NULL, 'Deann', 'Steller', 'steller', NULL, 0, NULL, '+020 91 918 5814', NULL, NULL, NULL, NULL, 0, 1, 0, 0, '2017-10-29 12:12:58', '2017-10-29', '2017-10-29 12:12:58', -1),
(623, NULL, 'Dario', 'Pates', 'pates', NULL, 0, NULL, '+020 91 250 4959', 'dario1@example.com', NULL, NULL, NULL, 0, 1, 0, 0, '2017-10-29 12:12:58', NULL, '2017-10-29 12:12:59', -1),
(624, NULL, 'Gil', 'Cather', 'cather', NULL, 0, NULL, '+020 91 608 7432', NULL, NULL, NULL, NULL, 0, 1, 0, 0, '2017-10-29 12:12:58', '2017-10-29', '2017-10-29 12:12:58', -1),
(625, NULL, 'Nikita', 'Stotts', 'stotts', NULL, 0, NULL, '+020 91 694 9071', NULL, NULL, NULL, NULL, 0, 1, 0, 0, '2017-10-29 12:12:58', '2017-10-29', '2017-10-29 12:12:58', -1),
(626, NULL, 'Minerva', 'Kirby', 'kirby', NULL, 0, NULL, NULL, NULL, NULL, NULL, NULL, 0, 1, 0, 0, '2017-10-29 12:12:58', '2017-10-29', '2017-10-29 12:12:58', -1),
(627, NULL, 'Domonique', 'Lachapelle', 'lachapelle', NULL, 0, NULL, '+020 91 265 8292', 'domonique1@example.com', NULL, NULL, NULL, 0, 1, 0, 0, '2017-10-29 12:12:58', '2017-10-29', '2017-10-29 12:12:58', -1),
(628, NULL, 'Artie', 'Herzig', 'herzig', NULL, 0, NULL, '+020 91 609 7451', 'artie1@example.com', NULL, NULL, NULL, 0, 1, 0, 0, '2017-10-29 12:12:58', '2017-10-29', '2017-10-29 12:12:58', -1),
(629, NULL, 'Germaine', 'Winfrey', 'winfrey', NULL, 0, NULL, NULL, 'germaine1@example.com', NULL, NULL, NULL, 0, 1, 0, 0, '2017-10-29 12:12:58', NULL, '2017-10-29 12:12:59', -1),
(630, NULL, 'Freda', 'Utsey', 'utsey', NULL, 0, NULL, '+020 91 765 0370', NULL, NULL, NULL, NULL, 0, 1, 0, 0, '2017-10-29 12:12:58', '2017-10-29', '2017-10-29 12:12:58', -1),
(631, NULL, 'Chantay', 'Holstein', 'holstein', NULL, 0, NULL, '+020 91 110 0600', NULL, NULL, NULL, NULL, 0, 1, 0, 0, '2017-10-29 12:12:58', '2017-10-29', '2017-10-29 12:12:58', -1),
(632, NULL, 'Rosalind', 'Hasse', 'hasse', NULL, 0, NULL, '+020 91 783 5881', NULL, NULL, NULL, NULL, 0, 1, 0, 0, '2017-10-29 12:12:58', '2017-10-29', '2017-10-29 12:12:58', -1),
(633, NULL, 'Mercedez', 'Eriksen', 'eriksen', NULL, 0, NULL, '+020 91 987 1963', NULL, NULL, NULL, NULL, 0, 1, 0, 0, '2017-10-29 12:12:58', NULL, '2017-10-29 12:12:59', -1),
(634, NULL, 'Venetta', 'Gatling', 'gatling', NULL, 0, NULL, '+020 91 777 5240', NULL, NULL, NULL, NULL, 0, 1, 0, 0, '2017-10-29 12:12:58', NULL, '2017-10-29 12:12:58', -1),
(635, NULL, 'Nicki', 'Hinkson', 'hinkson', NULL, 0, NULL, '+020 91 450 3088', NULL, NULL, NULL, NULL, 0, 1, 0, 0, '2017-10-29 12:12:58', '2017-10-29', '2017-10-29 12:12:58', -1),
(636, NULL, 'Gwenda', 'Lyles', 'lyles', NULL, 0, NULL, '+020 91 254 6006', NULL, NULL, NULL, NULL, 0, 1, 0, 0, '2017-10-29 12:12:58', NULL, '2017-10-29 12:12:58', -1),
(637, NULL, 'Stormy', 'Alanis', 'alanis', NULL, 0, NULL, '+020 91 923 8879', 'stormy1@example.com', NULL, NULL, NULL, 0, 1, 0, 0, '2017-10-29 12:12:58', '2017-10-29', '2017-10-29 12:12:58', -1),
(638, NULL, 'Danille', 'Weissinger', 'weissinger', NULL, 0, NULL, '+020 91 408 3042', NULL, NULL, NULL, NULL, 0, 1, 0, 0, '2017-10-29 12:12:58', NULL, '2017-10-29 12:12:58', -1),
(639, NULL, 'Zada', 'Demark', 'demark', NULL, 0, NULL, '+020 91 795 4371', NULL, NULL, NULL, NULL, 0, 1, 0, 0, '2017-10-29 12:12:58', NULL, '2017-10-29 12:12:58', -1),
(640, NULL, 'Latonya', 'Coplin', 'coplin', NULL, 0, NULL, '+020 91 286 7005', NULL, NULL, NULL, NULL, 0, 1, 0, 0, '2017-10-29 12:12:58', NULL, '2017-10-29 12:12:59', -1),
(641, NULL, 'Latina', 'Charlie', 'charlie', NULL, 0, NULL, '+020 91 387 9599', 'latina2@example.com', NULL, NULL, NULL, 0, 1, 0, 0, '2017-10-29 12:12:58', NULL, '2017-10-29 12:12:58', -1),
(642, NULL, 'Kristin', 'Rode', 'rode', NULL, 0, NULL, NULL, 'kristin2@example.com', NULL, NULL, NULL, 0, 1, 0, 0, '2017-10-29 12:12:58', '2017-10-29', '2017-10-29 12:12:58', -1),
(643, NULL, 'Theron', 'Rogers', 'rogers', NULL, 0, NULL, NULL, NULL, NULL, NULL, NULL, 0, 1, 0, 0, '2017-10-29 12:12:58', '2017-10-29', '2017-10-29 12:12:58', -1),
(644, NULL, 'Lise', 'Ariza', 'ariza', NULL, 0, NULL, '+020 91 994 3352', 'lise2@example.com', NULL, NULL, NULL, 0, 1, 0, 0, '2017-10-29 12:12:58', NULL, '2017-10-29 12:12:58', -1),
(645, NULL, 'Nenita', 'Moors', 'moors', NULL, 0, NULL, '+020 91 768 7316', 'nenita2@example.com', NULL, NULL, NULL, 0, 1, 0, 0, '2017-10-29 12:12:58', '2017-10-29', '2017-10-29 12:12:58', -1),
(646, NULL, 'Antionette', 'Larsen', 'larsen', NULL, 0, NULL, '+020 91 780 7780', NULL, NULL, NULL, NULL, 0, 1, 0, 0, '2017-10-29 12:12:58', '2017-10-29', '2017-10-29 12:12:58', -1),
(647, NULL, 'Billie', 'Niemeyer', 'emeyer', NULL, 0, NULL, NULL, 'billie2@example.com', NULL, NULL, NULL, 0, 1, 0, 0, '2017-10-29 12:12:58', NULL, '2017-10-29 12:12:59', -1),
(648, NULL, 'Reagan', 'Butler', 'butler', NULL, 0, NULL, '+020 91 858 6691', NULL, NULL, NULL, NULL, 0, 1, 0, 0, '2017-10-29 12:12:58', NULL, '2017-10-29 12:12:59', -1),
(649, NULL, 'Tiffany', 'Puga', 'puga', NULL, 0, NULL, '+020 91 988 8441', NULL, NULL, NULL, NULL, 0, 1, 0, 0, '2017-10-29 12:12:58', NULL, '2017-10-29 12:12:58', -1),
(650, NULL, 'Francis', 'Saffold', 'saffold', NULL, 0, NULL, '+020 91 841 4764', NULL, NULL, NULL, NULL, 0, 1, 0, 0, '2017-10-29 12:12:58', '2017-10-29', '2017-10-29 12:12:58', -1),
(651, NULL, 'Sandy', 'Pickerel', 'pickerel', NULL, 0, NULL, '+020 91 134 8007', NULL, NULL, NULL, NULL, 0, 1, 0, 0, '2017-10-29 12:12:58', NULL, '2017-10-29 12:12:59', -1),
(652, NULL, 'Viola', 'Becraft', 'becraft', NULL, 0, NULL, NULL, NULL, NULL, NULL, NULL, 0, 1, 0, 0, '2017-10-29 12:12:58', '2017-10-29', '2017-10-29 12:12:58', -1),
(653, NULL, 'Allegra', 'Meyerson', 'meyerson', NULL, 0, NULL, NULL, NULL, NULL, NULL, NULL, 0, 1, 0, 0, '2017-10-29 12:12:58', '2017-10-29', '2017-10-29 12:12:58', -1),
(654, NULL, 'Jarrod', 'Mcneese', 'neese', NULL, 0, NULL, NULL, NULL, NULL, NULL, NULL, 0, 1, 0, 0, '2017-10-29 12:12:58', '2017-10-29', '2017-10-29 12:12:58', -1),
(655, NULL, 'Malvina', 'Tabron', 'tabron', NULL, 0, NULL, '+020 91 669 4847', 'malvina2@example.com', NULL, NULL, NULL, 0, 1, 0, 0, '2017-10-29 12:12:58', NULL, '2017-10-29 12:12:58', -1),
(656, NULL, 'Aide', 'Auman', 'auman', NULL, 0, NULL, '+020 91 050 6288', NULL, NULL, NULL, NULL, 0, 1, 0, 0, '2017-10-29 12:12:58', NULL, '2017-10-29 12:12:58', -1),
(657, NULL, 'Luvenia', 'Awad', 'awad', NULL, 0, NULL, NULL, NULL, NULL, NULL, NULL, 0, 1, 0, 0, '2017-10-29 12:12:58', '2017-10-29', '2017-10-29 12:12:58', -1),
(658, NULL, 'Joni', 'Ruiz', 'ruiz', NULL, 0, NULL, '+020 91 975 0400', NULL, NULL, NULL, NULL, 0, 1, 0, 0, '2017-10-29 12:12:58', '2017-10-29', '2017-10-29 12:12:58', -1),
(659, NULL, 'Columbus', 'Woll', 'woll', NULL, 0, NULL, '+020 91 382 1182', 'columbus2@example.com', NULL, NULL, NULL, 0, 1, 0, 0, '2017-10-29 12:12:58', NULL, '2017-10-29 12:12:58', -1),
(660, NULL, 'Lino', 'Edgemon', 'edgemon', NULL, 0, NULL, '+020 91 235 2169', NULL, NULL, NULL, NULL, 0, 1, 0, 0, '2017-10-29 12:12:58', '2017-10-29', '2017-10-29 12:12:58', -1),
(661, NULL, 'Verlene', 'Rauch', 'rauch', NULL, 0, NULL, '+020 91 888 1959', NULL, NULL, NULL, NULL, 0, 1, 0, 0, '2017-10-29 12:12:58', NULL, '2017-10-29 12:12:58', -1),
(662, NULL, 'Hobert', 'Houchin', 'houchin', NULL, 0, NULL, '+020 91 947 3297', 'hobert2@example.com', NULL, NULL, NULL, 0, 1, 0, 0, '2017-10-29 12:12:58', NULL, '2017-10-29 12:12:58', -1),
(663, NULL, 'Desmond', 'Holloway', 'holloway', NULL, 0, NULL, '+020 91 451 1946', NULL, NULL, NULL, NULL, 0, 1, 0, 0, '2017-10-29 12:12:58', '2017-10-29', '2017-10-29 12:12:58', -1),
(664, NULL, 'Delora', 'Cypert', 'cypert', NULL, 0, NULL, '+020 91 225 3726', NULL, NULL, NULL, NULL, 0, 1, 0, 0, '2017-10-29 12:12:58', NULL, '2017-10-29 12:12:58', -1),
(665, NULL, 'Terence', 'Hooton', 'hooton', NULL, 0, NULL, '+020 91 804 5321', NULL, NULL, NULL, NULL, 0, 1, 0, 0, '2017-10-29 12:12:58', NULL, '2017-10-29 12:12:58', -1),
(666, NULL, 'Sabina', 'Cofer', 'cofer', NULL, 0, NULL, '+020 91 762 3566', NULL, NULL, NULL, NULL, 0, 1, 0, 0, '2017-10-29 12:12:58', '2017-10-29', '2017-10-29 12:12:58', -1),
(667, NULL, 'Pearlene', 'Jerman', 'jerman', NULL, 0, NULL, '+020 91 805 5497', NULL, NULL, NULL, NULL, 0, 1, 0, 0, '2017-10-29 12:12:58', NULL, '2017-10-29 12:12:58', -1),
(668, NULL, 'Adelina', 'Sakamoto', 'sakamoto', NULL, 0, NULL, '+020 91 410 6768', 'adelina2@example.com', NULL, NULL, NULL, 0, 1, 0, 0, '2017-10-29 12:12:58', NULL, '2017-10-29 12:12:59', -1),
(669, NULL, 'Cleotilde', 'Schmucker', 'schmucker', NULL, 0, NULL, '+020 91 680 5601', NULL, NULL, NULL, NULL, 0, 1, 0, 0, '2017-10-29 12:12:58', '2017-10-29', '2017-10-29 12:12:58', -1),
(670, NULL, 'Cassondra', 'Naccarato', 'naccarato', NULL, 0, NULL, '+020 91 219 1281', NULL, NULL, NULL, NULL, 0, 1, 0, 0, '2017-10-29 12:12:58', NULL, '2017-10-29 12:12:58', -1),
(671, NULL, 'Steffanie', 'Miron', 'miron', NULL, 0, NULL, '+020 91 344 8985', 'steffanie2@example.com', NULL, NULL, NULL, 0, 1, 0, 0, '2017-10-29 12:12:58', NULL, '2017-10-29 12:12:58', -1),
(672, NULL, 'Carol', 'Sines', 'sines', NULL, 0, NULL, '+020 91 812 2032', NULL, NULL, NULL, NULL, 0, 1, 0, 0, '2017-10-29 12:12:58', '2017-10-29', '2017-10-29 12:12:58', -1),
(673, NULL, 'Felipe', 'Bermejo', 'bermejo', NULL, 0, NULL, NULL, NULL, NULL, NULL, NULL, 0, 1, 0, 0, '2017-10-29 12:12:58', '2017-10-29', '2017-10-29 12:12:58', -1),
(674, NULL, 'Kesha', 'Lindauer', 'lindauer', NULL, 0, NULL, '+020 91 980 5025', NULL, NULL, NULL, NULL, 0, 1, 0, 0, '2017-10-29 12:12:58', '2017-10-29', '2017-10-29 12:12:58', -1),
(675, NULL, 'Nannette', 'Houser', 'houser', NULL, 0, NULL, '+020 91 456 6144', 'nannette2@example.com', NULL, NULL, NULL, 0, 1, 0, 0, '2017-10-29 12:12:58', '2017-10-29', '2017-10-29 12:12:58', -1),
(676, NULL, 'Felisha', 'Castrejon', 'castrejon', NULL, 0, NULL, NULL, NULL, NULL, NULL, NULL, 0, 1, 0, 0, '2017-10-29 12:12:58', '2017-10-29', '2017-10-29 12:12:58', -1),
(677, NULL, 'Jesus', 'Familia', 'familia', NULL, 0, NULL, '+020 91 322 5767', NULL, NULL, NULL, NULL, 0, 1, 0, 0, '2017-10-29 12:12:58', '2017-10-29', '2017-10-29 12:12:58', -1),
(678, NULL, 'Nydia', 'Kell', 'kell', NULL, 0, NULL, '+020 91 848 4110', NULL, NULL, NULL, NULL, 0, 1, 0, 0, '2017-10-29 12:12:58', NULL, '2017-10-29 12:12:58', -1),
(679, NULL, 'Deanne', 'Exline', 'exline', NULL, 0, NULL, '+020 91 120 8672', 'deanne2@example.com', NULL, NULL, NULL, 0, 1, 0, 0, '2017-10-29 12:12:58', NULL, '2017-10-29 12:12:59', -1),
(680, NULL, 'Leida', 'Gause', 'gause', NULL, 0, NULL, '+020 91 989 5227', NULL, NULL, NULL, NULL, 0, 1, 0, 0, '2017-10-29 12:12:58', '2017-10-29', '2017-10-29 12:12:58', -1),
(681, NULL, 'Angelique', 'Kees', 'kees', NULL, 0, NULL, '+020 91 277 5035', NULL, NULL, NULL, NULL, 0, 1, 0, 0, '2017-10-29 12:12:58', NULL, '2017-10-29 12:12:58', -1),
(682, NULL, 'Adelle', 'Mullan', 'mullan', NULL, 0, NULL, '+020 91 874 4548', NULL, NULL, NULL, NULL, 0, 1, 0, 0, '2017-10-29 12:12:58', NULL, '2017-10-29 12:12:58', -1),
(683, NULL, 'Shannon', 'Sias', 'sias', NULL, 0, NULL, '+020 91 138 3615', NULL, NULL, NULL, NULL, 0, 1, 0, 0, '2017-10-29 12:12:58', NULL, '2017-10-29 12:12:59', -1),
(684, NULL, 'Lory', 'Badura', 'badura', NULL, 0, NULL, NULL, NULL, NULL, NULL, NULL, 0, 1, 0, 0, '2017-10-29 12:12:58', '2017-10-29', '2017-10-29 12:12:58', -1),
(685, NULL, 'Marna', 'Palencia', 'palencia', NULL, 0, NULL, NULL, NULL, NULL, NULL, NULL, 0, 1, 0, 0, '2017-10-29 12:12:58', '2017-10-29', '2017-10-29 12:12:58', -1),
(686, NULL, 'Ollie', 'Feller', 'feller', NULL, 0, NULL, NULL, NULL, NULL, NULL, NULL, 0, 1, 0, 0, '2017-10-29 12:12:58', '2017-10-29', '2017-10-29 12:12:58', -1),
(687, NULL, 'Sanford', 'Jozwiak', 'jozwiak', NULL, 0, NULL, NULL, NULL, NULL, NULL, NULL, 0, 1, 0, 0, '2017-10-29 12:12:58', '2017-10-29', '2017-10-29 12:12:58', -1),
(688, NULL, 'Donnell', 'Rick', 'rick', NULL, 0, NULL, NULL, NULL, NULL, NULL, NULL, 0, 1, 0, 0, '2017-10-29 12:12:58', '2017-10-29', '2017-10-29 12:12:58', -1),
(689, NULL, 'Nila', 'Schlueter', 'schlueter', NULL, 0, NULL, NULL, NULL, NULL, NULL, NULL, 0, 1, 0, 0, '2017-10-29 12:12:58', '2017-10-29', '2017-10-29 12:12:58', -1),
(690, NULL, 'Erminia', 'Emert', 'emert', NULL, 0, NULL, '+020 91 822 8881', NULL, NULL, NULL, NULL, 0, 1, 0, 0, '2017-10-29 12:12:58', NULL, '2017-10-29 12:12:58', -1),
(691, NULL, 'Lecia', 'Buice', 'buice', NULL, 0, NULL, NULL, NULL, NULL, NULL, NULL, 0, 1, 0, 0, '2017-10-29 12:12:58', '2017-10-29', '2017-10-29 12:12:58', -1),
(692, NULL, 'Eva', 'Stults', 'stults', NULL, 0, NULL, '+020 91 179 1125', NULL, NULL, NULL, NULL, 0, 1, 0, 0, '2017-10-29 12:12:58', '2017-10-29', '2017-10-29 12:12:58', -1),
(693, NULL, 'Marshall', 'Giefer', 'giefer', NULL, 0, NULL, '+020 91 927 4538', 'marshall2@example.com', NULL, NULL, NULL, 0, 1, 0, 0, '2017-10-29 12:12:58', NULL, '2017-10-29 12:12:59', -1),
(694, NULL, 'Theo', 'Slaven', 'slaven', NULL, 0, NULL, NULL, NULL, NULL, NULL, NULL, 0, 1, 0, 0, '2017-10-29 12:12:58', '2017-10-29', '2017-10-29 12:12:58', -1),
(695, NULL, 'Monica', 'Schofield', 'schofield', NULL, 0, NULL, '+020 91 984 5605', NULL, NULL, NULL, NULL, 0, 1, 0, 0, '2017-10-29 12:12:58', '2017-10-29', '2017-10-29 12:12:58', -1),
(696, NULL, 'Kayleigh', 'Provencal', 'provencal', NULL, 0, NULL, '+020 91 829 7387', 'kayleigh2@example.com', NULL, NULL, NULL, 0, 1, 0, 0, '2017-10-29 12:12:58', NULL, '2017-10-29 12:12:58', -1),
(697, NULL, 'Jc', 'Chappell', 'chappell', NULL, 0, NULL, '+020 91 836 9647', NULL, NULL, NULL, NULL, 0, 1, 0, 0, '2017-10-29 12:12:58', NULL, '2017-10-29 12:12:58', -1),
(698, NULL, 'Azalee', 'Just', 'just', NULL, 0, NULL, NULL, NULL, NULL, NULL, NULL, 0, 1, 0, 0, '2017-10-29 12:12:58', '2017-10-29', '2017-10-29 12:12:58', -1),
(699, NULL, 'Ava', 'Lander', 'lander', NULL, 0, NULL, '+020 91 130 9394', NULL, NULL, NULL, NULL, 0, 1, 0, 0, '2017-10-29 12:12:58', '2017-10-29', '2017-10-29 12:12:58', -1),
(700, NULL, 'Arie', 'Doane', 'doane', NULL, 0, NULL, NULL, NULL, NULL, NULL, NULL, 0, 1, 0, 0, '2017-10-29 12:12:58', '2017-10-29', '2017-10-29 12:12:58', -1),
(701, NULL, 'Selina', 'Longfellow', 'longfellow', NULL, 0, NULL, '+020 91 827 4282', NULL, NULL, NULL, NULL, 0, 1, 0, 0, '2017-10-29 12:12:58', NULL, '2017-10-29 12:12:58', -1),
(702, NULL, 'Celsa', 'Mortensen', 'mortensen', NULL, 0, NULL, NULL, NULL, NULL, NULL, NULL, 0, 1, 0, 0, '2017-10-29 12:12:58', '2017-10-29', '2017-10-29 12:12:58', -1),
(703, NULL, 'Freeman', 'Brockway', 'brockway', NULL, 0, NULL, '+020 91 080 8069', NULL, NULL, NULL, NULL, 0, 1, 0, 0, '2017-10-29 12:12:58', '2017-10-29', '2017-10-29 12:12:58', -1),
(704, NULL, 'Hazel', 'Gauer', 'gauer', NULL, 0, NULL, '+020 91 923 5171', NULL, NULL, NULL, NULL, 0, 1, 0, 0, '2017-10-29 12:12:58', '2017-10-29', '2017-10-29 12:12:58', -1),
(705, NULL, 'Dani', 'Lapointe', 'lapointe', NULL, 0, NULL, '+020 91 242 8660', NULL, NULL, NULL, NULL, 0, 1, 0, 0, '2017-10-29 12:12:58', '2017-10-29', '2017-10-29 12:12:58', -1),
(706, NULL, 'Tamara', 'Montoro', 'montoro', NULL, 0, NULL, '+020 91 293 8179', NULL, NULL, NULL, NULL, 0, 1, 0, 0, '2017-10-29 12:12:58', NULL, '2017-10-29 12:12:58', -1),
(707, NULL, 'Kim', 'Kuck', 'kuck', NULL, 0, NULL, '+020 91 965 3905', 'kim2@example.com', NULL, NULL, NULL, 0, 1, 0, 0, '2017-10-29 12:12:58', '2017-10-29', '2017-10-29 12:12:58', -1),
(708, NULL, 'Gaynelle', 'Demello', 'demello', NULL, 0, NULL, '+020 91 997 3557', NULL, NULL, NULL, NULL, 0, 1, 0, 0, '2017-10-29 12:12:58', '2017-10-29', '2017-10-29 12:12:58', -1),
(709, NULL, 'Dori', 'Kysar', 'kysar', NULL, 0, NULL, '+020 91 854 1281', NULL, NULL, NULL, NULL, 0, 1, 0, 0, '2017-10-29 12:12:58', NULL, '2017-10-29 12:12:59', -1),
(710, NULL, 'Lorena', 'Blinn', 'blinn', NULL, 0, NULL, '+020 91 720 1979', NULL, NULL, NULL, NULL, 0, 1, 0, 0, '2017-10-29 12:12:58', NULL, '2017-10-29 12:12:59', -1),
(711, NULL, 'Willia', 'Dedmon', 'dedmon', NULL, 0, NULL, '+020 91 833 2711', NULL, NULL, NULL, NULL, 0, 1, 0, 0, '2017-10-29 12:12:58', '2017-10-29', '2017-10-29 12:12:58', -1),
(712, NULL, 'Rozella', 'Mccarley', 'carley', NULL, 0, NULL, '+020 91 036 9370', NULL, NULL, NULL, NULL, 0, 1, 0, 0, '2017-10-29 12:12:58', NULL, '2017-10-29 12:12:59', -1),
(713, NULL, 'Trula', 'Frechette', 'frechette', NULL, 0, NULL, NULL, NULL, NULL, NULL, NULL, 0, 1, 0, 0, '2017-10-29 12:12:58', '2017-10-29', '2017-10-29 12:12:58', -1),
(714, NULL, 'Merry', 'Buscher', 'buscher', NULL, 0, NULL, NULL, 'merry2@example.com', NULL, NULL, NULL, 0, 1, 0, 0, '2017-10-29 12:12:58', NULL, '2017-10-29 12:12:59', -1),
(715, NULL, 'Rosario', 'Saenger', 'saenger', NULL, 0, NULL, NULL, NULL, NULL, NULL, NULL, 0, 1, 0, 0, '2017-10-29 12:12:58', '2017-10-29', '2017-10-29 12:12:58', -1),
(716, NULL, 'Andera', 'Diego', 'diego', NULL, 0, NULL, NULL, NULL, NULL, NULL, NULL, 0, 1, 0, 0, '2017-10-29 12:12:58', '2017-10-29', '2017-10-29 12:12:58', -1),
(717, NULL, 'Rachelle', 'Domer', 'domer', NULL, 0, NULL, '+020 91 284 0287', NULL, NULL, NULL, NULL, 0, 1, 0, 0, '2017-10-29 12:12:58', NULL, '2017-10-29 12:12:59', -1),
(718, NULL, 'Roberta', 'Steuck', 'steuck', NULL, 0, NULL, NULL, NULL, NULL, NULL, NULL, 0, 1, 0, 0, '2017-10-29 12:12:58', '2017-10-29', '2017-10-29 12:12:58', -1),
(719, NULL, 'Hubert', 'Reid', 'reid', NULL, 0, NULL, NULL, NULL, NULL, NULL, NULL, 0, 1, 0, 0, '2017-10-29 12:12:58', '2017-10-29', '2017-10-29 12:12:58', -1),
(720, NULL, 'Armand', 'Iwamoto', 'iwamoto', NULL, 0, NULL, NULL, NULL, NULL, NULL, NULL, 0, 1, 0, 0, '2017-10-29 12:12:58', '2017-10-29', '2017-10-29 12:12:58', -1),
(721, NULL, 'Teodora', 'Viau', 'viau', NULL, 0, NULL, '+020 91 878 2550', 'teodora2@example.com', NULL, NULL, NULL, 0, 1, 0, 0, '2017-10-29 12:12:58', NULL, '2017-10-29 12:12:59', -1),
(722, NULL, 'Juliet', 'Zhang', 'zhang', NULL, 0, NULL, '+020 91 634 6472', NULL, NULL, NULL, NULL, 0, 1, 0, 0, '2017-10-29 12:12:58', NULL, '2017-10-29 12:12:58', -1),
(723, NULL, 'Oliver', 'Orellana', 'rellana', NULL, 0, NULL, '+020 91 824 0469', 'oliver2@example.com', NULL, NULL, NULL, 0, 1, 0, 0, '2017-10-29 12:12:58', NULL, '2017-10-29 12:12:58', -1),
(724, NULL, 'Illa', 'Cowan', 'cowan', NULL, 0, NULL, '+020 91 348 9712', NULL, NULL, NULL, NULL, 0, 1, 0, 0, '2017-10-29 12:12:58', '2017-10-29', '2017-10-29 12:12:58', -1),
(725, NULL, 'Doloris', 'Cockrell', 'cockrell', NULL, 0, NULL, '+020 91 767 0138', NULL, NULL, NULL, NULL, 0, 1, 0, 0, '2017-10-29 12:12:58', '2017-10-29', '2017-10-29 12:12:58', -1),
(726, NULL, 'Cassidy', 'Heinrichs', 'heinrichs', NULL, 0, NULL, NULL, NULL, NULL, NULL, NULL, 0, 1, 0, 0, '2017-10-29 12:12:58', '2017-10-29', '2017-10-29 12:12:58', -1),
(727, NULL, 'Gertha', 'Hemmings', 'hemmings', NULL, 0, NULL, '+020 91 858 0825', NULL, NULL, NULL, NULL, 0, 1, 0, 0, '2017-10-29 12:12:58', '2017-10-29', '2017-10-29 12:12:58', -1),
(728, NULL, 'Roberto', 'Bushway', 'bushway', NULL, 0, NULL, '+020 91 040 3446', NULL, NULL, NULL, NULL, 0, 1, 0, 0, '2017-10-29 12:12:58', '2017-10-29', '2017-10-29 12:12:58', -1),
(729, NULL, 'Cammie', 'Wirta', 'wirta', NULL, 0, NULL, '+020 91 807 2547', NULL, NULL, NULL, NULL, 0, 1, 0, 0, '2017-10-29 12:12:58', '2017-10-29', '2017-10-29 12:12:58', -1),
(730, NULL, 'Yevette', 'Galland', 'galland', NULL, 0, NULL, NULL, NULL, NULL, NULL, NULL, 0, 1, 0, 0, '2017-10-29 12:12:58', '2017-10-29', '2017-10-29 12:12:58', -1),
(731, NULL, 'Gayle', 'Cousineau', 'cousineau', NULL, 0, NULL, '+020 91 273 4334', NULL, NULL, NULL, NULL, 0, 1, 0, 0, '2017-10-29 12:12:58', '2017-10-29', '2017-10-29 12:12:58', -1),
(732, NULL, 'Minnie', 'Kwak', 'kwak', NULL, 0, NULL, '+020 91 923 4736', NULL, NULL, NULL, NULL, 0, 1, 0, 0, '2017-10-29 12:12:58', NULL, '2017-10-29 12:12:59', -1),
(733, NULL, 'Lorilee', 'Malsam', 'malsam', NULL, 0, NULL, '+020 91 821 4231', 'lorilee2@example.com', NULL, NULL, NULL, 0, 1, 0, 0, '2017-10-29 12:12:58', NULL, '2017-10-29 12:12:59', -1),
(734, NULL, 'Erma', 'Fickel', 'fickel', NULL, 0, NULL, '+020 91 836 3421', NULL, NULL, NULL, NULL, 0, 1, 0, 0, '2017-10-29 12:12:58', '2017-10-29', '2017-10-29 12:12:58', -1),
(735, NULL, 'Josphine', 'Kimbro', 'kimbro', NULL, 0, NULL, '+020 91 938 0716', NULL, NULL, NULL, NULL, 0, 1, 0, 0, '2017-10-29 12:12:58', '2017-10-29', '2017-10-29 12:12:58', -1),
(736, NULL, 'Thomasena', 'Shapiro', 'shapiro', NULL, 0, NULL, '+020 91 788 7563', NULL, NULL, NULL, NULL, 0, 1, 0, 0, '2017-10-29 12:12:58', '2017-10-29', '2017-10-29 12:12:58', -1),
(737, NULL, 'Yung', 'Brookes', 'brookes', NULL, 0, NULL, '+020 91 834 9589', NULL, NULL, NULL, NULL, 0, 1, 0, 0, '2017-10-29 12:12:58', NULL, '2017-10-29 12:12:59', -1),
(738, NULL, 'Felton', 'Row', 'row', NULL, 0, NULL, NULL, NULL, NULL, NULL, NULL, 0, 1, 0, 0, '2017-10-29 12:12:58', '2017-10-29', '2017-10-29 12:12:58', -1),
(739, NULL, 'Kary', 'Turcotte', 'turcotte', NULL, 0, NULL, '+020 91 811 1043', 'kary2@example.com', NULL, NULL, NULL, 0, 1, 0, 0, '2017-10-29 12:12:58', NULL, '2017-10-29 12:12:59', -1),
(740, NULL, 'Angla', 'Thibert', 'thibert', NULL, 0, NULL, NULL, NULL, NULL, NULL, NULL, 0, 1, 0, 0, '2017-10-29 12:12:58', '2017-10-29', '2017-10-29 12:12:58', -1),
(741, NULL, 'Celestine', 'Deems', 'deems', NULL, 0, NULL, '+020 91 199 7975', NULL, NULL, NULL, NULL, 0, 1, 0, 0, '2017-10-29 12:12:58', NULL, '2017-10-29 12:12:58', -1),
(742, NULL, 'Meghan', 'Madigan', 'madigan', NULL, 0, NULL, '+020 91 343 7742', NULL, NULL, NULL, NULL, 0, 1, 0, 0, '2017-10-29 12:12:58', '2017-10-29', '2017-10-29 12:12:58', -1),
(743, NULL, 'Clora', 'Peete', 'peete', NULL, 0, NULL, NULL, NULL, NULL, NULL, NULL, 0, 1, 0, 0, '2017-10-29 12:12:58', '2017-10-29', '2017-10-29 12:12:58', -1),
(744, NULL, 'Adela', 'Miler', 'miler', NULL, 0, NULL, '+020 91 435 9611', NULL, NULL, NULL, NULL, 0, 1, 0, 0, '2017-10-29 12:12:58', '2017-10-29', '2017-10-29 12:12:58', -1),
(745, NULL, 'Beth', 'Cuellar', 'cuellar', NULL, 0, NULL, NULL, NULL, NULL, NULL, NULL, 0, 1, 0, 0, '2017-10-29 12:12:58', '2017-10-29', '2017-10-29 12:12:58', -1),
(746, NULL, 'Elias', 'Blas', 'blas', NULL, 0, NULL, '+020 91 275 5157', NULL, NULL, NULL, NULL, 0, 1, 0, 0, '2017-10-29 12:12:58', '2017-10-29', '2017-10-29 12:12:58', -1),
(747, NULL, 'Tanna', 'Teachout', 'teachout', NULL, 0, NULL, '+020 91 906 8316', NULL, NULL, NULL, NULL, 0, 1, 0, 0, '2017-10-29 12:12:58', '2017-10-29', '2017-10-29 12:12:58', -1),
(748, NULL, 'Susann', 'Applin', 'applin', NULL, 0, NULL, '+020 91 815 6560', NULL, NULL, NULL, NULL, 0, 1, 0, 0, '2017-10-29 12:12:58', '2017-10-29', '2017-10-29 12:12:58', -1),
(749, NULL, 'Fidel', 'Duffer', 'duffer', NULL, 0, NULL, '+020 91 807 3247', NULL, NULL, NULL, NULL, 0, 1, 0, 0, '2017-10-29 12:12:58', '2017-10-29', '2017-10-29 12:12:58', -1),
(750, NULL, 'Erin', 'Bane', 'bane', NULL, 0, NULL, NULL, NULL, NULL, NULL, NULL, 0, 1, 0, 0, '2017-10-29 12:12:58', '2017-10-29', '2017-10-29 12:12:58', -1),
(751, NULL, 'Aurelia', 'Currington', 'currington', NULL, 0, NULL, NULL, NULL, NULL, NULL, NULL, 0, 1, 0, 0, '2017-10-29 12:12:58', '2017-10-29', '2017-10-29 12:12:58', -1),
(752, NULL, 'Ed', 'Manis', 'manis', NULL, 0, NULL, '+020 91 876 9391', NULL, NULL, NULL, NULL, 0, 1, 0, 0, '2017-10-29 12:12:58', '2017-10-29', '2017-10-29 12:12:58', -1),
(753, NULL, 'Lucretia', 'Costa', 'costa', NULL, 0, NULL, '+020 91 917 4544', NULL, NULL, NULL, NULL, 0, 1, 0, 0, '2017-10-29 12:12:58', '2017-10-29', '2017-10-29 12:12:58', -1),
(754, NULL, 'Clara', 'Callihan', 'callihan', NULL, 0, NULL, '+020 91 370 0097', 'clara2@example.com', NULL, NULL, NULL, 0, 1, 0, 0, '2017-10-29 12:12:58', '2017-10-29', '2017-10-29 12:12:58', -1),
(755, NULL, 'Lani', 'Hammack', 'hammack', NULL, 0, NULL, NULL, NULL, NULL, NULL, NULL, 0, 1, 0, 0, '2017-10-29 12:12:58', '2017-10-29', '2017-10-29 12:12:58', -1),
(756, NULL, 'Myriam', 'Wehling', 'wehling', NULL, 0, NULL, '+020 91 847 4608', 'myriam2@example.com', NULL, NULL, NULL, 0, 1, 0, 0, '2017-10-29 12:12:58', '2017-10-29', '2017-10-29 12:12:58', -1),
(757, NULL, 'Lexie', 'Bierman', 'bierman', NULL, 0, NULL, '+020 91 195 3423', NULL, NULL, NULL, NULL, 0, 1, 0, 0, '2017-10-29 12:12:58', '2017-10-29', '2017-10-29 12:12:58', -1),
(758, NULL, 'Noelia', 'Greenidge', 'greenidge', NULL, 0, NULL, '+020 91 978 9720', NULL, NULL, NULL, NULL, 0, 1, 0, 0, '2017-10-29 12:12:58', '2017-10-29', '2017-10-29 12:12:58', -1),
(759, NULL, 'Blanca', 'Foose', 'foose', NULL, 0, NULL, '+020 91 282 2616', NULL, NULL, NULL, NULL, 0, 1, 0, 0, '2017-10-29 12:12:58', NULL, '2017-10-29 12:12:58', -1),
(760, NULL, 'Corinne', 'Dorantes', 'dorantes', NULL, 0, NULL, '+020 91 173 4331', NULL, NULL, NULL, NULL, 0, 1, 0, 0, '2017-10-29 12:12:58', '2017-10-29', '2017-10-29 12:12:58', -1),
(761, NULL, 'Marci', 'Ritz', 'ritz', NULL, 0, NULL, '+020 91 911 1142', 'marci2@example.com', NULL, NULL, NULL, 0, 1, 0, 0, '2017-10-29 12:12:58', NULL, '2017-10-29 12:12:58', -1),
(762, NULL, 'Suzanne', 'Helt', 'helt', NULL, 0, NULL, NULL, NULL, NULL, NULL, NULL, 0, 1, 0, 0, '2017-10-29 12:12:58', '2017-10-29', '2017-10-29 12:12:58', -1),
(763, NULL, 'Tanika', 'Jesse', 'jesse', NULL, 0, NULL, '+020 91 917 5156', NULL, NULL, NULL, NULL, 0, 1, 0, 0, '2017-10-29 12:12:58', '2017-10-29', '2017-10-29 12:12:58', -1),
(764, NULL, 'Gricelda', 'Muldowney', 'muldowney', NULL, 0, NULL, '+020 91 679 1662', NULL, NULL, NULL, NULL, 0, 1, 0, 0, '2017-10-29 12:12:58', '2017-10-29', '2017-10-29 12:12:58', -1),
(765, NULL, 'Majorie', 'Armstrong', 'armstrong', NULL, 0, NULL, '+020 91 750 5322', NULL, NULL, NULL, NULL, 0, 1, 0, 0, '2017-10-29 12:12:58', '2017-10-29', '2017-10-29 12:12:58', -1),
(766, NULL, 'Queenie', 'Poch', 'poch', NULL, 0, NULL, NULL, NULL, NULL, NULL, NULL, 0, 1, 0, 0, '2017-10-29 12:12:58', '2017-10-29', '2017-10-29 12:12:58', -1),
(767, NULL, 'Cristina', 'Acre', 'acre', NULL, 0, NULL, '+020 91 783 7906', NULL, NULL, NULL, NULL, 0, 1, 0, 0, '2017-10-29 12:12:58', NULL, '2017-10-29 12:12:58', -1),
(768, NULL, 'Beulah', 'Shippee', 'shippee', NULL, 0, NULL, '+020 91 450 2892', NULL, NULL, NULL, NULL, 0, 1, 0, 0, '2017-10-29 12:12:58', '2017-10-29', '2017-10-29 12:12:58', -1),
(769, NULL, 'Zina', 'Lucena', 'lucena', NULL, 0, NULL, '+020 91 611 2307', 'zina2@example.com', NULL, NULL, NULL, 0, 1, 0, 0, '2017-10-29 12:12:58', '2017-10-29', '2017-10-29 12:12:58', -1),
(770, NULL, 'Dawn', 'Felkins', 'felkins', NULL, 0, NULL, '+020 91 854 2424', NULL, NULL, NULL, NULL, 0, 1, 0, 0, '2017-10-29 12:12:58', '2017-10-29', '2017-10-29 12:12:58', -1),
(771, NULL, 'Maragret', 'Kozel', 'kozel', NULL, 0, NULL, '+020 91 410 0105', NULL, NULL, NULL, NULL, 0, 1, 0, 0, '2017-10-29 12:12:58', '2017-10-29', '2017-10-29 12:12:58', -1),
(772, NULL, 'Katharina', 'Salaam', 'salaam', NULL, 0, NULL, '+020 91 373 8461', NULL, NULL, NULL, NULL, 0, 1, 0, 0, '2017-10-29 12:12:58', '2017-10-29', '2017-10-29 12:12:58', -1),
(773, NULL, 'Larita', 'Pauline', 'pauline', NULL, 0, NULL, '+020 91 368 6692', NULL, NULL, NULL, NULL, 0, 1, 0, 0, '2017-10-29 12:12:58', NULL, '2017-10-29 12:12:59', -1),
(774, NULL, 'Hillary', 'Giles', 'giles', NULL, 0, NULL, '+020 91 333 2116', 'hillary2@example.com', NULL, NULL, NULL, 0, 1, 0, 0, '2017-10-29 12:12:58', NULL, '2017-10-29 12:12:59', -1),
(775, NULL, 'Maxine', 'Weaver', 'weaver', NULL, 0, NULL, '+020 91 390 2033', NULL, NULL, NULL, NULL, 0, 1, 0, 0, '2017-10-29 12:12:58', '2017-10-29', '2017-10-29 12:12:58', -1),
(776, NULL, 'Rudolph', 'Francia', 'francia', NULL, 0, NULL, '+020 91 038 8398', NULL, NULL, NULL, NULL, 0, 1, 0, 0, '2017-10-29 12:12:58', NULL, '2017-10-29 12:12:58', -1),
(777, NULL, 'Maryalice', 'Hills', 'hills', NULL, 0, NULL, '+020 91 699 1399', NULL, NULL, NULL, NULL, 0, 1, 0, 0, '2017-10-29 12:12:58', '2017-10-29', '2017-10-29 12:12:58', -1),
(778, NULL, 'Chance', 'Ridlon', 'ridlon', NULL, 0, NULL, '+020 91 229 0626', NULL, NULL, NULL, NULL, 0, 1, 0, 0, '2017-10-29 12:12:58', '2017-10-29', '2017-10-29 12:12:58', -1),
(779, NULL, 'Randell', 'Mcgehee', 'gehee', NULL, 0, NULL, '+020 91 359 4302', NULL, NULL, NULL, NULL, 0, 1, 0, 0, '2017-10-29 12:12:58', '2017-10-29', '2017-10-29 12:12:58', -1),
(780, NULL, 'Lue', 'Vashon', 'vashon', NULL, 0, NULL, '+020 91 024 5328', NULL, NULL, NULL, NULL, 0, 1, 0, 0, '2017-10-29 12:12:58', NULL, '2017-10-29 12:12:58', -1),
(781, NULL, 'Lakeisha', 'Ippolito', 'ippolito', NULL, 0, NULL, '+020 91 741 2863', 'lakeisha2@example.com', NULL, NULL, NULL, 0, 1, 0, 0, '2017-10-29 12:12:59', '2017-10-29', '2017-10-29 12:12:59', -1),
(782, NULL, 'Harold', 'Hansen', 'hansen', NULL, 0, NULL, '+020 91 493 2020', NULL, NULL, NULL, NULL, 0, 1, 0, 0, '2017-10-29 12:12:59', '2017-10-29', '2017-10-29 12:12:59', -1),
(783, NULL, 'Zaida', 'Fett', 'fett', NULL, 0, NULL, NULL, NULL, NULL, NULL, NULL, 0, 1, 0, 0, '2017-10-29 12:12:59', '2017-10-29', '2017-10-29 12:12:59', -1),
(784, NULL, 'Reyna', 'Dauphinais', 'dauphinais', NULL, 0, NULL, '+020 91 141 0417', NULL, NULL, NULL, NULL, 0, 1, 0, 0, '2017-10-29 12:12:59', '2017-10-29', '2017-10-29 12:12:59', -1),
(785, NULL, 'Aurea', 'Ellerbee', 'ellerbee', NULL, 0, NULL, '+020 91 979 8237', NULL, NULL, NULL, NULL, 0, 1, 0, 0, '2017-10-29 12:12:59', '2017-10-29', '2017-10-29 12:12:59', -1),
(786, NULL, 'Eartha', 'Nadal', 'nadal', NULL, 0, NULL, '+020 91 047 2087', NULL, NULL, NULL, NULL, 0, 1, 0, 0, '2017-10-29 12:12:59', '2017-10-29', '2017-10-29 12:12:59', -1),
(787, NULL, 'Ok', 'Mcfetridge', 'fetridge', NULL, 0, NULL, '+020 91 122 4044', NULL, NULL, NULL, NULL, 0, 1, 0, 0, '2017-10-29 12:12:59', '2017-10-29', '2017-10-29 12:12:59', -1),
(788, NULL, 'Kendra', 'Blakney', 'blakney', NULL, 0, NULL, '+020 91 679 6034', NULL, NULL, NULL, NULL, 0, 1, 0, 0, '2017-10-29 12:12:59', '2017-10-29', '2017-10-29 12:12:59', -1),
(789, NULL, 'Ivory', 'Fitting', 'fitting', NULL, 0, NULL, '+020 91 369 1521', NULL, NULL, NULL, NULL, 0, 1, 0, 0, '2017-10-29 12:12:59', '2017-10-29', '2017-10-29 12:12:59', -1),
(790, NULL, 'Tamisha', 'Laforest', 'laforest', NULL, 0, NULL, '+020 91 717 7754', NULL, NULL, NULL, NULL, 0, 1, 0, 0, '2017-10-29 12:12:59', '2017-10-29', '2017-10-29 12:12:59', -1),
(791, NULL, 'Mel', 'Napoles', 'napoles', NULL, 0, NULL, '+020 91 753 4280', NULL, NULL, NULL, NULL, 0, 1, 0, 0, '2017-10-29 12:12:59', '2017-10-29', '2017-10-29 12:12:59', -1),
(792, NULL, 'Jackqueline', 'Arjona', 'arjona', NULL, 0, NULL, '+020 91 393 0072', NULL, NULL, NULL, NULL, 0, 1, 0, 0, '2017-10-29 12:12:59', '2017-10-29', '2017-10-29 12:12:59', -1),
(793, NULL, 'Donovan', 'Miracle', 'miracle', NULL, 0, NULL, '+020 91 296 8257', NULL, NULL, NULL, NULL, 0, 1, 0, 0, '2017-10-29 12:12:59', '2017-10-29', '2017-10-29 12:12:59', -1),
(794, NULL, 'Pearle', 'Taitt', 'taitt', NULL, 0, NULL, '+020 91 291 9925', NULL, NULL, NULL, NULL, 0, 1, 0, 0, '2017-10-29 12:12:59', '2017-10-29', '2017-10-29 12:12:59', -1),
(795, NULL, 'Donnie', 'Kohler', 'kohler', NULL, 0, NULL, '+020 91 236 6451', NULL, NULL, NULL, NULL, 0, 1, 0, 0, '2017-10-29 12:12:59', '2017-10-29', '2017-10-29 12:12:59', -1),
(796, NULL, 'Manuela', 'Balding', 'balding', NULL, 0, NULL, '+020 91 992 6926', NULL, NULL, NULL, NULL, 0, 1, 0, 0, '2017-10-29 12:12:59', '2017-10-29', '2017-10-29 12:12:59', -1),
(797, NULL, 'Hwa', 'Stroud', 'stroud', NULL, 0, NULL, NULL, NULL, NULL, NULL, NULL, 0, 1, 0, 0, '2017-10-29 12:12:59', '2017-10-29', '2017-10-29 12:12:59', -1),
(798, NULL, 'Julieann', 'Brokaw', 'brokaw', NULL, 0, NULL, '+020 91 736 8190', NULL, NULL, NULL, NULL, 0, 1, 0, 0, '2017-10-29 12:12:59', '2017-10-29', '2017-10-29 12:12:59', -1),
(799, NULL, 'Kermit', 'Newbold', 'newbold', NULL, 0, NULL, '+020 91 886 0928', NULL, NULL, NULL, NULL, 0, 1, 0, 0, '2017-10-29 12:12:59', '2017-10-29', '2017-10-29 12:12:59', -1),
(800, NULL, 'Mellissa', 'Calaway', 'calaway', NULL, 0, NULL, '+020 91 382 5490', NULL, NULL, NULL, NULL, 0, 1, 0, 0, '2017-10-29 12:12:59', '2017-10-29', '2017-10-29 12:12:59', -1),
(801, NULL, 'Lorna', 'Been', 'been', NULL, 0, NULL, '+020 91 964 1204', NULL, NULL, NULL, NULL, 0, 1, 0, 0, '2017-10-29 12:12:59', '2017-10-29', '2017-10-29 12:12:59', -1),
(802, NULL, 'Karin', 'Lengyel', 'lengyel', NULL, 0, NULL, NULL, NULL, NULL, NULL, NULL, 0, 1, 0, 0, '2017-10-29 12:12:59', '2017-10-29', '2017-10-29 12:12:59', -1),
(803, NULL, 'Hyman', 'Matos', 'matos', NULL, 0, NULL, NULL, NULL, NULL, NULL, NULL, 0, 1, 0, 0, '2017-10-29 12:12:59', '2017-10-29', '2017-10-29 12:12:59', -1),
(804, NULL, 'Sarita', 'Tipps', 'tipps', NULL, 0, NULL, '+020 91 268 6544', NULL, NULL, NULL, NULL, 0, 1, 0, 0, '2017-10-29 12:12:59', '2017-10-29', '2017-10-29 12:12:59', -1),
(805, NULL, 'Vallie', 'Parise', 'parise', NULL, 0, NULL, '+020 91 827 0587', NULL, NULL, NULL, NULL, 0, 1, 0, 0, '2017-10-29 12:12:59', '2017-10-29', '2017-10-29 12:12:59', -1),
(806, NULL, 'Josephine', 'Fridley', 'fridley', NULL, 0, NULL, '+020 91 859 7010', 'josephine@example.com', NULL, NULL, NULL, 0, 1, 0, 0, '2017-10-29 12:12:59', NULL, '2017-10-29 12:12:59', -1),
(807, NULL, 'Brooks', 'Kentner', 'kentner', NULL, 0, NULL, '+020 91 390 4377', NULL, NULL, NULL, NULL, 0, 1, 0, 0, '2017-10-29 12:12:59', '2017-10-29', '2017-10-29 12:12:59', -1),
(808, NULL, 'Lizzette', 'Frankum', 'frankum', NULL, 0, NULL, '+020 91 323 4499', NULL, NULL, NULL, NULL, 0, 1, 0, 0, '2017-10-29 12:12:59', '2017-10-29', '2017-10-29 12:12:59', -1),
(809, NULL, 'Marcelo', 'Longino', 'longino', NULL, 0, NULL, '+020 91 811 9015', NULL, NULL, NULL, NULL, 0, 1, 0, 0, '2017-10-29 12:12:59', '2017-10-29', '2017-10-29 12:12:59', -1),
(810, NULL, 'Mallory', 'Quackenbush', 'quackenbush', NULL, 0, NULL, '+020 91 033 2977', NULL, NULL, NULL, NULL, 0, 1, 0, 0, '2017-10-29 12:12:59', '2017-10-29', '2017-10-29 12:12:59', -1),
(811, NULL, 'Valene', 'Eno', 'eno', NULL, 0, NULL, '+020 91 605 4434', NULL, NULL, NULL, NULL, 0, 1, 0, 0, '2017-10-29 12:12:59', '2017-10-29', '2017-10-29 12:12:59', -1),
(812, NULL, 'Ailene', 'Troester', 'troester', NULL, 0, NULL, '+020 91 984 4066', NULL, NULL, NULL, NULL, 0, 1, 0, 0, '2017-10-29 12:12:59', NULL, '2017-10-29 12:12:59', -1),
(813, NULL, 'Pattie', 'Cha', 'cha', NULL, 0, NULL, '+020 91 033 9042', NULL, NULL, NULL, NULL, 0, 1, 0, 0, '2017-10-29 12:12:59', NULL, '2017-10-29 12:12:59', -1),
(814, NULL, 'Selene', 'Castano', 'castano', NULL, 0, NULL, '+020 91 057 1684', 'selene2@example.com', NULL, NULL, NULL, 0, 1, 0, 0, '2017-10-29 12:12:59', '2017-10-29', '2017-10-29 12:12:59', -1),
(815, NULL, 'Mason', 'Strouse', 'strouse', NULL, 0, NULL, '+020 91 944 8930', 'mason2@example.com', NULL, NULL, NULL, 0, 1, 0, 0, '2017-10-29 12:12:59', '2017-10-29', '2017-10-29 12:12:59', -1),
(816, NULL, 'Clarissa', 'Millar', 'millar', NULL, 0, NULL, '+020 91 824 1144', 'clarissa2@example.com', NULL, NULL, NULL, 0, 1, 0, 0, '2017-10-29 12:12:59', NULL, '2017-10-29 12:12:59', -1),
(817, NULL, 'Pearlie', 'Mcsherry', 'sherry', NULL, 0, NULL, '+020 91 959 1502', 'pearlie2@example.com', NULL, NULL, NULL, 0, 1, 0, 0, '2017-10-29 12:12:59', '2017-10-29', '2017-10-29 12:12:59', -1),
(818, NULL, 'Lashell', 'Wongus', 'wongus', NULL, 0, NULL, '+020 91 831 8937', 'lashell2@example.com', NULL, NULL, NULL, 0, 1, 0, 0, '2017-10-29 12:12:59', NULL, '2017-10-29 12:12:59', -1),
(819, NULL, 'Romeo', 'Bagwell', 'bagwell', NULL, 0, NULL, '+020 91 811 6088', 'romeo2@example.com', NULL, NULL, NULL, 0, 1, 0, 0, '2017-10-29 12:12:59', NULL, '2017-10-29 12:12:59', -1),
(820, NULL, 'Santo', 'Dunham', 'dunham', NULL, 0, NULL, '+020 91 777 4888', 'santo2@example.com', NULL, NULL, NULL, 0, 1, 0, 0, '2017-10-29 12:12:59', '2017-10-29', '2017-10-29 12:12:59', -1),
(821, NULL, 'Fatimah', 'Schreffler', 'schreffler', NULL, 0, NULL, '+020 91 330 9267', 'fatimah2@example.com', NULL, NULL, NULL, 0, 1, 0, 0, '2017-10-29 12:12:59', NULL, '2017-10-29 12:12:59', -1),
(822, NULL, 'Dixie', 'Gott', 'gott', NULL, 0, NULL, '+020 91 132 7683', 'dixie2@example.com', NULL, NULL, NULL, 0, 1, 0, 0, '2017-10-29 12:12:59', NULL, '2017-10-29 12:12:59', -1),
(823, NULL, 'Jeanette', 'Brink', 'brink', NULL, 0, NULL, '+020 91 608 9529', 'jeanette2@example.com', NULL, NULL, NULL, 0, 1, 0, 0, '2017-10-29 12:12:59', NULL, '2017-10-29 12:12:59', -1),
(824, NULL, 'Armanda', 'Mincks', 'mincks', NULL, 0, NULL, '+020 91 784 0323', 'armanda2@example.com', NULL, NULL, NULL, 0, 1, 0, 0, '2017-10-29 12:12:59', NULL, '2017-10-29 12:12:59', -1),
(825, NULL, 'Elvina', 'Wein', 'wein', NULL, 0, NULL, '+020 91 430 3442', 'elvina2@example.com', NULL, NULL, NULL, 0, 1, 0, 0, '2017-10-29 12:12:59', NULL, '2017-10-29 12:12:59', -1),
(826, NULL, 'Stephaine', 'Nida', 'da', NULL, 0, NULL, '+020 91 803 6021', 'stephaine2@example.com', NULL, NULL, NULL, 0, 1, 0, 0, '2017-10-29 12:12:59', '2017-10-29', '2017-10-29 12:12:59', -1),
(827, NULL, 'Micha', 'Coan', 'coan', NULL, 0, NULL, '+020 91 419 0770', 'micha2@example.com', NULL, NULL, NULL, 0, 1, 0, 0, '2017-10-29 12:12:59', NULL, '2017-10-29 12:12:59', -1),
(828, NULL, 'Caitlin', 'Westbrook', 'westbrook', NULL, 0, NULL, '+020 91 281 8143', 'caitlin2@example.com', NULL, NULL, NULL, 0, 1, 0, 0, '2017-10-29 12:12:59', NULL, '2017-10-29 12:12:59', -1),
(829, NULL, 'Raleigh', 'Bridgett', 'bridgett', NULL, 0, NULL, '+020 91 349 5945', 'raleigh2@example.com', NULL, NULL, NULL, 0, 1, 0, 0, '2017-10-29 12:12:59', '2017-10-29', '2017-10-29 12:12:59', -1),
(830, NULL, 'Natisha', 'Trotman', 'trotman', NULL, 0, NULL, '+020 91 828 8854', 'natisha2@example.com', NULL, NULL, NULL, 0, 1, 0, 0, '2017-10-29 12:12:59', NULL, '2017-10-29 12:12:59', -1),
(831, NULL, 'Deadra', 'Simonson', 'simonson', NULL, 0, NULL, '+020 91 183 5265', 'deadra2@example.com', NULL, NULL, NULL, 0, 1, 0, 0, '2017-10-29 12:12:59', NULL, '2017-10-29 12:12:59', -1),
(832, NULL, 'Lura', 'Holtz', 'holtz', NULL, 0, NULL, '+020 91 842 5743', 'lura2@example.com', NULL, NULL, NULL, 0, 1, 0, 0, '2017-10-29 12:12:59', NULL, '2017-10-29 12:12:59', -1),
(833, NULL, 'Mamie', 'Sams', 'sams', NULL, 0, NULL, '+020 91 601 7779', 'mamie2@example.com', NULL, NULL, NULL, 0, 1, 0, 0, '2017-10-29 12:12:59', NULL, '2017-10-29 12:12:59', -1),
(834, NULL, 'Zonia', 'Kolbe', 'kolbe', NULL, 0, NULL, '+020 91 600 8768', 'zonia2@example.com', NULL, NULL, NULL, 0, 1, 0, 0, '2017-10-29 12:12:59', NULL, '2017-10-29 12:12:59', -1),
(835, NULL, 'Meg', 'Ostlund', 'stlund', NULL, 0, NULL, '+020 91 148 2629', 'meg2@example.com', NULL, NULL, NULL, 0, 1, 0, 0, '2017-10-29 12:12:59', '2017-10-29', '2017-10-29 12:12:59', -1),
(836, NULL, 'Tomoko', 'Hartness', 'hartness', NULL, 0, NULL, '+020 91 493 3670', 'tomoko2@example.com', NULL, NULL, NULL, 0, 1, 0, 0, '2017-10-29 12:12:59', '2017-10-29', '2017-10-29 12:12:59', -1),
(837, NULL, 'Libbie', 'Carner', 'carner', NULL, 0, NULL, '+020 91 100 0288', 'libbie2@example.com', NULL, NULL, NULL, 0, 1, 0, 0, '2017-10-29 12:12:59', '2017-10-29', '2017-10-29 12:12:59', -1),
(838, NULL, 'Lacey', 'Buford', 'buford', NULL, 0, NULL, '+020 91 965 3904', 'lacey2@example.com', NULL, NULL, NULL, 0, 1, 0, 0, '2017-10-29 12:12:59', '2017-10-29', '2017-10-29 12:12:59', -1),
(839, NULL, 'Earnestine', 'Vivanco', 'vivanco', NULL, 0, NULL, '+020 91 852 1111', 'earnestine2@example.com', NULL, NULL, NULL, 0, 1, 0, 0, '2017-10-29 12:12:59', '2017-10-29', '2017-10-29 12:12:59', -1),
(840, NULL, 'Dian', 'Bartholomew', 'bartholomew', NULL, 0, NULL, '+020 91 389 6647', 'dian2@example.com', NULL, NULL, NULL, 0, 1, 0, 0, '2017-10-29 12:12:59', NULL, '2017-10-29 12:12:59', -1),
(841, NULL, 'Brandie', 'Kline', 'kline', NULL, 0, NULL, '+020 91 917 9029', 'brandie2@example.com', NULL, NULL, NULL, 0, 1, 0, 0, '2017-10-29 12:12:59', NULL, '2017-10-29 12:12:59', -1),
(842, NULL, 'Mikel', 'Medford', 'medford', NULL, 0, NULL, '+020 91 994 1146', 'mikel2@example.com', NULL, NULL, NULL, 0, 1, 0, 0, '2017-10-29 12:12:59', NULL, '2017-10-29 12:12:59', -1),
(843, NULL, 'Na', 'Amin', 'amin', NULL, 0, NULL, '+020 91 966 4257', 'na2@example.com', NULL, NULL, NULL, 0, 1, 0, 0, '2017-10-29 12:12:59', '2017-10-29', '2017-10-29 12:12:59', -1),
(844, NULL, 'Diedre', 'Beauchamp', 'beauchamp', NULL, 0, NULL, '+020 91 251 9180', 'diedre2@example.com', NULL, NULL, NULL, 0, 1, 0, 0, '2017-10-29 12:12:59', '2017-10-29', '2017-10-29 12:12:59', -1),
(845, NULL, 'Alfredia', 'Boehman', 'boehman', NULL, 0, NULL, '+020 91 818 4497', 'alfredia2@example.com', NULL, NULL, NULL, 0, 1, 0, 0, '2017-10-29 12:12:59', NULL, '2017-10-29 12:12:59', -1),
(846, NULL, 'Kyong', 'Mccollum', 'collum', NULL, 0, NULL, '+020 91 160 6958', 'kyong2@example.com', NULL, NULL, NULL, 0, 1, 0, 0, '2017-10-29 12:12:59', NULL, '2017-10-29 12:12:59', -1),
(847, NULL, 'Tim', 'Labadie', 'labadie', NULL, 0, NULL, '+020 91 109 6679', 'tim2@example.com', NULL, NULL, NULL, 0, 1, 0, 0, '2017-10-29 12:12:59', '2017-10-29', '2017-10-29 12:12:59', -1),
(848, NULL, 'Roseanna', 'Cutrer', 'cutrer', NULL, 0, NULL, '+020 91 851 2770', 'roseanna2@example.com', NULL, NULL, NULL, 0, 1, 0, 0, '2017-10-29 12:12:59', NULL, '2017-10-29 12:12:59', -1),
(849, NULL, 'Tomasa', 'Wooton', 'wooton', NULL, 0, NULL, '+020 91 407 7645', 'tomasa2@example.com', NULL, NULL, NULL, 0, 1, 0, 0, '2017-10-29 12:12:59', NULL, '2017-10-29 12:12:59', -1),
(850, NULL, 'Cornelia', 'Montesano', 'montesano', NULL, 0, NULL, '+020 91 608 4454', 'cornelia2@example.com', NULL, NULL, NULL, 0, 1, 0, 0, '2017-10-29 12:12:59', '2017-10-29', '2017-10-29 12:12:59', -1),
(851, NULL, 'Creola', 'Lindblom', 'lindblom', NULL, 0, NULL, '+020 91 820 8251', 'creola2@example.com', NULL, NULL, NULL, 0, 1, 0, 0, '2017-10-29 12:12:59', NULL, '2017-10-29 12:12:59', -1),
(852, NULL, 'Chang', 'Pelchat', 'pelchat', NULL, 0, NULL, '+020 91 832 1417', 'chang2@example.com', NULL, NULL, NULL, 0, 1, 0, 0, '2017-10-29 12:12:59', NULL, '2017-10-29 12:12:59', -1),
(853, NULL, 'Erich', 'Rayford', 'rayford', NULL, 0, NULL, '+020 91 646 4915', 'erich2@example.com', NULL, NULL, NULL, 0, 1, 0, 0, '2017-10-29 12:12:59', NULL, '2017-10-29 12:12:59', -1),
(854, NULL, 'Rheba', 'Kyger', 'kyger', NULL, 0, NULL, '+020 91 917 3485', 'rheba2@example.com', NULL, NULL, NULL, 0, 1, 0, 0, '2017-10-29 12:12:59', NULL, '2017-10-29 12:12:59', -1),
(855, NULL, 'Dewitt', 'Reina', 'reina', NULL, 0, NULL, '+020 91 226 7618', 'dewitt2@example.com', NULL, NULL, NULL, 0, 1, 0, 0, '2017-10-29 12:12:59', NULL, '2017-10-29 12:12:59', -1),
(856, NULL, 'Glenda', 'Timms', 'timms', NULL, 0, NULL, '+020 91 319 6961', 'glenda2@example.com', NULL, NULL, NULL, 0, 1, 0, 0, '2017-10-29 12:12:59', '2017-10-29', '2017-10-29 12:12:59', -1),
(857, NULL, 'Shawnta', 'Rideaux', 'rideaux', NULL, 0, NULL, '+020 91 798 4437', 'shawnta2@example.com', NULL, NULL, NULL, 0, 1, 0, 0, '2017-10-29 12:12:59', NULL, '2017-10-29 12:12:59', -1),
(858, NULL, 'Mack', 'Underdahl', 'underdahl', NULL, 0, NULL, '+020 91 723 3366', 'mack2@example.com', NULL, NULL, NULL, 0, 1, 0, 0, '2017-10-29 12:12:59', NULL, '2017-10-29 12:12:59', -1),
(859, NULL, 'Scott', 'Sorensen', 'sorensen', NULL, 0, NULL, '+020 91 610 4509', 'scott2@example.com', NULL, NULL, NULL, 0, 1, 0, 0, '2017-10-29 12:12:59', NULL, '2017-10-29 12:12:59', -1),
(860, NULL, 'Markus', 'Fusco', 'fusco', NULL, 0, NULL, '+020 91 779 4992', 'markus2@example.com', NULL, NULL, NULL, 0, 1, 0, 0, '2017-10-29 12:12:59', NULL, '2017-10-29 12:12:59', -1),
(861, NULL, 'Marguerite', 'Langlois', 'langlois', NULL, 0, NULL, '+020 91 334 7898', 'marguerite2@example.com', NULL, NULL, NULL, 0, 1, 0, 0, '2017-10-29 12:12:59', NULL, '2017-10-29 12:12:59', -1),
(862, NULL, 'Mohamed', 'Kuss', 'kuss', NULL, 0, NULL, '+020 91 865 4145', 'mohamed2@example.com', NULL, NULL, NULL, 0, 1, 0, 0, '2017-10-29 12:12:59', NULL, '2017-10-29 12:12:59', -1),
(863, NULL, 'Edyth', 'Polzin', 'polzin', NULL, 0, NULL, '+020 91 892 3811', 'edyth2@example.com', NULL, NULL, NULL, 0, 1, 0, 0, '2017-10-29 12:12:59', '2017-10-29', '2017-10-29 12:12:59', -1),
(864, NULL, 'Caleb', 'Buster', 'buster', NULL, 0, NULL, '+020 91 965 5782', 'caleb2@example.com', NULL, NULL, NULL, 0, 1, 0, 0, '2017-10-29 12:12:59', '2017-10-29', '2017-10-29 12:12:59', -1),
(865, NULL, 'Major', 'Lemmond', 'lemmond', NULL, 0, NULL, '+020 91 285 8015', 'major2@example.com', NULL, NULL, NULL, 0, 1, 0, 0, '2017-10-29 12:12:59', NULL, '2017-10-29 12:12:59', -1),
(866, NULL, 'Patrice', 'Conine', 'conine', NULL, 0, NULL, '+020 91 831 3249', 'patrice2@example.com', NULL, NULL, NULL, 0, 1, 0, 0, '2017-10-29 12:12:59', '2017-10-29', '2017-10-29 12:12:59', -1),
(867, NULL, 'Annika', 'Danford', 'danford', NULL, 0, NULL, '+020 91 685 5712', 'annika2@example.com', NULL, NULL, NULL, 0, 1, 0, 0, '2017-10-29 12:12:59', '2017-10-29', '2017-10-29 12:12:59', -1),
(868, NULL, 'Luke', 'Crandall', 'crandall', NULL, 0, NULL, '+020 91 604 3885', 'luke2@example.com', NULL, NULL, NULL, 0, 1, 0, 0, '2017-10-29 12:12:59', '2017-10-29', '2017-10-29 12:12:59', -1),
(869, NULL, 'Coleman', 'Heesch', 'heesch', NULL, 0, NULL, '+020 91 967 0422', 'coleman2@example.com', NULL, NULL, NULL, 0, 1, 0, 0, '2017-10-29 12:12:59', '2017-10-29', '2017-10-29 12:12:59', -1),
(870, NULL, 'Clarice', 'Sobieski', 'sobieski', NULL, 0, NULL, '+020 91 437 8069', 'clarice2@example.com', NULL, NULL, NULL, 0, 1, 0, 0, '2017-10-29 12:12:59', '2017-10-29', '2017-10-29 12:12:59', -1),
(871, NULL, 'Quintin', 'Dambrosio', 'dambrosio', NULL, 0, NULL, '+020 91 831 1808', 'quintin2@example.com', NULL, NULL, NULL, 0, 1, 0, 0, '2017-10-29 12:12:59', NULL, '2017-10-29 12:12:59', -1),
(872, NULL, 'Sol', 'Sanborn', 'sanborn', NULL, 0, NULL, '+020 91 863 9349', 'sol2@example.com', NULL, NULL, NULL, 0, 1, 0, 0, '2017-10-29 12:12:59', NULL, '2017-10-29 12:12:59', -1),
(873, NULL, 'Eve', 'Lair', 'lair', NULL, 0, NULL, '+020 91 342 3532', 'eve2@example.com', NULL, NULL, NULL, 0, 1, 0, 0, '2017-10-29 12:12:59', NULL, '2017-10-29 12:12:59', -1),
(874, NULL, 'Marquerite', 'Hodgson', 'hodgson', NULL, 0, NULL, '+020 91 790 8560', 'marquerite2@example.com', NULL, NULL, NULL, 0, 1, 0, 0, '2017-10-29 12:12:59', NULL, '2017-10-29 12:12:59', -1),
(875, NULL, 'Katie', 'Dejohn', 'dejohn', NULL, 0, NULL, '+020 91 821 5342', 'katie2@example.com', NULL, NULL, NULL, 0, 1, 0, 0, '2017-10-29 12:12:59', NULL, '2017-10-29 12:12:59', -1),
(876, NULL, 'Thu', 'Goings', 'goings', NULL, 0, NULL, '+020 91 362 5567', 'thu2@example.com', NULL, NULL, NULL, 0, 1, 0, 0, '2017-10-29 12:12:59', NULL, '2017-10-29 12:12:59', -1),
(877, NULL, 'Lizeth', 'Mize', 'mize', NULL, 0, NULL, '+020 91 338 0829', 'lizeth2@example.com', NULL, NULL, NULL, 0, 1, 0, 0, '2017-10-29 12:12:59', '2017-10-29', '2017-10-29 12:12:59', -1),
(878, NULL, 'Marine', 'Tadeo', 'tadeo', NULL, 0, NULL, '+020 91 762 6682', 'marine2@example.com', NULL, NULL, NULL, 0, 1, 0, 0, '2017-10-29 12:12:59', '2017-10-29', '2017-10-29 12:12:59', -1);
INSERT INTO `person` (`id`, `ext_id`, `fname`, `lname`, `indexed_lname`, `salute_name`, `salt_id`, `landline`, `mobile`, `email`, `landline_alt`, `mobile_alt`, `email_alt`, `is_staff`, `is_guardian`, `is_member`, `active`, `created`, `deactivated`, `updated`, `updated_by`) VALUES
(879, NULL, 'Clemencia', 'Constance', 'constance', NULL, 0, NULL, '+020 91 833 2284', 'clemencia2@example.com', NULL, NULL, NULL, 0, 1, 0, 0, '2017-10-29 12:12:59', NULL, '2017-10-29 12:12:59', -1),
(880, NULL, 'Laure', 'Hammon', 'hammon', NULL, 0, NULL, '+020 91 933 5673', 'laure2@example.com', NULL, NULL, NULL, 0, 1, 0, 0, '2017-10-29 12:12:59', NULL, '2017-10-29 12:12:59', -1),
(881, NULL, 'Darcy', 'Riehl', 'riehl', NULL, 0, NULL, '+020 91 162 7269', 'darcy2@example.com', NULL, NULL, NULL, 0, 1, 0, 0, '2017-10-29 12:12:59', NULL, '2017-10-29 12:12:59', -1),
(882, NULL, 'Elvia', 'Judy', 'judy', NULL, 0, NULL, '+020 91 286 0347', 'elvia2@example.com', NULL, NULL, NULL, 0, 1, 0, 0, '2017-10-29 12:12:59', NULL, '2017-10-29 12:12:59', -1),
(883, NULL, 'Raye', 'Polite', 'polite', NULL, 0, NULL, '+020 91 215 3562', 'raye2@example.com', NULL, NULL, NULL, 0, 1, 0, 0, '2017-10-29 12:12:59', NULL, '2017-10-29 12:12:59', -1),
(884, NULL, 'Corrin', 'Lally', 'lally', NULL, 0, NULL, '+020 91 384 2533', 'corrin2@example.com', NULL, NULL, NULL, 0, 1, 0, 0, '2017-10-29 12:12:59', NULL, '2017-10-29 12:12:59', -1),
(885, NULL, 'Priscila', 'Ewart', 'ewart', NULL, 0, NULL, '+020 91 816 2382', 'priscila2@example.com', NULL, NULL, NULL, 0, 1, 0, 0, '2017-10-29 12:12:59', NULL, '2017-10-29 12:12:59', -1),
(886, NULL, 'Ivy', 'Hepburn', 'hepburn', NULL, 0, NULL, '+020 91 833 3989', 'ivy2@example.com', NULL, NULL, NULL, 0, 1, 0, 0, '2017-10-29 12:12:59', '2017-10-29', '2017-10-29 12:12:59', -1),
(887, NULL, 'Barbar', 'Streater', 'streater', NULL, 0, NULL, '+020 91 238 0361', 'barbar2@example.com', NULL, NULL, NULL, 0, 1, 0, 0, '2017-10-29 12:12:59', NULL, '2017-10-29 12:12:59', -1),
(888, NULL, 'Pamila', 'Ronquillo', 'ronquillo', NULL, 0, NULL, '+020 91 959 5160', 'pamila2@example.com', NULL, NULL, NULL, 0, 1, 0, 0, '2017-10-29 12:12:59', NULL, '2017-10-29 12:12:59', -1),
(889, NULL, 'Twana', 'Chrzanowski', 'chrzanowski', NULL, 0, NULL, '+020 91 637 6041', 'twana2@example.com', NULL, NULL, NULL, 0, 1, 0, 0, '2017-10-29 12:12:59', NULL, '2017-10-29 12:12:59', -1),
(890, NULL, 'Lenore', 'Kasper', 'kasper', NULL, 0, NULL, '+020 91 882 9881', 'lenore2@example.com', NULL, NULL, NULL, 0, 1, 0, 0, '2017-10-29 12:12:59', '2017-10-29', '2017-10-29 12:12:59', -1),
(891, NULL, 'Takisha', 'Simek', 'simek', NULL, 0, NULL, '+020 91 039 2703', 'takisha2@example.com', NULL, NULL, NULL, 0, 1, 0, 0, '2017-10-29 12:12:59', NULL, '2017-10-29 12:12:59', -1),
(892, NULL, 'Simonne', 'Santore', 'santore', NULL, 0, NULL, '+020 91 290 4937', 'simonne2@example.com', NULL, NULL, NULL, 0, 1, 0, 0, '2017-10-29 12:12:59', NULL, '2017-10-29 12:12:59', -1),
(893, NULL, 'Reinaldo', 'Dent', 'dent', NULL, 0, NULL, '+020 91 979 2140', 'reinaldo2@example.com', NULL, NULL, NULL, 0, 1, 0, 0, '2017-10-29 12:12:59', NULL, '2017-10-29 12:12:59', -1),
(894, NULL, 'Ciera', 'Pecoraro', 'pecoraro', NULL, 0, NULL, '+020 91 657 2831', 'ciera2@example.com', NULL, NULL, NULL, 0, 1, 0, 0, '2017-10-29 12:12:59', NULL, '2017-10-29 12:12:59', -1),
(895, NULL, 'Latrice', 'Edson', 'edson', NULL, 0, NULL, '+020 91 146 9746', 'latrice2@example.com', NULL, NULL, NULL, 0, 1, 0, 0, '2017-10-29 12:12:59', NULL, '2017-10-29 12:12:59', -1),
(896, NULL, 'Shalonda', 'Zellers', 'zellers', NULL, 0, NULL, '+020 91 205 2512', 'shalonda2@example.com', NULL, NULL, NULL, 0, 1, 0, 0, '2017-10-29 12:12:59', NULL, '2017-10-29 12:12:59', -1),
(897, NULL, 'Ian', 'Arzola', 'arzola', NULL, 0, NULL, '+020 91 696 2002', 'ian2@example.com', NULL, NULL, NULL, 0, 1, 0, 0, '2017-10-29 12:12:59', '2017-10-29', '2017-10-29 12:12:59', -1),
(898, NULL, 'Milissa', 'Febus', 'febus', NULL, 0, NULL, '+020 91 256 0458', 'milissa2@example.com', NULL, NULL, NULL, 0, 1, 0, 0, '2017-10-29 12:12:59', '2017-10-29', '2017-10-29 12:12:59', -1),
(899, NULL, 'Willena', 'Eisele', 'eisele', NULL, 0, NULL, '+020 91 240 7244', 'willena2@example.com', NULL, NULL, NULL, 0, 1, 0, 0, '2017-10-29 12:12:59', '2017-10-29', '2017-10-29 12:12:59', -1),
(900, NULL, 'Miss', 'Jarnagin', 'jarnagin', NULL, 0, NULL, '+020 91 917 7542', 'miss2@example.com', NULL, NULL, NULL, 0, 1, 0, 0, '2017-10-29 12:12:59', NULL, '2017-10-29 12:12:59', -1),
(901, NULL, 'Janina', 'Swafford', 'swafford', NULL, 0, NULL, '+020 91 281 2567', 'janina2@example.com', NULL, NULL, NULL, 0, 1, 0, 0, '2017-10-29 12:12:59', NULL, '2017-10-29 12:12:59', -1),
(902, NULL, 'Sherryl', 'Boatright', 'boatright', NULL, 0, NULL, '+020 91 836 2758', 'sherryl2@example.com', NULL, NULL, NULL, 0, 1, 0, 0, '2017-10-29 12:12:59', '2017-10-29', '2017-10-29 12:12:59', -1),
(903, NULL, 'Ross', 'Shockey', 'shockey', NULL, 0, NULL, '+020 91 743 4765', 'ross2@example.com', NULL, NULL, NULL, 0, 1, 0, 0, '2017-10-29 12:12:59', NULL, '2017-10-29 12:12:59', -1),
(904, NULL, 'Omega', 'Nyquist', 'nyquist', NULL, 0, NULL, '+020 91 888 4510', 'omega2@example.com', NULL, NULL, NULL, 0, 1, 0, 0, '2017-10-29 12:12:59', NULL, '2017-10-29 12:12:59', -1),
(905, NULL, 'Karyn', 'Olea', 'lea', NULL, 0, NULL, '+020 91 194 8003', 'karyn2@example.com', NULL, NULL, NULL, 0, 1, 0, 0, '2017-10-29 12:12:59', NULL, '2017-10-29 12:12:59', -1),
(906, NULL, 'Isis', 'Limon', 'limon', NULL, 0, NULL, '+020 91 218 9788', 'isis2@example.com', NULL, NULL, NULL, 0, 1, 0, 0, '2017-10-29 12:12:59', '2017-10-29', '2017-10-29 12:12:59', -1),
(907, NULL, 'Marge', 'Creager', 'creager', NULL, 0, NULL, '+020 91 218 2880', 'marge2@example.com', NULL, NULL, NULL, 0, 1, 0, 0, '2017-10-29 12:12:59', NULL, '2017-10-29 12:12:59', -1),
(908, NULL, 'Brittaney', 'Alcaraz', 'alcaraz', NULL, 0, NULL, '+020 91 772 1396', 'brittaney2@example.com', NULL, NULL, NULL, 0, 1, 0, 0, '2017-10-29 12:12:59', NULL, '2017-10-29 12:12:59', -1),
(909, NULL, 'Fay', 'Littlewood', 'littlewood', NULL, 0, NULL, '+020 91 326 3625', 'fay2@example.com', NULL, NULL, NULL, 0, 1, 0, 0, '2017-10-29 12:12:59', '2017-10-29', '2017-10-29 12:12:59', -1),
(910, NULL, 'Altagracia', 'Stansell', 'stansell', NULL, 0, NULL, '+020 91 683 8925', 'altagracia2@example.com', NULL, NULL, NULL, 0, 1, 0, 0, '2017-10-29 12:12:59', NULL, '2017-10-29 12:12:59', -1),
(911, NULL, 'Vada', 'Sollers', 'sollers', NULL, 0, NULL, '+020 91 315 0034', 'vada2@example.com', NULL, NULL, NULL, 0, 1, 0, 0, '2017-10-29 12:12:59', '2017-10-29', '2017-10-29 12:12:59', -1),
(912, NULL, 'Lourdes', 'Gardener', 'gardener', NULL, 0, NULL, '+020 91 375 1369', 'lourdes2@example.com', NULL, NULL, NULL, 0, 1, 0, 0, '2017-10-29 12:12:59', NULL, '2017-10-29 12:12:59', -1),
(913, NULL, 'Ethel', 'Renshaw', 'renshaw', NULL, 0, NULL, '+020 91 897 4023', 'ethel2@example.com', NULL, NULL, NULL, 0, 1, 0, 0, '2017-10-29 12:12:59', '2017-10-29', '2017-10-29 12:12:59', -1),
(914, NULL, 'Wilhemina', 'Woodfork', 'woodfork', NULL, 0, NULL, '+020 91 948 1715', 'wilhemina2@example.com', NULL, NULL, NULL, 0, 1, 0, 0, '2017-10-29 12:12:59', NULL, '2017-10-29 12:12:59', -1),
(915, NULL, 'Norah', 'Marcantel', 'marcantel', NULL, 0, NULL, '+020 91 867 1208', 'norah2@example.com', NULL, NULL, NULL, 0, 1, 0, 0, '2017-10-29 12:12:59', '2017-10-29', '2017-10-29 12:12:59', -1),
(916, NULL, 'Kathrine', 'Capetillo', 'capetillo', NULL, 0, NULL, '+020 91 038 6007', 'kathrine2@example.com', NULL, NULL, NULL, 0, 1, 0, 0, '2017-10-29 12:12:59', NULL, '2017-10-29 12:12:59', -1),
(917, NULL, 'Camie', 'Hannibal', 'hannibal', NULL, 0, NULL, '+020 91 057 3542', 'camie2@example.com', NULL, NULL, NULL, 0, 1, 0, 0, '2017-10-29 12:12:59', '2017-10-29', '2017-10-29 12:12:59', -1),
(918, NULL, 'Angel', 'Mintz', 'mintz', NULL, 0, NULL, '+020 91 233 9848', 'angel2@example.com', NULL, NULL, NULL, 0, 1, 0, 0, '2017-10-29 12:12:59', NULL, '2017-10-29 12:12:59', -1),
(919, NULL, 'Sade', 'Darbonne', 'darbonne', NULL, 0, NULL, '+020 91 149 5256', 'sade2@example.com', NULL, NULL, NULL, 0, 1, 0, 0, '2017-10-29 12:12:59', NULL, '2017-10-29 12:12:59', -1),
(920, NULL, 'Emelina', 'Coomer', 'coomer', NULL, 0, NULL, '+020 91 958 1916', 'emelina2@example.com', NULL, NULL, NULL, 0, 1, 0, 0, '2017-10-29 12:12:59', NULL, '2017-10-29 12:12:59', -1),
(921, NULL, 'Amada', 'Dishon', 'dishon', NULL, 0, NULL, '+020 91 630 6373', 'amada2@example.com', NULL, NULL, NULL, 0, 1, 0, 0, '2017-10-29 12:12:59', NULL, '2017-10-29 12:12:59', -1),
(922, NULL, 'Virginia', 'Knipe', 'knipe', NULL, 0, NULL, '+020 91 856 7462', 'virginia2@example.com', NULL, NULL, NULL, 0, 1, 0, 0, '2017-10-29 12:12:59', NULL, '2017-10-29 12:12:59', -1),
(923, NULL, 'Jamila', 'Krehbiel', 'krehbiel', NULL, 0, NULL, '+020 91 887 3956', 'jamila2@example.com', NULL, NULL, NULL, 0, 1, 0, 0, '2017-10-29 12:12:59', NULL, '2017-10-29 12:12:59', -1),
(924, NULL, 'Rodrick', 'Blount', 'blount', NULL, 0, NULL, '+020 91 816 7272', 'rodrick2@example.com', NULL, NULL, NULL, 0, 1, 0, 0, '2017-10-29 12:12:59', NULL, '2017-10-29 12:12:59', -1),
(925, NULL, 'Junita', 'Ariola', 'ariola', NULL, 0, NULL, '+020 91 832 4565', 'junita2@example.com', NULL, NULL, NULL, 0, 1, 0, 0, '2017-10-29 12:12:59', NULL, '2017-10-29 12:12:59', -1),
(926, NULL, 'Simone', 'Fales', 'fales', NULL, 0, NULL, '+020 91 363 2103', 'simone2@example.com', NULL, NULL, NULL, 0, 1, 0, 0, '2017-10-29 12:12:59', NULL, '2017-10-29 12:12:59', -1),
(927, NULL, 'Linda', 'Ansari', 'ansari', NULL, 0, NULL, '+020 91 283 7471', 'linda2@example.com', NULL, NULL, NULL, 0, 1, 0, 0, '2017-10-29 12:12:59', '2017-10-29', '2017-10-29 12:12:59', -1),
(928, NULL, 'Grant', 'Shoaff', 'shoaff', NULL, 0, NULL, '+020 91 370 7312', 'grant2@example.com', NULL, NULL, NULL, 0, 1, 0, 0, '2017-10-29 12:12:59', NULL, '2017-10-29 12:12:59', -1),
(929, NULL, 'Lesha', 'Beringer', 'beringer', NULL, 0, NULL, '+020 91 814 7562', 'lesha2@example.com', NULL, NULL, NULL, 0, 1, 0, 0, '2017-10-29 12:12:59', NULL, '2017-10-29 12:12:59', -1),
(930, NULL, 'Anya', 'Epperson', 'epperson', NULL, 0, NULL, '+020 91 609 8018', 'anya2@example.com', NULL, NULL, NULL, 0, 1, 0, 0, '2017-10-29 12:12:59', '2017-10-29', '2017-10-29 12:12:59', -1),
(931, NULL, 'Geralyn', 'Derossett', 'derossett', NULL, 0, NULL, '+020 91 821 0143', 'geralyn2@example.com', NULL, NULL, NULL, 0, 1, 0, 0, '2017-10-29 12:12:59', NULL, '2017-10-29 12:12:59', -1),
(932, NULL, 'Stacey', 'Gallop', 'gallop', NULL, 0, NULL, '+020 91 264 9478', 'stacey2@example.com', NULL, NULL, NULL, 0, 1, 0, 0, '2017-10-29 12:12:59', '2017-10-29', '2017-10-29 12:12:59', -1),
(933, NULL, 'Bailey', 'Cabezas', 'cabezas', NULL, 0, NULL, '+020 91 256 7842', 'bailey2@example.com', NULL, NULL, NULL, 0, 1, 0, 0, '2017-10-29 12:12:59', NULL, '2017-10-29 12:12:59', -1),
(934, NULL, 'Regine', 'Dowell', 'dowell', NULL, 0, NULL, '+020 91 270 4856', 'regine2@example.com', NULL, NULL, NULL, 0, 1, 0, 0, '2017-10-29 12:12:59', NULL, '2017-10-29 12:12:59', -1),
(935, NULL, 'Donita', 'Rikard', 'rikard', NULL, 0, NULL, '+020 91 180 7502', 'donita2@example.com', NULL, NULL, NULL, 0, 1, 0, 0, '2017-10-29 12:12:59', NULL, '2017-10-29 12:12:59', -1),
(936, NULL, 'Verdie', 'Provencher', 'provencher', NULL, 0, NULL, '+020 91 173 8943', 'verdie2@example.com', NULL, NULL, NULL, 0, 1, 0, 0, '2017-10-29 12:12:59', NULL, '2017-10-29 12:12:59', -1),
(937, NULL, 'Garland', 'Espey', 'espey', NULL, 0, NULL, '+020 91 121 9783', 'garland2@example.com', NULL, NULL, NULL, 0, 1, 0, 0, '2017-10-29 12:12:59', NULL, '2017-10-29 12:12:59', -1),
(938, NULL, 'Eugenio', 'Portier', 'portier', NULL, 0, NULL, '+020 91 941 1641', 'eugenio2@example.com', NULL, NULL, NULL, 0, 1, 0, 0, '2017-10-29 12:12:59', NULL, '2017-10-29 12:12:59', -1),
(939, NULL, 'Cleo', 'Mckillip', 'killip', NULL, 0, NULL, '+020 91 902 4869', 'cleo2@example.com', NULL, NULL, NULL, 0, 1, 0, 0, '2017-10-29 12:12:59', NULL, '2017-10-29 12:12:59', -1),
(940, NULL, 'Remedios', 'Nellum', 'nellum', NULL, 0, NULL, '+020 91 699 1181', 'remedios2@example.com', NULL, NULL, NULL, 0, 1, 0, 0, '2017-10-29 12:12:59', NULL, '2017-10-29 12:12:59', -1),
(941, NULL, 'Marget', 'Zeiler', 'zeiler', NULL, 0, NULL, '+020 91 976 2211', 'marget2@example.com', NULL, NULL, NULL, 0, 1, 0, 0, '2017-10-29 12:12:59', '2017-10-29', '2017-10-29 12:12:59', -1),
(942, NULL, 'Arlyne', 'Borst', 'borst', NULL, 0, NULL, '+020 91 747 8429', 'arlyne2@example.com', NULL, NULL, NULL, 0, 1, 0, 0, '2017-10-29 12:12:59', '2017-10-29', '2017-10-29 12:12:59', -1),
(943, NULL, 'Carlotta', 'Canton', 'canton', NULL, 0, NULL, '+020 91 821 7799', 'carlotta2@example.com', NULL, NULL, NULL, 0, 1, 0, 0, '2017-10-29 12:12:59', NULL, '2017-10-29 12:12:59', -1),
(944, NULL, 'Marin', 'Godley', 'godley', NULL, 0, NULL, '+020 91 892 5500', 'marin2@example.com', NULL, NULL, NULL, 0, 1, 0, 0, '2017-10-29 12:12:59', '2017-10-29', '2017-10-29 12:12:59', -1),
(945, NULL, 'Veta', 'Finke', 'finke', NULL, 0, NULL, '+020 91 215 3829', 'veta2@example.com', NULL, NULL, NULL, 0, 1, 0, 0, '2017-10-29 12:12:59', NULL, '2017-10-29 12:12:59', -1),
(946, NULL, 'Roselia', 'Vartanian', 'vartanian', NULL, 0, NULL, '+020 91 853 3868', 'roselia2@example.com', NULL, NULL, NULL, 0, 1, 0, 0, '2017-10-29 12:12:59', NULL, '2017-10-29 12:12:59', -1),
(947, NULL, 'Divina', 'Goodwin', 'goodwin', NULL, 0, NULL, '+020 91 803 3262', 'divina2@example.com', NULL, NULL, NULL, 0, 1, 0, 0, '2017-10-29 12:12:59', NULL, '2017-10-29 12:12:59', -1),
(948, NULL, 'Lin', 'Partin', 'partin', NULL, 0, NULL, '+020 91 833 5029', 'lin2@example.com', NULL, NULL, NULL, 0, 1, 0, 0, '2017-10-29 12:12:59', NULL, '2017-10-29 12:12:59', -1),
(949, NULL, 'Malissa', 'Fodor', 'fodor', NULL, 0, NULL, '+020 91 786 3244', 'malissa2@example.com', NULL, NULL, NULL, 0, 1, 0, 0, '2017-10-29 12:12:59', NULL, '2017-10-29 12:12:59', -1),
(950, NULL, 'Valrie', 'Lares', 'lares', NULL, 0, NULL, '+020 91 839 8630', 'valrie2@example.com', NULL, NULL, NULL, 0, 1, 0, 0, '2017-10-29 12:12:59', '2017-10-29', '2017-10-29 12:12:59', -1),
(951, NULL, 'Conrad', 'Kitch', 'kitch', NULL, 0, NULL, '+020 91 414 9458', 'conrad2@example.com', NULL, NULL, NULL, 0, 1, 0, 0, '2017-10-29 12:12:59', '2017-10-29', '2017-10-29 12:12:59', -1),
(952, NULL, 'Madonna', 'Feltmann', 'feltmann', NULL, 0, NULL, '+020 91 074 8384', 'madonna2@example.com', NULL, NULL, NULL, 0, 1, 0, 0, '2017-10-29 12:12:59', '2017-10-29', '2017-10-29 12:12:59', -1),
(953, NULL, 'Eleonore', 'Hume', 'hume', NULL, 0, NULL, '+020 91 855 4252', 'eleonore2@example.com', NULL, NULL, NULL, 0, 1, 0, 0, '2017-10-29 12:12:59', NULL, '2017-10-29 12:12:59', -1),
(954, NULL, 'Vella', 'Antone', 'antone', NULL, 0, NULL, '+020 91 613 3248', 'vella2@example.com', NULL, NULL, NULL, 0, 1, 0, 0, '2017-10-29 12:12:59', NULL, '2017-10-29 12:12:59', -1),
(955, NULL, 'Melani', 'Holsten', 'holsten', NULL, 0, NULL, '+020 91 675 8409', 'melani2@example.com', NULL, NULL, NULL, 0, 1, 0, 0, '2017-10-29 12:12:59', '2017-10-29', '2017-10-29 12:12:59', -1),
(956, NULL, 'Annalee', 'Burchett', 'burchett', NULL, 0, NULL, '+020 91 816 4898', 'annalee2@example.com', NULL, NULL, NULL, 0, 1, 0, 0, '2017-10-29 12:12:59', '2017-10-29', '2017-10-29 12:12:59', -1),
(957, NULL, 'Brent', 'Gillies', 'gillies', NULL, 0, NULL, '+020 91 902 9374', 'brent2@example.com', NULL, NULL, NULL, 0, 1, 0, 0, '2017-10-29 12:12:59', NULL, '2017-10-29 12:12:59', -1),
(958, NULL, 'Ching', 'Demartino', 'demartino', NULL, 0, NULL, '+020 91 417 7644', 'ching2@example.com', NULL, NULL, NULL, 0, 1, 0, 0, '2017-10-29 12:12:59', '2017-10-29', '2017-10-29 12:12:59', -1),
(959, NULL, 'Kristeen', 'Silberman', 'silberman', NULL, 0, NULL, '+020 91 812 1451', 'kristeen2@example.com', NULL, NULL, NULL, 0, 1, 0, 0, '2017-10-29 12:12:59', NULL, '2017-10-29 12:12:59', -1),
(960, NULL, 'Renea', 'Patnode', 'patnode', NULL, 0, NULL, '+020 91 814 7405', 'renea2@example.com', NULL, NULL, NULL, 0, 1, 0, 0, '2017-10-29 12:12:59', '2017-10-29', '2017-10-29 12:12:59', -1),
(961, NULL, 'Wynell', 'Senger', 'senger', NULL, 0, NULL, '+020 91 656 7885', 'wynell2@example.com', NULL, NULL, NULL, 0, 1, 0, 0, '2017-10-29 12:12:59', '2017-10-29', '2017-10-29 12:12:59', -1),
(962, NULL, 'Denita', 'Hermansen', 'hermansen', NULL, 0, NULL, '+020 91 998 3569', 'denita2@example.com', NULL, NULL, NULL, 0, 1, 0, 0, '2017-10-29 12:12:59', '2017-10-29', '2017-10-29 12:12:59', -1),
(963, NULL, 'Boyce', 'Pontbriand', 'pontbriand', NULL, 0, NULL, '+020 91 608 6003', 'boyce2@example.com', NULL, NULL, NULL, 0, 1, 0, 0, '2017-10-29 12:12:59', NULL, '2017-10-29 12:12:59', -1),
(964, NULL, 'Agueda', 'Malone', 'malone', NULL, 0, NULL, '+020 91 816 7455', 'agueda2@example.com', NULL, NULL, NULL, 0, 1, 0, 0, '2017-10-29 12:12:59', NULL, '2017-10-29 12:12:59', -1),
(965, NULL, 'Anna', 'Aispuro', 'aispuro', NULL, 0, NULL, '+020 91 153 6234', 'anna2@example.com', NULL, NULL, NULL, 0, 1, 0, 0, '2017-10-29 12:12:59', '2017-10-29', '2017-10-29 12:12:59', -1),
(966, NULL, 'Lionel', 'Bellard', 'bellard', NULL, 0, NULL, '+020 91 811 2586', 'lionel2@example.com', NULL, NULL, NULL, 0, 1, 0, 0, '2017-10-29 12:12:59', NULL, '2017-10-29 12:12:59', -1),
(967, NULL, 'Demetria', 'Drennon', 'drennon', NULL, 0, NULL, '+020 91 830 0210', 'demetria2@example.com', NULL, NULL, NULL, 0, 1, 0, 0, '2017-10-29 12:12:59', '2017-10-29', '2017-10-29 12:12:59', -1),
(968, NULL, 'Sherita', 'Lovely', 'lovely', NULL, 0, NULL, '+020 91 180 8388', 'sherita2@example.com', NULL, NULL, NULL, 0, 1, 0, 0, '2017-10-29 12:12:59', NULL, '2017-10-29 12:12:59', -1),
(969, NULL, 'Darwin', 'Ashurst', 'ashurst', NULL, 0, NULL, '+020 91 997 5315', 'darwin2@example.com', NULL, NULL, NULL, 0, 1, 0, 0, '2017-10-29 12:12:59', NULL, '2017-10-29 12:12:59', -1),
(970, NULL, 'Buddy', 'Tannehill', 'tannehill', NULL, 0, NULL, '+020 91 225 5025', 'buddy2@example.com', NULL, NULL, NULL, 0, 1, 0, 0, '2017-10-29 12:12:59', NULL, '2017-10-29 12:12:59', -1),
(971, NULL, 'Maximina', 'Dambrosia', 'dambrosia', NULL, 0, NULL, '+020 91 155 6586', 'maximina2@example.com', NULL, NULL, NULL, 0, 1, 0, 0, '2017-10-29 12:12:59', '2017-10-29', '2017-10-29 12:12:59', -1),
(972, NULL, 'Brigida', 'Seneca', 'seneca', NULL, 0, NULL, '+020 91 298 9388', 'brigida2@example.com', NULL, NULL, NULL, 0, 1, 0, 0, '2017-10-29 12:12:59', '2017-10-29', '2017-10-29 12:12:59', -1),
(973, NULL, 'Curt', 'Kroger', 'kroger', NULL, 0, NULL, '+020 91 435 1905', 'curt2@example.com', NULL, NULL, NULL, 0, 1, 0, 0, '2017-10-29 12:12:59', '2017-10-29', '2017-10-29 12:12:59', -1),
(974, NULL, 'Olin', 'Bellone', 'bellone', NULL, 0, NULL, '+020 91 247 8369', 'olin2@example.com', NULL, NULL, NULL, 0, 1, 0, 0, '2017-10-29 12:12:59', NULL, '2017-10-29 12:12:59', -1),
(975, NULL, 'Elizabeth', 'Luna', 'luna', NULL, 0, NULL, '+020 91 644 9670', 'elizabeth2@example.com', NULL, NULL, NULL, 0, 1, 0, 0, '2017-10-29 12:12:59', '2017-10-29', '2017-10-29 12:12:59', -1),
(976, NULL, 'Lavenia', 'Bloodworth', 'bloodworth', NULL, 0, NULL, '+020 91 711 6459', 'lavenia2@example.com', NULL, NULL, NULL, 0, 1, 0, 0, '2017-10-29 12:12:59', NULL, '2017-10-29 12:12:59', -1),
(977, NULL, 'Aurore', 'Maeda', 'maeda', NULL, 0, NULL, '+020 91 240 8693', 'aurore2@example.com', NULL, NULL, NULL, 0, 1, 0, 0, '2017-10-29 12:12:59', '2017-10-29', '2017-10-29 12:12:59', -1),
(978, NULL, 'Ranee', 'Marek', 'marek', NULL, 0, NULL, '+020 91 238 1654', 'ranee2@example.com', NULL, NULL, NULL, 0, 1, 0, 0, '2017-10-29 12:12:59', '2017-10-29', '2017-10-29 12:12:59', -1),
(979, NULL, 'Lynnette', 'Steimle', 'steimle', NULL, 0, NULL, '+020 91 896 5883', 'lynnette2@example.com', NULL, NULL, NULL, 0, 1, 0, 0, '2017-10-29 12:12:59', NULL, '2017-10-29 12:12:59', -1),
(980, NULL, 'Merlin', 'Deal', 'deal', NULL, 0, NULL, '+020 91 836 1212', 'merlin2@example.com', NULL, NULL, NULL, 0, 1, 0, 0, '2017-10-29 12:12:59', '2017-10-29', '2017-10-29 12:12:59', -1),
(981, NULL, 'Hope', 'Pannell', 'pannell', NULL, 0, NULL, '+020 91 331 5233', 'hope2@example.com', NULL, NULL, NULL, 0, 1, 0, 0, '2017-10-29 12:12:59', '2017-10-29', '2017-10-29 12:12:59', -1),
(982, NULL, 'Natalya', 'Geiser', 'geiser', NULL, 0, NULL, '+020 91 386 6197', 'natalya2@example.com', NULL, NULL, NULL, 0, 1, 0, 0, '2017-10-29 12:12:59', NULL, '2017-10-29 12:12:59', -1),
(983, NULL, 'Monte', 'Coffer', 'coffer', NULL, 0, NULL, '+020 91 686 7724', 'monte2@example.com', NULL, NULL, NULL, 0, 1, 0, 0, '2017-10-29 12:12:59', NULL, '2017-10-29 12:12:59', -1),
(984, NULL, 'Rufina', 'Achenbach', 'achenbach', NULL, 0, NULL, '+020 91 218 7513', 'rufina2@example.com', NULL, NULL, NULL, 0, 1, 0, 0, '2017-10-29 12:12:59', '2017-10-29', '2017-10-29 12:12:59', -1),
(985, NULL, 'Stewart', 'Ballerini', 'ballerini', NULL, 0, NULL, '+020 91 831 3443', 'stewart2@example.com', NULL, NULL, NULL, 0, 1, 0, 0, '2017-10-29 12:12:59', NULL, '2017-10-29 12:12:59', -1),
(986, NULL, 'Sacha', 'Houseknecht', 'houseknecht', NULL, 0, NULL, '+020 91 826 4953', 'sacha2@example.com', NULL, NULL, NULL, 0, 1, 0, 0, '2017-10-29 12:12:59', '2017-10-29', '2017-10-29 12:12:59', -1),
(987, NULL, 'Madelyn', 'Thorman', 'thorman', NULL, 0, NULL, '+020 91 380 1655', 'madelyn2@example.com', NULL, NULL, NULL, 0, 1, 0, 0, '2017-10-29 12:12:59', '2017-10-29', '2017-10-29 12:12:59', -1),
(988, NULL, 'Maida', 'Bertone', 'bertone', NULL, 0, NULL, '+020 91 254 4821', 'maida2@example.com', NULL, NULL, NULL, 0, 1, 0, 0, '2017-10-29 12:12:59', '2017-10-29', '2017-10-29 12:12:59', -1),
(989, NULL, 'Yasmine', 'Goudreau', 'goudreau', NULL, 0, NULL, '+020 91 064 1952', 'yasmine2@example.com', NULL, NULL, NULL, 0, 1, 0, 0, '2017-10-29 12:12:59', '2017-10-29', '2017-10-29 12:12:59', -1),
(990, NULL, 'Apolonia', 'Maggi', 'maggi', NULL, 0, NULL, '+020 91 499 1166', 'apolonia2@example.com', NULL, NULL, NULL, 0, 1, 0, 0, '2017-10-29 12:12:59', '2017-10-29', '2017-10-29 12:12:59', -1),
(991, NULL, 'Karoline', 'Joines', 'joines', NULL, 0, NULL, '+020 91 428 6968', 'karoline2@example.com', NULL, NULL, NULL, 0, 1, 0, 0, '2017-10-29 12:12:59', NULL, '2017-10-29 12:12:59', -1),
(992, NULL, 'Jerilyn', 'Royster', 'royster', NULL, 0, NULL, '+020 91 814 6623', 'jerilyn2@example.com', NULL, NULL, NULL, 0, 1, 0, 0, '2017-10-29 12:12:59', '2017-10-29', '2017-10-29 12:12:59', -1),
(993, NULL, 'Ellamae', 'Funke', 'funke', NULL, 0, NULL, '+020 91 803 5982', 'ellamae2@example.com', NULL, NULL, NULL, 0, 1, 0, 0, '2017-10-29 12:12:59', '2017-10-29', '2017-10-29 12:12:59', -1),
(994, NULL, 'Shery', 'Jelinek', 'jelinek', NULL, 0, NULL, '+020 91 265 1473', 'shery2@example.com', NULL, NULL, NULL, 0, 1, 0, 0, '2017-10-29 12:12:59', '2017-10-29', '2017-10-29 12:12:59', -1),
(995, NULL, 'Arvilla', 'Rulison', 'rulison', NULL, 0, NULL, '+020 91 667 2991', 'arvilla2@example.com', NULL, NULL, NULL, 0, 1, 0, 0, '2017-10-29 12:12:59', '2017-10-29', '2017-10-29 12:12:59', -1),
(996, NULL, 'Melvina', 'Tewksbury', 'tewksbury', NULL, 0, NULL, '+020 91 380 3003', 'melvina2@example.com', NULL, NULL, NULL, 0, 1, 0, 0, '2017-10-29 12:12:59', '2017-10-29', '2017-10-29 12:12:59', -1),
(997, NULL, 'Doreatha', 'Aldinger', 'aldinger', NULL, 0, NULL, '+020 91 375 4477', 'doreatha2@example.com', NULL, NULL, NULL, 0, 1, 0, 0, '2017-10-29 12:12:59', '2017-10-29', '2017-10-29 12:12:59', -1),
(998, NULL, 'Luella', 'Boos', 'boos', NULL, 0, NULL, '+020 91 087 3826', 'luella2@example.com', NULL, NULL, NULL, 0, 1, 0, 0, '2017-10-29 12:12:59', '2017-10-29', '2017-10-29 12:12:59', -1),
(999, NULL, 'Debbie', 'Gill', 'gill', NULL, 0, NULL, '+020 91 138 2755', 'debbie2@example.com', NULL, NULL, NULL, 0, 1, 0, 0, '2017-10-29 12:12:59', '2017-10-29', '2017-10-29 12:12:59', -1),
(1000, NULL, 'Marg', 'Duet', 'duet', NULL, 0, NULL, '+020 91 885 5625', 'marg2@example.com', NULL, NULL, NULL, 0, 1, 0, 0, '2017-10-29 12:12:59', '2017-10-29', '2017-10-29 12:12:59', -1),
(1001, NULL, 'Veda', 'Cullison', 'cullison', NULL, 0, NULL, '+020 91 276 8112', 'veda2@example.com', NULL, NULL, NULL, 0, 1, 0, 0, '2017-10-29 12:12:59', NULL, '2017-10-29 12:12:59', -1),
(1002, NULL, 'Arnoldo', 'Vrieze', 'vrieze', NULL, 0, NULL, '+020 91 231 5191', 'arnoldo2@example.com', NULL, NULL, NULL, 0, 1, 0, 0, '2017-10-29 12:12:59', '2017-10-29', '2017-10-29 12:12:59', -1),
(1003, NULL, 'Sarina', 'Humble', 'humble', NULL, 0, NULL, '+020 91 903 1431', 'sarina2@example.com', NULL, NULL, NULL, 0, 1, 0, 0, '2017-10-29 12:12:59', '2017-10-29', '2017-10-29 12:12:59', -1),
(1004, NULL, 'Blythe', 'Gipson', 'gipson', NULL, 0, NULL, '+020 91 124 9009', 'blythe2@example.com', NULL, NULL, NULL, 0, 1, 0, 0, '2017-10-29 12:12:59', NULL, '2017-10-29 12:12:59', -1),
(1005, NULL, 'Reynalda', 'Angles', 'angles', NULL, 0, NULL, '+020 91 129 3486', 'reynalda2@example.com', NULL, NULL, NULL, 0, 1, 0, 0, '2017-10-29 12:12:59', '2017-10-29', '2017-10-29 12:12:59', -1),
(1006, NULL, 'Sierra', 'Hageman', 'hageman', NULL, 0, NULL, '+020 91 383 6870', 'sierra2@example.com', NULL, NULL, NULL, 0, 1, 0, 0, '2017-10-29 12:12:59', '2017-10-29', '2017-10-29 12:12:59', -1),
(1007, NULL, 'Shirley', 'Lafave', 'lafave', NULL, 0, NULL, '+020 91 113 5854', 'shirley2@example.com', NULL, NULL, NULL, 0, 1, 0, 0, '2017-10-29 12:12:59', '2017-10-29', '2017-10-29 12:12:59', -1),
(1008, NULL, 'Leisha', 'Akiyama', 'akiyama', NULL, 0, NULL, '+020 91 749 5070', 'leisha2@example.com', NULL, NULL, NULL, 0, 1, 0, 0, '2017-10-29 12:12:59', NULL, '2017-10-29 12:12:59', -1),
(1009, NULL, 'Booker', 'Marx', 'marx', NULL, 0, NULL, '+020 91 184 7051', 'booker2@example.com', NULL, NULL, NULL, 0, 1, 0, 0, '2017-10-29 12:12:59', '2017-10-29', '2017-10-29 12:12:59', -1),
(1010, NULL, 'Colleen', 'Holoman', 'holoman', NULL, 0, NULL, '+020 91 237 4450', 'colleen2@example.com', NULL, NULL, NULL, 0, 1, 0, 0, '2017-10-29 12:12:59', '2017-10-29', '2017-10-29 12:12:59', -1),
(1011, NULL, 'Gabriele', 'Subia', 'subia', NULL, 0, NULL, '+020 91 958 4142', 'gabriele2@example.com', NULL, NULL, NULL, 0, 1, 0, 0, '2017-10-29 12:12:59', '2017-10-29', '2017-10-29 12:12:59', -1),
(1012, NULL, 'Marilee', 'Schenk', 'schenk', NULL, 0, NULL, '+020 91 655 5735', 'marilee2@example.com', NULL, NULL, NULL, 0, 1, 0, 0, '2017-10-29 12:12:59', '2017-10-29', '2017-10-29 12:12:59', -1),
(1013, NULL, 'Jess', 'Meints', 'meints', NULL, 0, NULL, '+020 91 915 8483', 'jess2@example.com', NULL, NULL, NULL, 0, 1, 0, 0, '2017-10-29 12:12:59', '2017-10-29', '2017-10-29 12:12:59', -1),
(1014, NULL, 'Mercy', 'Calder', 'calder', NULL, 0, NULL, '+020 91 997 0803', 'mercy2@example.com', NULL, NULL, NULL, 0, 1, 0, 0, '2017-10-29 12:12:59', '2017-10-29', '2017-10-29 12:12:59', -1),
(1015, NULL, 'Ty', 'Crichton', 'crichton', NULL, 0, NULL, '+020 91 052 5459', 'ty2@example.com', NULL, NULL, NULL, 0, 1, 0, 0, '2017-10-29 12:12:59', '2017-10-29', '2017-10-29 12:12:59', -1),
(1016, NULL, 'Marguerita', 'Kubacki', 'kubacki', NULL, 0, NULL, '+020 91 652 2932', 'marguerita2@example.com', NULL, NULL, NULL, 0, 1, 0, 0, '2017-10-29 12:12:59', '2017-10-29', '2017-10-29 12:12:59', -1),
(1017, NULL, 'Delila', 'Durrant', 'durrant', NULL, 0, NULL, '+020 91 917 5817', 'delila2@example.com', NULL, NULL, NULL, 0, 1, 0, 0, '2017-10-29 12:12:59', '2017-10-29', '2017-10-29 12:12:59', -1),
(1018, NULL, 'Dolores', 'Seavey', 'seavey', NULL, 0, NULL, '+020 91 384 5330', 'dolores2@example.com', NULL, NULL, NULL, 0, 1, 0, 0, '2017-10-29 12:12:59', '2017-10-29', '2017-10-29 12:12:59', -1),
(1019, NULL, 'Chanda', 'Toman', 'toman', NULL, 0, NULL, '+020 91 100 6228', 'chanda2@example.com', NULL, NULL, NULL, 0, 1, 0, 0, '2017-10-29 12:12:59', '2017-10-29', '2017-10-29 12:12:59', -1),
(1020, NULL, 'Tiny', 'Uhrig', 'uhrig', NULL, 0, NULL, '+020 91 861 1932', 'tiny2@example.com', NULL, NULL, NULL, 0, 1, 0, 0, '2017-10-29 12:12:59', '2017-10-29', '2017-10-29 12:12:59', -1),
(1021, NULL, 'Sook', 'Honda', 'honda', NULL, 0, NULL, '+020 91 200 4734', 'sook2@example.com', NULL, NULL, NULL, 0, 1, 0, 0, '2017-10-29 12:12:59', '2017-10-29', '2017-10-29 12:12:59', -1),
(1022, NULL, 'Carmelia', 'Alston', 'alston', NULL, 0, NULL, '+020 91 910 0776', 'carmelia2@example.com', NULL, NULL, NULL, 0, 1, 0, 0, '2017-10-29 12:12:59', '2017-10-29', '2017-10-29 12:12:59', -1),
(1023, NULL, 'Felica', 'Denardo', 'denardo', NULL, 0, NULL, '+020 91 987 7566', 'felica2@example.com', NULL, NULL, NULL, 0, 1, 0, 0, '2017-10-29 12:12:59', '2017-10-29', '2017-10-29 12:12:59', -1),
(1024, NULL, 'Troy', 'Bauch', 'bauch', NULL, 0, NULL, '+020 91 460 6645', 'troy2@example.com', NULL, NULL, NULL, 0, 1, 0, 0, '2017-10-29 12:12:59', '2017-10-29', '2017-10-29 12:12:59', -1),
(1025, NULL, 'Scotty', 'Kridler', 'kridler', NULL, 0, NULL, '+020 91 270 6036', 'scotty2@example.com', NULL, NULL, NULL, 0, 1, 0, 0, '2017-10-29 12:12:59', '2017-10-29', '2017-10-29 12:12:59', -1),
(1026, NULL, 'Jarred', 'Papa', 'papa', NULL, 0, NULL, '+020 91 860 9990', 'jarred2@example.com', NULL, NULL, NULL, 0, 1, 0, 0, '2017-10-29 12:12:59', '2017-10-29', '2017-10-29 12:12:59', -1),
(1027, NULL, 'Lavonna', 'Aguon', 'aguon', NULL, 0, NULL, '+020 91 826 8568', 'lavonna2@example.com', NULL, NULL, NULL, 0, 1, 0, 0, '2017-10-29 12:12:59', '2017-10-29', '2017-10-29 12:12:59', -1),
(1028, NULL, 'Deshawn', 'Eisenbarth', 'eisenbarth', NULL, 0, NULL, '+020 91 080 6019', 'deshawn2@example.com', NULL, NULL, NULL, 0, 1, 0, 0, '2017-10-29 12:12:59', '2017-10-29', '2017-10-29 12:12:59', -1),
(1029, NULL, 'Kate', 'Strey', 'strey', NULL, 0, NULL, '+020 91 730 3412', 'kate2@example.com', NULL, NULL, NULL, 0, 1, 0, 0, '2017-10-29 12:12:59', '2017-10-29', '2017-10-29 12:12:59', -1),
(1030, NULL, 'Asia', 'Wickens', 'wickens', NULL, 0, NULL, '+020 91 825 4183', 'asia2@example.com', NULL, NULL, NULL, 0, 1, 0, 0, '2017-10-29 12:12:59', NULL, '2017-10-29 12:12:59', -1),
(1031, NULL, 'Dylan', 'Dean', 'dean', NULL, 0, NULL, '+020 91 991 5448', 'dylan2@example.com', NULL, NULL, NULL, 0, 1, 0, 0, '2017-10-29 12:12:59', '2017-10-29', '2017-10-29 12:12:59', -1),
(1032, NULL, 'Tova', 'Clyde', 'clyde', NULL, 0, NULL, '+020 91 795 0986', 'tova2@example.com', NULL, NULL, NULL, 0, 1, 0, 0, '2017-10-29 12:12:59', '2017-10-29', '2017-10-29 12:12:59', -1),
(1033, NULL, 'Roselyn', 'Mcatee', 'atee', NULL, 0, NULL, '+020 91 255 2783', 'roselyn2@example.com', NULL, NULL, NULL, 0, 1, 0, 0, '2017-10-29 12:12:59', '2017-10-29', '2017-10-29 12:12:59', -1),
(1034, NULL, 'Fletcher', 'Freeberg', 'freeberg', NULL, 0, NULL, '+020 91 734 2392', 'fletcher2@example.com', NULL, NULL, NULL, 0, 1, 0, 0, '2017-10-29 12:12:59', '2017-10-29', '2017-10-29 12:12:59', -1),
(1035, NULL, 'Evelina', 'Legere', 'legere', NULL, 0, NULL, '+020 91 822 5204', 'evelina2@example.com', NULL, NULL, NULL, 0, 1, 0, 0, '2017-10-29 12:12:59', NULL, '2017-10-29 12:12:59', -1),
(1036, NULL, 'Jina', 'Sauders', 'sauders', NULL, 0, NULL, '+020 91 340 2389', 'jina2@example.com', NULL, NULL, NULL, 0, 1, 0, 0, '2017-10-29 12:12:59', '2017-10-29', '2017-10-29 12:12:59', -1),
(1037, NULL, 'Andy', 'Marrs', 'marrs', NULL, 0, NULL, '+020 91 618 6386', 'andy2@example.com', NULL, NULL, NULL, 0, 1, 0, 0, '2017-10-29 12:12:59', '2017-10-29', '2017-10-29 12:12:59', -1),
(1038, NULL, 'Lucio', 'Bianchi', 'bianchi', NULL, 0, NULL, '+020 91 772 0514', 'lucio2@example.com', NULL, NULL, NULL, 0, 1, 0, 0, '2017-10-29 12:12:59', '2017-10-29', '2017-10-29 12:12:59', -1),
(1039, NULL, 'Isidra', 'Stetler', 'stetler', NULL, 0, NULL, '+020 91 617 1283', 'isidra2@example.com', NULL, NULL, NULL, 0, 1, 0, 0, '2017-10-29 12:12:59', '2017-10-29', '2017-10-29 12:12:59', -1),
(1040, NULL, 'Frederica', 'Caylor', 'caylor', NULL, 0, NULL, '+020 91 926 4989', 'frederica2@example.com', NULL, NULL, NULL, 0, 1, 0, 0, '2017-10-29 12:12:59', '2017-10-29', '2017-10-29 12:12:59', -1),
(1041, NULL, 'Maryann', 'Poll', 'poll', NULL, 0, NULL, '+020 91 231 4195', 'maryann2@example.com', NULL, NULL, NULL, 0, 1, 0, 0, '2017-10-29 12:12:59', '2017-10-29', '2017-10-29 12:12:59', -1),
(1042, NULL, 'Ezequiel', 'Boyd', 'boyd', NULL, 0, NULL, '+020 91 282 9952', 'ezequiel2@example.com', NULL, NULL, NULL, 0, 1, 0, 0, '2017-10-29 12:12:59', '2017-10-29', '2017-10-29 12:12:59', -1),
(1043, NULL, 'Alvera', 'Lancon', 'lancon', NULL, 0, NULL, '+020 91 836 1402', 'alvera2@example.com', NULL, NULL, NULL, 0, 1, 0, 0, '2017-10-29 12:12:59', '2017-10-29', '2017-10-29 12:12:59', -1),
(1044, NULL, 'Hassan', 'Mauro', 'mauro', NULL, 0, NULL, '+020 91 234 7112', 'hassan2@example.com', NULL, NULL, NULL, 0, 1, 0, 0, '2017-10-29 12:12:59', '2017-10-29', '2017-10-29 12:12:59', -1),
(1045, NULL, 'Bobette', 'Dufour', 'dufour', NULL, 0, NULL, '+020 91 215 4088', 'bobette2@example.com', NULL, NULL, NULL, 0, 1, 0, 0, '2017-10-29 12:12:59', '2017-10-29', '2017-10-29 12:12:59', -1),
(1046, NULL, 'Kurtis', 'Lester', 'lester', NULL, 0, NULL, '+020 91 948 3900', 'kurtis2@example.com', NULL, NULL, NULL, 0, 1, 0, 0, '2017-10-29 12:12:59', '2017-10-29', '2017-10-29 12:12:59', -1),
(1047, NULL, 'Miyoko', 'Janicki', 'janicki', NULL, 0, NULL, '+020 91 769 0916', 'miyoko2@example.com', NULL, NULL, NULL, 0, 1, 0, 0, '2017-10-29 12:12:59', '2017-10-29', '2017-10-29 12:12:59', -1),
(1048, NULL, 'Detra', 'Doyle', 'doyle', NULL, 0, NULL, '+020 91 866 4694', 'detra2@example.com', NULL, NULL, NULL, 0, 1, 0, 0, '2017-10-29 12:12:59', '2017-10-29', '2017-10-29 12:12:59', -1),
(1049, NULL, 'Helen', 'Weisbrod', 'weisbrod', NULL, 0, NULL, '+020 91 042 1427', 'helen2@example.com', NULL, NULL, NULL, 0, 1, 0, 0, '2017-10-29 12:12:59', '2017-10-29', '2017-10-29 12:12:59', -1),
(1050, NULL, 'Prince', 'Saliba', 'saliba', NULL, 0, NULL, '+020 91 901 0585', 'prince2@example.com', NULL, NULL, NULL, 0, 1, 0, 0, '2017-10-29 12:12:59', '2017-10-29', '2017-10-29 12:12:59', -1),
(1051, NULL, 'Vernia', 'Thong', 'thong', NULL, 0, NULL, '+020 91 821 3370', 'vernia2@example.com', NULL, NULL, NULL, 0, 1, 0, 0, '2017-10-29 12:12:59', '2017-10-29', '2017-10-29 12:12:59', -1),
(1052, NULL, 'Dell', 'Hewett', 'hewett', NULL, 0, NULL, '+020 91 812 0951', 'dell2@example.com', NULL, NULL, NULL, 0, 1, 0, 0, '2017-10-29 12:12:59', NULL, '2017-10-29 12:12:59', -1),
(1053, NULL, 'Sima', 'Cushenberry', 'cushenberry', NULL, 0, NULL, '+020 91 264 3774', 'sima2@example.com', NULL, NULL, NULL, 0, 1, 0, 0, '2017-10-29 12:12:59', '2017-10-29', '2017-10-29 12:12:59', -1),
(1054, NULL, 'Porter', 'Meurer', 'meurer', NULL, 0, NULL, '+020 91 175 5840', 'porter2@example.com', NULL, NULL, NULL, 0, 1, 0, 0, '2017-10-29 12:12:59', '2017-10-29', '2017-10-29 12:12:59', -1),
(1055, NULL, 'Nicolette', 'Bumpus', 'bumpus', NULL, 0, NULL, '+020 91 227 0848', 'nicolette2@example.com', NULL, NULL, NULL, 0, 1, 0, 0, '2017-10-29 12:12:59', '2017-10-29', '2017-10-29 12:12:59', -1),
(1056, NULL, 'Wilfred', 'Mcroy', 'roy', NULL, 0, NULL, '+020 91 669 7461', 'wilfred2@example.com', NULL, NULL, NULL, 0, 1, 0, 0, '2017-10-29 12:12:59', '2017-10-29', '2017-10-29 12:12:59', -1),
(1057, NULL, 'Rossana', 'Rowsey', 'rowsey', NULL, 0, NULL, '+020 91 616 8002', 'rossana2@example.com', NULL, NULL, NULL, 0, 1, 0, 0, '2017-10-29 12:12:59', '2017-10-29', '2017-10-29 12:12:59', -1),
(1058, NULL, 'Fabian', 'Mcgrane', 'grane', NULL, 0, NULL, '+020 91 133 7414', 'fabian2@example.com', NULL, NULL, NULL, 0, 1, 0, 0, '2017-10-29 12:12:59', '2017-10-29', '2017-10-29 12:12:59', -1),
(1059, NULL, 'Isabell', 'Gran', 'gran', NULL, 0, NULL, '+020 91 865 3393', 'isabell2@example.com', NULL, NULL, NULL, 0, 1, 0, 0, '2017-10-29 12:12:59', '2017-10-29', '2017-10-29 12:12:59', -1),
(1060, NULL, 'Rosella', 'Sheehan', 'sheehan', NULL, 0, NULL, '+020 91 964 5632', 'rosella2@example.com', NULL, NULL, NULL, 0, 1, 0, 0, '2017-10-29 12:12:59', '2017-10-29', '2017-10-29 12:12:59', -1),
(1061, NULL, 'Kassandra', 'Agrawal', 'agrawal', NULL, 0, NULL, '+020 91 698 3908', 'kassandra2@example.com', NULL, NULL, NULL, 0, 1, 0, 0, '2017-10-29 12:12:59', NULL, '2017-10-29 12:12:59', -1),
(1062, NULL, 'Claud', 'Radney', 'radney', NULL, 0, NULL, '+020 91 824 5501', 'claud2@example.com', NULL, NULL, NULL, 0, 1, 0, 0, '2017-10-29 12:12:59', '2017-10-29', '2017-10-29 12:12:59', -1),
(1063, NULL, 'Shane', 'Vanorden', 'vanorden', NULL, 0, NULL, '+020 91 832 8215', 'shane2@example.com', NULL, NULL, NULL, 0, 1, 0, 0, '2017-10-29 12:12:59', '2017-10-29', '2017-10-29 12:12:59', -1),
(1064, NULL, 'Dinorah', 'Snellgrove', 'snellgrove', NULL, 0, NULL, '+020 91 268 9742', 'dinorah2@example.com', NULL, NULL, NULL, 0, 1, 0, 0, '2017-10-29 12:12:59', '2017-10-29', '2017-10-29 12:12:59', -1),
(1065, NULL, 'Sybil', 'Finck', 'finck', NULL, 0, NULL, '+020 91 922 5159', 'sybil2@example.com', NULL, NULL, NULL, 0, 1, 0, 0, '2017-10-29 12:12:59', '2017-10-29', '2017-10-29 12:12:59', -1),
(1066, NULL, 'Aida', 'Brissette', 'brissette', NULL, 0, NULL, '+020 91 216 9846', 'aida2@example.com', NULL, NULL, NULL, 0, 1, 0, 0, '2017-10-29 12:12:59', '2017-10-29', '2017-10-29 12:12:59', -1),
(1067, NULL, 'Yong', 'Rivera', 'rivera', NULL, 0, NULL, '+020 91 745 5170', 'yong2@example.com', NULL, NULL, NULL, 0, 1, 0, 0, '2017-10-29 12:12:59', '2017-10-29', '2017-10-29 12:12:59', -1),
(1068, NULL, 'Adelaida', 'Eason', 'eason', NULL, 0, NULL, '+020 91 821 5280', 'adelaida2@example.com', NULL, NULL, NULL, 0, 1, 0, 0, '2017-10-29 12:12:59', '2017-10-29', '2017-10-29 12:12:59', -1),
(1069, NULL, 'Lovetta', 'Stodola', 'stodola', NULL, 0, NULL, '+020 91 190 8411', 'lovetta2@example.com', NULL, NULL, NULL, 0, 1, 0, 0, '2017-10-29 12:12:59', '2017-10-29', '2017-10-29 12:12:59', -1),
(1070, NULL, 'Stefan', 'Jamieson', 'jamieson', NULL, 0, NULL, '+020 91 440 2439', 'stefan2@example.com', NULL, NULL, NULL, 0, 1, 0, 0, '2017-10-29 12:12:59', '2017-10-29', '2017-10-29 12:12:59', -1),
(1071, NULL, 'Leslee', 'Overcash', 'vercash', NULL, 0, NULL, '+020 91 849 6787', 'leslee2@example.com', NULL, NULL, NULL, 0, 1, 0, 0, '2017-10-29 12:12:59', '2017-10-29', '2017-10-29 12:12:59', -1),
(1072, NULL, 'Caren', 'Hollen', 'hollen', NULL, 0, NULL, '+020 91 332 9032', 'caren2@example.com', NULL, NULL, NULL, 0, 1, 0, 0, '2017-10-29 12:12:59', '2017-10-29', '2017-10-29 12:12:59', -1),
(1073, NULL, 'Audrie', 'Bal', 'bal', NULL, 0, NULL, '+020 91 993 4742', 'audrie2@example.com', NULL, NULL, NULL, 0, 1, 0, 0, '2017-10-29 12:12:59', '2017-10-29', '2017-10-29 12:12:59', -1),
(1074, NULL, 'Ta', 'Delpozo', 'delpozo', NULL, 0, NULL, '+020 91 202 3843', 'ta2@example.com', NULL, NULL, NULL, 0, 1, 0, 0, '2017-10-29 12:12:59', '2017-10-29', '2017-10-29 12:12:59', -1),
(1075, NULL, 'Tinisha', 'Dostal', 'dostal', NULL, 0, NULL, '+020 91 845 1816', 'tinisha2@example.com', NULL, NULL, NULL, 0, 1, 0, 0, '2017-10-29 12:12:59', '2017-10-29', '2017-10-29 12:12:59', -1),
(1076, NULL, 'Kathi', 'Fraga', 'fraga', NULL, 0, NULL, '+020 91 386 0796', 'kathi2@example.com', NULL, NULL, NULL, 0, 1, 0, 0, '2017-10-29 12:12:59', '2017-10-29', '2017-10-29 12:12:59', -1),
(1077, NULL, 'Darcie', 'Coppa', 'coppa', NULL, 0, NULL, '+020 91 354 4200', 'darcie2@example.com', NULL, NULL, NULL, 0, 1, 0, 0, '2017-10-29 12:12:59', '2017-10-29', '2017-10-29 12:12:59', -1),
(1078, NULL, 'Kelsie', 'Weatherby', 'weatherby', NULL, 0, NULL, '+020 91 175 9245', 'kelsie2@example.com', NULL, NULL, NULL, 0, 1, 0, 0, '2017-10-29 12:12:59', '2017-10-29', '2017-10-29 12:12:59', -1),
(1079, NULL, 'Carisa', 'Behrendt', 'behrendt', NULL, 0, NULL, '+020 91 837 1952', 'carisa2@example.com', NULL, NULL, NULL, 0, 1, 0, 0, '2017-10-29 12:12:59', '2017-10-29', '2017-10-29 12:12:59', -1),
(1080, NULL, 'Augusta', 'Barham', 'barham', NULL, 0, NULL, '+020 91 833 4333', 'augusta2@example.com', NULL, NULL, NULL, 0, 1, 0, 0, '2017-10-29 12:12:59', '2017-10-29', '2017-10-29 12:12:59', -1),
(1081, NULL, 'Sharmaine', 'Heckel', 'heckel', NULL, 0, NULL, '+020 91 900 6160', 'sharmaine2@example.com', NULL, NULL, NULL, 0, 1, 0, 0, '2017-10-29 12:12:59', '2017-10-29', '2017-10-29 12:12:59', -1),
(1082, NULL, 'Ghislaine', 'Backhaus', 'backhaus', NULL, 0, NULL, '+020 91 809 2005', 'ghislaine2@example.com', NULL, NULL, NULL, 0, 1, 0, 0, '2017-10-29 12:12:59', '2017-10-29', '2017-10-29 12:12:59', -1),
(1083, NULL, 'Pamala', 'Minarik', 'minarik', NULL, 0, NULL, '+020 91 814 2360', 'pamala2@example.com', NULL, NULL, NULL, 0, 1, 0, 0, '2017-10-29 12:12:59', '2017-10-29', '2017-10-29 12:12:59', -1),
(1084, NULL, 'Margurite', 'Lukasik', 'lukasik', NULL, 0, NULL, '+020 91 446 0139', 'margurite2@example.com', NULL, NULL, NULL, 0, 1, 0, 0, '2017-10-29 12:12:59', '2017-10-29', '2017-10-29 12:12:59', -1),
(1085, NULL, 'Arnetta', 'Buchanan', 'buchanan', NULL, 0, NULL, '+020 91 628 0846', 'arnetta2@example.com', NULL, NULL, NULL, 0, 1, 0, 0, '2017-10-29 12:12:59', '2017-10-29', '2017-10-29 12:12:59', -1),
(1086, NULL, 'Shae', 'Walther', 'walther', NULL, 0, NULL, '+020 91 852 0345', 'shae2@example.com', NULL, NULL, NULL, 0, 1, 0, 0, '2017-10-29 12:12:59', '2017-10-29', '2017-10-29 12:12:59', -1),
(1087, NULL, 'Ethelene', 'Caffrey', 'caffrey', NULL, 0, NULL, '+020 91 758 0731', 'ethelene2@example.com', NULL, NULL, NULL, 0, 1, 0, 0, '2017-10-29 12:12:59', '2017-10-29', '2017-10-29 12:12:59', -1),
(1088, NULL, 'Johnsie', 'Ludden', 'ludden', NULL, 0, NULL, '+020 91 063 7704', 'johnsie2@example.com', NULL, NULL, NULL, 0, 1, 0, 0, '2017-10-29 12:12:59', '2017-10-29', '2017-10-29 12:12:59', -1),
(1089, NULL, 'Mildred', 'Nations', 'nations', NULL, 0, NULL, '+020 91 257 0395', 'mildred2@example.com', NULL, NULL, NULL, 0, 1, 0, 0, '2017-10-29 12:12:59', '2017-10-29', '2017-10-29 12:12:59', -1),
(1090, NULL, 'Joelle', 'Orloff', 'rloff', NULL, 0, NULL, '+020 91 740 0670', 'joelle2@example.com', NULL, NULL, NULL, 0, 1, 0, 0, '2017-10-29 12:12:59', '2017-10-29', '2017-10-29 12:12:59', -1),
(1091, NULL, 'Delta', 'Minich', 'minich', NULL, 0, NULL, '+020 91 243 1484', 'delta2@example.com', NULL, NULL, NULL, 0, 1, 0, 0, '2017-10-29 12:12:59', '2017-10-29', '2017-10-29 12:12:59', -1),
(1092, NULL, 'Aiko', 'Vollmer', 'vollmer', NULL, 0, NULL, '+020 91 358 3524', 'aiko2@example.com', NULL, NULL, NULL, 0, 1, 0, 0, '2017-10-29 12:12:59', '2017-10-29', '2017-10-29 12:12:59', -1),
(1093, NULL, 'Brett', 'Cannon', 'cannon', NULL, 0, NULL, '+020 91 074 2415', 'brett2@example.com', NULL, NULL, NULL, 0, 1, 0, 0, '2017-10-29 12:12:59', '2017-10-29', '2017-10-29 12:12:59', -1),
(1094, NULL, 'Lesley', 'Hyneman', 'hyneman', NULL, 0, NULL, '+020 91 247 7274', 'lesley2@example.com', NULL, NULL, NULL, 0, 1, 0, 0, '2017-10-29 12:12:59', '2017-10-29', '2017-10-29 12:12:59', -1),
(1095, NULL, 'Marlon', 'Moats', 'moats', NULL, 0, NULL, '+020 91 235 7456', 'marlon2@example.com', NULL, NULL, NULL, 0, 1, 0, 0, '2017-10-29 12:12:59', '2017-10-29', '2017-10-29 12:12:59', -1),
(1096, NULL, 'Lisabeth', 'People', 'people', NULL, 0, NULL, '+020 91 870 2644', 'lisabeth2@example.com', NULL, NULL, NULL, 0, 1, 0, 0, '2017-10-29 12:12:59', '2017-10-29', '2017-10-29 12:12:59', -1),
(1097, NULL, 'Gaynell', 'Blumer', 'blumer', NULL, 0, NULL, '+020 91 821 0682', 'gaynell2@example.com', NULL, NULL, NULL, 0, 1, 0, 0, '2017-10-29 12:12:59', '2017-10-29', '2017-10-29 12:12:59', -1),
(1098, NULL, 'Mee', 'Zobel', 'zobel', NULL, 0, NULL, '+020 91 806 0388', 'mee2@example.com', NULL, NULL, NULL, 0, 1, 0, 0, '2017-10-29 12:12:59', '2017-10-29', '2017-10-29 12:12:59', -1),
(1099, NULL, 'Laila', 'Ridinger', 'ridinger', NULL, 0, NULL, '+020 91 823 1871', 'laila2@example.com', NULL, NULL, NULL, 0, 1, 0, 0, '2017-10-29 12:12:59', '2017-10-29', '2017-10-29 12:12:59', -1),
(1100, NULL, 'Bernita', 'Lockridge', 'lockridge', NULL, 0, NULL, '+020 91 431 4059', 'bernita2@example.com', NULL, NULL, NULL, 0, 1, 0, 0, '2017-10-29 12:12:59', '2017-10-29', '2017-10-29 12:12:59', -1),
(1102, 1527, 'Vania', 'Bock', 'bock', 'Ms Bock', 8, NULL, '+020 91 382 8484', 'vania2@example.com', NULL, NULL, NULL, 1, 0, 0, 1, '2017-12-05 00:00:00', NULL, '2017-12-05 00:00:00', -1),
(1103, 1528, 'Milan', 'Munroe', 'munroe', 'Ms Munroe', 8, NULL, '+020 91 928 6533', 'milan2@example.com', NULL, NULL, NULL, 1, 0, 0, 1, '2017-12-05 00:00:00', NULL, '2017-12-05 00:00:00', -1),
(1104, 1526, 'Terra', 'Man', 'man', 'Ms Man', 8, NULL, '+020 91 609 1968', 'terra2@example.com', NULL, NULL, NULL, 1, 0, 0, 1, '2017-12-05 00:00:00', NULL, '2017-12-05 00:00:00', -1),
(1105, 1937, 'Casie', 'Pinckard', 'pinckard', 'Ms Pinckard', 8, NULL, '+020 91 919 2584', NULL, NULL, NULL, NULL, 1, 0, 0, 1, '2017-12-05 00:00:00', NULL, '2017-12-05 00:00:00', -1),
(1106, 1531, 'Olevia', 'Champlin', 'champlin', 'Ms Champlin', 8, NULL, '+020 91 767 1284', 'olevia2@example.com', NULL, NULL, NULL, 1, 0, 0, 1, '2017-12-05 00:00:00', NULL, '2017-12-05 00:00:00', -1),
(1107, 1529, 'Serina', 'Bulloch', 'bulloch', 'Ms Bulloch', 8, NULL, '+020 91 284 4970', 'serina2@example.com', NULL, NULL, NULL, 1, 0, 0, 1, '2017-12-05 00:00:00', NULL, '2017-12-05 00:00:00', -1),
(1108, 1530, 'Lynne', 'Mannix', 'mannix', 'Ms Mannix', 8, NULL, '+020 91 994 5878', 'lynne2@example.com', NULL, NULL, NULL, 1, 0, 0, 1, '2017-12-05 00:00:00', NULL, '2017-12-05 00:00:00', -1);

-- --------------------------------------------------------

--
-- Table structure for table `prm_country`
--

CREATE TABLE `prm_country` (
  `id` int(10) UNSIGNED NOT NULL,
  `title` varchar(100) COLLATE utf8_bin NOT NULL,
  `pod_restrained` tinyint(1) UNSIGNED NOT NULL DEFAULT '0',
  `parent_id` int(10) UNSIGNED DEFAULT NULL,
  `attribute` tinytext CHARACTER SET latin1 COLLATE latin1_bin,
  `weight` tinyint(4) UNSIGNED NOT NULL DEFAULT '0',
  `active` tinyint(1) UNSIGNED NOT NULL DEFAULT '1',
  `updated` datetime NOT NULL,
  `updated_by` int(11) NOT NULL
) ENGINE=InnoDB DEFAULT CHARSET=utf8 COLLATE=utf8_bin;

--
-- Dumping data for table `prm_country`
--

INSERT INTO `prm_country` (`id`, `title`, `pod_restrained`, `parent_id`, `attribute`, `weight`, `active`, `updated`, `updated_by`) VALUES
(4, 'Afghanistan', 1, NULL, 'AF', 0, 0, '2017-07-10 16:17:17', 0),
(8, 'Albania', 1, NULL, 'AL', 0, 0, '2017-07-10 16:17:17', 0),
(12, 'Algeria', 1, NULL, 'DZ', 0, 0, '2017-07-10 16:17:17', 0),
(20, 'Andorra', 1, NULL, 'AD', 0, 0, '2017-07-10 16:17:17', 0),
(24, 'Angola', 1, NULL, 'AO', 0, 0, '2017-07-10 16:17:17', 0),
(28, 'Antigua And Barbuda', 1, NULL, 'AG', 0, 0, '2017-07-10 16:17:17', 0),
(32, 'Argentina', 1, NULL, 'AR', 0, 0, '2017-07-10 16:17:17', 0),
(34, 'Armenia', 1, NULL, 'AM', 0, 0, '2017-07-10 16:17:17', 0),
(36, 'Australia', 1, NULL, 'AU', 0, 0, '2017-07-10 16:17:17', 0),
(38, 'Azerbaijan', 1, NULL, 'AZ', 0, 0, '2017-07-10 16:17:17', 0),
(40, 'Austria', 1, NULL, 'AT', 0, 0, '2017-07-10 16:17:17', 0),
(44, 'Bahamas, The', 1, NULL, 'BS', 0, 0, '2017-07-10 16:17:17', 0),
(48, 'Bahrain', 1, NULL, 'BH', 0, 0, '2017-07-10 16:17:17', 0),
(50, 'Bangladesh', 1, NULL, 'BD', 0, 0, '2017-07-10 16:17:17', 0),
(52, 'Barbados', 1, NULL, 'BB', 0, 0, '2017-07-10 16:17:17', 0),
(56, 'Belgium', 1, NULL, 'BE', 4, 1, '2017-07-10 16:19:01', 0),
(57, 'Bosnia And Herzegovina', 1, NULL, 'BA', 0, 0, '2017-07-10 16:17:17', 0),
(58, 'Belize', 1, NULL, 'BZ', 0, 0, '2017-07-10 16:17:17', 0),
(64, 'Bhutan', 1, NULL, 'BT', 0, 0, '2017-07-10 16:17:17', 0),
(68, 'Bolivia', 1, NULL, 'BO', 0, 0, '2017-07-10 16:17:17', 0),
(72, 'Botswana', 1, NULL, 'BW', 0, 0, '2017-07-10 16:17:17', 0),
(76, 'Brazil', 1, NULL, 'BR', 5, 1, '2017-07-10 16:19:01', 0),
(96, 'Brunei Darussalam', 1, NULL, 'BN', 0, 0, '2017-07-10 16:17:17', 0),
(100, 'Bulgaria', 1, NULL, 'BG', 0, 0, '2017-07-10 16:17:17', 0),
(102, 'Croatia', 1, NULL, 'HR', 0, 0, '2017-07-10 16:17:17', 0),
(104, 'Myanmar (Burma)', 1, NULL, 'MM', 0, 0, '2017-07-10 16:17:17', 0),
(108, 'Burundi', 1, NULL, 'BI', 0, 0, '2017-07-10 16:17:17', 0),
(120, 'Cameroon', 1, NULL, 'CM', 0, 0, '2017-07-10 16:17:17', 0),
(124, 'Canada', 1, NULL, 'CA', 0, 0, '2017-07-10 16:17:17', 0),
(132, 'Cape Verde', 1, NULL, 'CV', 0, 0, '2017-07-10 16:17:17', 0),
(140, 'Central African Republic', 1, NULL, 'CF', 0, 0, '2017-07-10 16:17:17', 0),
(148, 'Chad', 1, NULL, 'TD', 0, 0, '2017-07-10 16:17:17', 0),
(152, 'Chile', 1, NULL, 'CL', 0, 0, '2017-07-10 16:17:17', 0),
(156, 'China', 1, NULL, 'CN', 0, 0, '2017-07-10 16:17:17', 0),
(170, 'Colombia', 1, NULL, 'CO', 0, 0, '2017-07-10 16:17:17', 0),
(174, 'Comoros', 1, NULL, 'KM', 0, 0, '2017-07-10 16:17:17', 0),
(178, 'Congo, Republic Of The', 1, NULL, 'CG', 0, 0, '2017-07-10 16:17:17', 0),
(188, 'Costa Rica', 1, NULL, 'CR', 0, 0, '2017-07-10 16:17:17', 0),
(192, 'Cuba', 1, NULL, 'CU', 0, 0, '2017-07-10 16:17:17', 0),
(196, 'Cyprus', 1, NULL, 'CY', 0, 0, '2017-07-10 16:17:17', 0),
(202, 'Czech Republic', 1, NULL, 'CZ', 0, 0, '2017-07-10 16:17:17', 0),
(204, 'Benin', 1, NULL, 'BJ', 0, 0, '2017-07-10 16:17:17', 0),
(208, 'Denmark', 1, NULL, 'DK', 0, 0, '2017-07-10 16:17:17', 0),
(212, 'Dominica', 1, NULL, 'DM', 0, 0, '2017-07-10 16:17:17', 0),
(214, 'Dominican Republic', 1, NULL, 'DO', 0, 0, '2017-07-10 16:17:17', 0),
(218, 'Ecuador', 1, NULL, 'EC', 0, 0, '2017-07-10 16:17:17', 0),
(220, 'Egypt', 1, NULL, 'EG', 0, 0, '2017-07-10 16:17:17', 0),
(222, 'El Salvador', 1, NULL, 'SV', 0, 0, '2017-07-10 16:17:17', 0),
(226, 'Equatorial Guinea', 1, NULL, 'GQ', 0, 0, '2017-07-10 16:17:17', 0),
(227, 'Eritrea', 1, NULL, 'ER', 0, 0, '2017-07-10 16:17:17', 0),
(228, 'Estonia', 1, NULL, 'EE', 0, 0, '2017-07-10 16:17:17', 0),
(230, 'Ethiopia', 1, NULL, 'ET', 0, 0, '2017-07-10 16:17:17', 0),
(242, 'Fiji', 1, NULL, 'FJ', 0, 0, '2017-07-10 16:17:17', 0),
(246, 'Finland', 1, NULL, 'FI', 0, 0, '2017-07-10 16:17:17', 0),
(250, 'France', 1, NULL, 'FR', 4, 1, '2017-07-10 16:19:01', 0),
(262, 'Djibouti', 1, NULL, 'DJ', 0, 0, '2017-07-10 16:17:17', 0),
(266, 'Gabon', 1, NULL, 'GA', 0, 0, '2017-07-10 16:17:17', 0),
(270, 'Gambia', 1, NULL, 'GM', 0, 0, '2017-07-10 16:17:17', 0),
(272, 'Georgia', 1, NULL, 'GE', 0, 0, '2017-07-10 16:17:17', 0),
(280, 'Germany, Federal Republic Of', 1, NULL, 'DE', 4, 1, '2017-07-10 16:19:01', 0),
(288, 'Ghana', 1, NULL, 'GH', 0, 0, '2017-07-10 16:17:17', 0),
(300, 'Greece', 1, NULL, 'GR', 0, 0, '2017-07-10 16:17:17', 0),
(308, 'Grenada', 1, NULL, 'GD', 0, 0, '2017-07-10 16:17:17', 0),
(320, 'Guatemala', 1, NULL, 'GT', 0, 0, '2017-07-10 16:17:17', 0),
(324, 'Guinea', 1, NULL, 'GN', 0, 0, '2017-07-10 16:17:17', 0),
(328, 'Guyana', 1, NULL, 'GY', 0, 0, '2017-07-10 16:17:17', 0),
(332, 'Haiti', 1, NULL, 'HT', 0, 0, '2017-07-10 16:17:17', 0),
(336, 'Vatican City State', 1, NULL, 'VA', 0, 0, '2017-07-10 16:17:17', 0),
(340, 'Honduras', 1, NULL, 'HN', 0, 0, '2017-07-10 16:17:17', 0),
(348, 'Hungary', 1, NULL, 'HU', 0, 0, '2017-07-10 16:17:17', 0),
(352, 'Iceland', 1, NULL, 'IS', 0, 0, '2017-07-10 16:17:17', 0),
(356, 'India', 1, NULL, 'IN', 0, 0, '2017-07-10 16:17:17', 0),
(360, 'Indonesia', 1, NULL, 'ID', 0, 0, '2017-07-10 16:17:17', 0),
(364, 'Iran (Islamic Rep. Of)', 1, NULL, 'IR', 0, 0, '2017-07-10 16:17:17', 0),
(368, 'Iraq', 1, NULL, 'IQ', 0, 0, '2017-07-10 16:17:17', 0),
(372, 'Ireland', 1, NULL, 'IE', 0, 1, '2017-07-10 16:19:01', 0),
(376, 'Israel', 1, NULL, 'IL', 0, 0, '2017-07-10 16:17:17', 0),
(380, 'Italy', 1, NULL, 'IT', 0, 0, '2017-07-10 16:17:17', 0),
(388, 'Jamaica', 1, NULL, 'JM', 0, 0, '2017-07-10 16:17:17', 0),
(392, 'Japan', 1, NULL, 'JP', 0, 0, '2017-07-10 16:17:17', 0),
(400, 'Jordan', 1, NULL, 'JO', 0, 0, '2017-07-10 16:17:17', 0),
(402, 'Kazakhstan', 1, NULL, 'KZ', 0, 0, '2017-07-10 16:17:17', 0),
(404, 'Kenya', 1, NULL, 'KE', 0, 0, '2017-07-10 16:17:17', 0),
(406, 'Cambodia', 1, NULL, 'KH', 0, 0, '2017-07-10 16:17:17', 0),
(407, 'Korea South, Republic Of', 1, NULL, 'KR', 0, 0, '2017-07-10 16:17:17', 0),
(409, 'Korea North, Democratic Peoples Rep.', 1, NULL, 'KP', 0, 0, '2017-07-10 16:17:17', 0),
(414, 'Kuwait', 1, NULL, 'KW', 0, 0, '2017-07-10 16:17:17', 0),
(416, 'Kyrgyzstan', 1, NULL, 'KG', 0, 0, '2017-07-10 16:17:17', 0),
(418, 'Lao People\'s Democratic Rep.', 1, NULL, 'LA', 0, 0, '2017-07-10 16:17:17', 0),
(420, 'Latvia', 1, NULL, 'LV', 0, 0, '2017-07-10 16:17:17', 0),
(422, 'Lebanon', 1, NULL, 'LB', 0, 0, '2017-07-10 16:17:17', 0),
(426, 'Lesotho', 1, NULL, 'LS', 0, 0, '2017-07-10 16:17:17', 0),
(430, 'Liberia', 1, NULL, 'LR', 0, 0, '2017-07-10 16:17:17', 0),
(434, 'Libya', 1, NULL, 'LY', 0, 0, '2017-07-10 16:17:17', 0),
(438, 'Liechtenstein', 1, NULL, 'LI', 0, 0, '2017-07-10 16:17:17', 0),
(440, 'Lithuania', 1, NULL, 'LT', 0, 0, '2017-07-10 16:17:17', 0),
(442, 'Luxemburg', 1, NULL, 'LU', 0, 0, '2017-07-10 16:17:17', 0),
(448, 'Macedonia, Rep. Of', 1, NULL, 'MK', 0, 0, '2017-07-10 16:17:17', 0),
(450, 'Madagascar', 1, NULL, 'MG', 0, 0, '2017-07-10 16:17:17', 0),
(454, 'Malawi', 1, NULL, 'MW', 0, 0, '2017-07-10 16:17:17', 0),
(458, 'Malaysia', 1, NULL, 'MY', 0, 0, '2017-07-10 16:17:17', 0),
(462, 'Maldives', 1, NULL, 'MV', 0, 0, '2017-07-10 16:17:17', 0),
(466, 'Mali', 1, NULL, 'ML', 0, 0, '2017-07-10 16:17:17', 0),
(470, 'Malta', 1, NULL, 'MT', 0, 0, '2017-07-10 16:17:17', 0),
(478, 'Mauritania', 1, NULL, 'MR', 0, 0, '2017-07-10 16:17:17', 0),
(480, 'Mauritius', 1, NULL, 'MU', 0, 0, '2017-07-10 16:17:17', 0),
(484, 'Mexico', 1, NULL, 'MX', 0, 0, '2017-07-10 16:17:17', 0),
(492, 'Monaco', 1, NULL, 'MC', 0, 0, '2017-07-10 16:17:17', 0),
(496, 'Mongolia', 1, NULL, 'MN', 0, 0, '2017-07-10 16:17:17', 0),
(497, 'Montenegro', 1, NULL, 'ME', 0, 0, '2017-07-10 16:17:17', 0),
(504, 'Morocco', 1, NULL, 'MA', 0, 0, '2017-07-10 16:17:17', 0),
(508, 'Mozambique', 1, NULL, 'MZ', 0, 0, '2017-07-10 16:17:17', 0),
(516, 'Namibia', 1, NULL, 'NA', 0, 0, '2017-07-10 16:17:17', 0),
(524, 'Nepal', 1, NULL, 'NP', 0, 0, '2017-07-10 16:17:17', 0),
(528, 'Netherlands', 1, NULL, 'NL', 4, 1, '2017-07-10 16:19:01', 0),
(554, 'New Zealand', 1, NULL, 'NZ', 0, 0, '2017-07-10 16:17:17', 0),
(558, 'Nicaragua', 1, NULL, 'NI', 0, 0, '2017-07-10 16:17:17', 0),
(562, 'Niger', 1, NULL, 'NE', 0, 0, '2017-07-10 16:17:17', 0),
(566, 'Nigeria', 1, NULL, 'NG', 5, 1, '2017-07-10 16:19:01', 0),
(578, 'Norway', 1, NULL, 'NO', 0, 0, '2017-07-10 16:17:17', 0),
(580, 'Oman', 1, NULL, 'OM', 0, 0, '2017-07-10 16:17:17', 0),
(586, 'Pakistan', 1, NULL, 'PK', 0, 0, '2017-07-10 16:17:17', 0),
(588, 'Palestine', 1, NULL, 'PS', 0, 0, '2017-07-10 16:17:17', 0),
(590, 'Panama', 1, NULL, 'PA', 0, 0, '2017-07-10 16:17:17', 0),
(598, 'Papua New Guinea', 1, NULL, 'PG', 0, 0, '2017-07-10 16:17:17', 0),
(600, 'Paraguay', 1, NULL, 'PY', 0, 0, '2017-07-10 16:17:17', 0),
(604, 'Peru', 1, NULL, 'PE', 0, 0, '2017-07-10 16:17:17', 0),
(608, 'Philippines', 1, NULL, 'PH', 0, 0, '2017-07-10 16:17:17', 0),
(616, 'Poland', 1, NULL, 'PL', 4, 1, '2017-07-10 16:19:01', 0),
(620, 'Portugal', 1, NULL, 'PT', 4, 1, '2017-07-10 16:19:01', 0),
(622, 'Moldova, Republic Of', 1, NULL, 'MD', 0, 0, '2017-07-10 16:17:17', 0),
(624, 'Guinea-Bissau', 1, NULL, 'GW', 0, 0, '2017-07-10 16:17:17', 0),
(634, 'Qatar', 1, NULL, 'QA', 0, 0, '2017-07-10 16:17:17', 0),
(642, 'Romania', 1, NULL, 'RO', 0, 0, '2017-07-10 16:17:17', 0),
(643, 'Russian Federation', 1, NULL, 'RU', 0, 0, '2017-07-10 16:17:17', 0),
(646, 'Rwanda', 1, NULL, 'RW', 0, 0, '2017-07-10 16:17:17', 0),
(662, 'St. Lucia', 1, NULL, 'LC', 0, 0, '2017-07-10 16:17:17', 0),
(670, 'St. Vincent And The Grenadines', 1, NULL, 'VC', 0, 0, '2017-07-10 16:17:17', 0),
(672, 'Slovakia', 1, NULL, 'SK', 0, 0, '2017-07-10 16:17:17', 0),
(674, 'San Marino', 1, NULL, 'SM', 0, 0, '2017-07-10 16:17:17', 0),
(676, 'Slovenia', 1, NULL, 'SI', 0, 0, '2017-07-10 16:17:17', 0),
(682, 'Saudi Arabia', 1, NULL, 'SA', 0, 0, '2017-07-10 16:17:17', 0),
(686, 'Senegal', 1, NULL, 'SN', 0, 0, '2017-07-10 16:17:17', 0),
(687, 'Serbia', 1, NULL, 'RS', 0, 0, '2017-07-10 16:17:17', 0),
(690, 'Seychelles', 1, NULL, 'SC', 0, 0, '2017-07-10 16:17:17', 0),
(694, 'Sierra Leone', 1, NULL, 'SL', 0, 0, '2017-07-10 16:17:17', 0),
(702, 'Singapore', 1, NULL, 'SG', 0, 0, '2017-07-10 16:17:17', 0),
(706, 'Somalia', 1, NULL, 'SO', 0, 0, '2017-07-10 16:17:17', 0),
(710, 'South Africa', 1, NULL, 'ZA', 0, 0, '2017-07-10 16:17:17', 0),
(716, 'Zimbabwe', 1, NULL, 'ZW', 0, 0, '2017-07-10 16:17:17', 0),
(724, 'Spain', 1, NULL, 'ES', 4, 1, '2017-07-10 16:19:01', 0),
(734, 'Sri Lanka', 1, NULL, 'LK', 0, 0, '2017-07-10 16:17:17', 0),
(736, 'Sudan', 1, NULL, 'SD', 0, 0, '2017-07-10 16:17:17', 0),
(740, 'Suriname', 1, NULL, 'SR', 0, 0, '2017-07-10 16:17:17', 0),
(748, 'Swaziland', 1, NULL, 'SZ', 0, 0, '2017-07-10 16:17:17', 0),
(752, 'Sweden', 1, NULL, 'SE', 0, 0, '2017-07-10 16:17:17', 0),
(756, 'Switzerland', 1, NULL, 'CH', 0, 0, '2017-07-10 16:17:17', 0),
(760, 'Syrian Arab Republic', 1, NULL, 'SY', 0, 0, '2017-07-10 16:17:17', 0),
(761, 'Tajikistan', 1, NULL, 'TJ', 0, 0, '2017-07-10 16:17:17', 0),
(762, 'Tanzania, United Republic Of', 1, NULL, 'TZ', 0, 0, '2017-07-10 16:17:17', 0),
(764, 'Thailand', 1, NULL, 'TH', 0, 0, '2017-07-10 16:17:17', 0),
(768, 'Togo', 1, NULL, 'TG', 0, 0, '2017-07-10 16:17:17', 0),
(776, 'Tonga', 1, NULL, 'TO', 0, 0, '2017-07-10 16:17:17', 0),
(780, 'Trinidad And Tobago', 1, NULL, 'TT', 0, 0, '2017-07-10 16:17:17', 0),
(788, 'Tunisia', 1, NULL, 'TN', 0, 0, '2017-07-10 16:17:17', 0),
(792, 'Turkey', 1, NULL, 'TR', 0, 0, '2017-07-10 16:17:17', 0),
(794, 'Turkmenistan', 1, NULL, 'TM', 0, 0, '2017-07-10 16:17:17', 0),
(800, 'Uganda', 1, NULL, 'UG', 0, 0, '2017-07-10 16:17:17', 0),
(805, 'Belarus', 1, NULL, 'BY', 0, 0, '2017-07-10 16:17:17', 0),
(807, 'Ukraine', 1, NULL, 'UA', 0, 0, '2017-07-10 16:17:17', 0),
(812, 'United Arab Emirates', 1, NULL, 'AE', 0, 0, '2017-07-10 16:17:17', 0),
(826, 'United Kingdom', 1, NULL, 'GB', 1, 1, '2017-07-10 16:19:01', 0),
(840, 'United States Of America', 1, NULL, 'US', 0, 0, '2017-07-10 16:17:17', 0),
(854, 'Burkina-Faso', 1, NULL, 'BF', 0, 0, '2017-07-10 16:17:17', 0),
(858, 'Uruguay', 1, NULL, 'UY', 0, 0, '2017-07-10 16:17:17', 0),
(860, 'Uzbekistan', 1, NULL, 'UZ', 0, 0, '2017-07-10 16:17:17', 0),
(862, 'Venezuela', 1, NULL, 'VE', 0, 0, '2017-07-10 16:17:17', 0),
(868, 'Vietnam', 1, NULL, 'VN', 0, 0, '2017-07-10 16:17:17', 0),
(882, 'Samoa', 1, NULL, 'WS', 0, 0, '2017-07-10 16:17:17', 0),
(885, 'Yemen', 1, NULL, 'YE', 0, 0, '2017-07-10 16:17:17', 0),
(894, 'Zambia', 1, NULL, 'ZM', 0, 0, '2017-07-10 16:17:17', 0),
(966, 'Congo, Democratic Republic Of The', 1, NULL, 'CD', 0, 0, '2017-07-10 16:17:17', 0),
(967, 'Kiribati', 1, NULL, 'KI', 0, 0, '2017-07-10 16:17:17', 0),
(968, 'Kosovo', 1, NULL, 'XK', 0, 0, '2017-07-10 16:17:17', 0),
(969, 'Marshall Islands', 1, NULL, 'MH', 0, 0, '2017-07-10 16:17:17', 0),
(970, 'Micronesa, Federated States Of', 1, NULL, 'FM', 0, 0, '2017-07-10 16:17:17', 0),
(971, 'Nauru', 1, NULL, 'NR', 0, 0, '2017-07-10 16:17:17', 0),
(972, 'Palau', 1, NULL, 'PW', 0, 0, '2017-07-10 16:17:17', 0),
(973, 'Saint Kitts And Nevis', 1, NULL, 'KN', 0, 0, '2017-07-10 16:17:17', 0),
(974, 'South Sudan', 1, NULL, 'SS', 0, 0, '2017-07-10 16:17:17', 0),
(975, 'Taiwan', 1, NULL, 'TW', 0, 0, '2017-07-10 16:17:17', 0),
(976, 'Tuvalu', 1, NULL, 'TV', 0, 0, '2017-07-10 16:17:17', 0),
(977, 'Vanuatu', 1, NULL, 'VU', 0, 0, '2017-07-10 16:17:17', 0),
(998, 'Dual Nationality (Ireland And Other)', 1, NULL, NULL, 3, 1, '2017-07-10 16:19:01', 0),
(999, 'Dual Nationality (both Non-Ireland)', 1, NULL, NULL, 2, 1, '2017-07-10 16:19:01', 0);

-- --------------------------------------------------------

--
-- Table structure for table `prm_county`
--

CREATE TABLE `prm_county` (
  `id` int(10) UNSIGNED NOT NULL,
  `title` varchar(100) COLLATE utf8_bin NOT NULL,
  `pod_restrained` tinyint(1) UNSIGNED NOT NULL DEFAULT '0',
  `parent_id` int(10) UNSIGNED DEFAULT NULL,
  `attribute` tinytext CHARACTER SET latin1 COLLATE latin1_bin,
  `weight` tinyint(4) UNSIGNED NOT NULL DEFAULT '0',
  `active` tinyint(1) UNSIGNED NOT NULL DEFAULT '1',
  `updated` datetime NOT NULL,
  `updated_by` int(11) NOT NULL
) ENGINE=InnoDB DEFAULT CHARSET=utf8 COLLATE=utf8_bin;

--
-- Dumping data for table `prm_county`
--

INSERT INTO `prm_county` (`id`, `title`, `pod_restrained`, `parent_id`, `attribute`, `weight`, `active`, `updated`, `updated_by`) VALUES
(1, 'Carlow', 1, 372, 'Co.', 0, 1, '2017-11-09 17:12:58', 1),
(2, 'Dublin', 1, 372, 'Co.', 5, 1, '2017-11-09 17:12:58', 1),
(6, 'Kildare', 1, 372, 'Co.', 8, 1, '2017-11-09 17:12:58', 1),
(7, 'Kilkenny', 1, 372, 'Co.', 9, 1, '2017-11-09 17:12:58', 1),
(8, 'Laois', 1, 372, 'Co.', 10, 1, '2017-11-09 17:12:58', 1),
(9, 'Longford', 1, 372, 'Co.', 13, 1, '2017-11-09 17:12:58', 1),
(10, 'Louth', 1, 372, 'Co.', 14, 1, '2017-11-09 17:12:58', 1),
(11, 'Meath', 1, 372, 'Co.', 16, 1, '2017-11-09 17:12:58', 1),
(12, 'Offaly', 1, 372, 'Co.', 18, 1, '2017-11-09 17:12:58', 1),
(13, 'Westmeath', 1, 372, 'Co.', 23, 1, '2017-11-09 17:12:58', 1),
(14, 'Wexford', 1, 372, 'Co.', 24, 1, '2017-11-09 17:12:58', 1),
(15, 'Wicklow', 1, 372, 'Co.', 25, 1, '2017-11-09 17:12:58', 1),
(16, 'Clare', 1, 372, 'Co.', 2, 1, '2017-11-09 17:12:58', 1),
(17, 'Cork', 1, 372, 'Co.', 3, 1, '2017-11-09 17:12:58', 1),
(19, 'Kerry', 1, 372, 'Co.', 7, 1, '2017-11-09 17:12:58', 1),
(20, 'Limerick', 1, 372, 'Co.', 12, 1, '2017-11-09 17:12:58', 1),
(22, 'Tipperary', 1, 372, 'Co.', 21, 1, '2017-11-09 17:12:58', 1),
(24, 'Waterford', 1, 372, 'Co.', 22, 1, '2017-11-09 17:12:58', 1),
(27, 'Galway', 1, 372, 'Co.', 6, 1, '2017-11-09 17:12:58', 1),
(28, 'Leitrim', 1, 372, 'Co.', 11, 1, '2017-11-09 17:12:58', 1),
(29, 'Mayo', 1, 372, 'Co.', 15, 1, '2017-11-09 17:12:58', 1),
(30, 'Roscommon', 1, 372, 'Co.', 19, 1, '2017-11-09 17:12:58', 1),
(31, 'Sligo', 1, 372, 'Co.', 20, 1, '2017-11-09 17:12:58', 1),
(32, 'Cavan', 1, 372, 'Co.', 1, 1, '2017-11-09 17:12:58', 1),
(33, 'Donegal', 1, 372, 'Co.', 4, 1, '2017-11-09 17:12:58', 1),
(34, 'Monaghan', 1, 372, 'Co.', 17, 1, '2017-11-09 17:12:58', 1),
(35, 'Antrim', 1, 372, 'Co.', 26, 1, '2017-11-09 17:12:58', 1),
(36, 'Armagh', 1, 372, 'Co.', 27, 1, '2017-11-09 17:12:58', 1),
(37, 'Derry', 1, 372, 'Co.', 28, 1, '2017-11-09 17:12:58', 1),
(38, 'Down', 1, 372, 'Co.', 29, 1, '2017-11-09 17:12:58', 1),
(39, 'Fermanagh', 1, 372, 'Co.', 30, 1, '2017-11-09 17:12:58', 1),
(40, 'Tyrone', 1, 372, 'Co.', 31, 1, '2017-11-09 17:12:58', 1),
(41, 'Other', 1, 372, 'Co.', 32, 1, '2017-11-09 17:12:58', 1),
(43, 'Aberdeen City', 0, 826, 'Co.', 0, 0, '2016-08-05 03:33:03', 1),
(44, 'Aberdeenshire', 0, 826, 'Co.', 0, 0, '2016-08-05 03:33:03', 1),
(45, 'Angus', 0, 826, 'Co.', 0, 0, '2016-08-05 03:33:03', 1),
(46, 'Argyll and Bute', 0, 826, 'Co.', 0, 0, '2016-08-05 03:33:03', 1),
(47, 'Avon', 0, 826, 'Co.', 0, 0, '2016-08-05 03:33:03', 1),
(48, 'Bedfordshire', 0, 826, 'Co.', 0, 0, '2016-08-05 03:33:03', 1),
(49, 'Berkshire', 0, 826, 'Co.', 0, 0, '2016-08-05 03:33:03', 1),
(50, 'Blaenau Gwent', 0, 826, 'Co.', 0, 0, '2016-08-05 03:33:03', 1),
(51, 'Borders', 0, 826, 'Co.', 0, 0, '2016-08-05 03:33:03', 1),
(52, 'Bridgend', 0, 826, 'Co.', 0, 0, '2016-08-05 03:33:03', 1),
(53, 'Bristol', 0, 826, 'Co.', 0, 0, '2016-08-05 03:33:03', 1),
(54, 'Buckinghamshire', 0, 826, 'Co.', 0, 0, '2016-08-05 03:33:03', 1),
(55, 'Caerphilly', 0, 826, 'Co.', 0, 0, '2016-08-05 03:33:03', 1),
(56, 'Cambridgeshire', 0, 826, 'Co.', 0, 0, '2016-08-05 03:33:03', 1),
(57, 'Cardiff', 0, 826, 'Co.', 0, 0, '2016-08-05 03:33:03', 1),
(58, 'Carmarthenshire', 0, 826, 'Co.', 0, 0, '2016-08-05 03:33:03', 1),
(59, 'Ceredigion', 0, 826, 'Co.', 0, 0, '2016-08-05 03:33:03', 1),
(60, 'Channel Islands', 0, 826, 'Co.', 0, 0, '2016-08-05 03:33:03', 1),
(61, 'Cheshire', 0, 826, 'Co.', 0, 0, '2016-08-05 03:33:03', 1),
(62, 'Clackmannan', 0, 826, 'Co.', 0, 0, '2016-08-05 03:33:03', 1),
(63, 'Cleveland', 0, 826, 'Co.', 0, 0, '2016-08-05 03:33:03', 1),
(64, 'Conwy', 0, 826, 'Co.', 0, 0, '2016-08-05 03:33:03', 1),
(65, 'Cornwall', 0, 826, 'Co.', 0, 0, '2016-08-05 03:33:03', 1),
(66, 'Cumbria', 0, 826, 'Co.', 0, 0, '2016-08-05 03:33:03', 1),
(67, 'Denbighshire', 0, 826, 'Co.', 0, 0, '2016-08-05 03:33:03', 1),
(68, 'Derbyshire', 0, 826, 'Co.', 0, 0, '2016-08-05 03:33:03', 1),
(69, 'Devon', 0, 826, 'Co.', 0, 0, '2016-08-05 03:33:03', 1),
(70, 'Dorset', 0, 826, 'Co.', 0, 0, '2016-08-05 03:33:03', 1),
(71, 'Dumfries and Galloway', 0, 826, 'Co.', 0, 0, '2016-08-05 03:33:03', 1),
(72, 'Durham', 0, 826, 'Co.', 0, 0, '2016-08-05 03:33:03', 1),
(73, 'East Ayrshire', 0, 826, 'Co.', 0, 0, '2016-08-05 03:33:03', 1),
(74, 'East Dunbartonshire', 0, 826, 'Co.', 0, 0, '2016-08-05 03:33:03', 1),
(75, 'East Lothian', 0, 826, 'Co.', 0, 0, '2016-08-05 03:33:03', 1),
(76, 'East Renfrewshire', 0, 826, 'Co.', 0, 0, '2016-08-05 03:33:03', 1),
(77, 'East Riding of Yorkshire', 0, 826, 'Co.', 0, 0, '2016-08-05 03:33:03', 1),
(78, 'East Sussex', 0, 826, 'Co.', 0, 0, '2016-08-05 03:33:03', 1),
(79, 'Edinburgh City', 0, 826, 'Co.', 0, 0, '2016-08-05 03:33:03', 1),
(80, 'Essex', 0, 826, 'Co.', 0, 0, '2016-08-05 03:33:03', 1),
(81, 'Falkirk', 0, 826, 'Co.', 0, 0, '2016-08-05 03:33:03', 1),
(82, 'Fife', 0, 826, 'Co.', 0, 0, '2016-08-05 03:33:03', 1),
(83, 'Flintshire', 0, 826, 'Co.', 0, 0, '2016-08-05 03:33:03', 1),
(84, 'Glasgow (City of)', 0, 826, 'Co.', 0, 0, '2016-08-05 03:33:03', 1),
(85, 'Gloucestershire', 0, 826, 'Co.', 0, 0, '2016-08-05 03:33:03', 1),
(86, 'Greater Manchester', 0, 826, 'Co.', 0, 0, '2016-08-05 03:33:03', 1),
(87, 'Gwynedd', 0, 826, 'Co.', 0, 0, '2016-08-05 03:33:03', 1),
(88, 'Hampshire', 0, 826, 'Co.', 0, 0, '2016-08-05 03:33:03', 1),
(89, 'Herefordshire', 0, 826, 'Co.', 0, 0, '2016-08-05 03:33:03', 1),
(90, 'Hertfordshire', 0, 826, 'Co.', 0, 0, '2016-08-05 03:33:03', 1),
(91, 'Highland', 0, 826, 'Co.', 0, 0, '2016-08-05 03:33:03', 1),
(92, 'Humberside', 0, 826, 'Co.', 0, 0, '2016-08-05 03:33:03', 1),
(93, 'Inverclyde', 0, 826, 'Co.', 0, 0, '2016-08-05 03:33:03', 1),
(94, 'Isle of Anglesey', 0, 826, 'Co.', 0, 0, '2016-08-05 03:33:03', 1),
(95, 'Isle of Man', 0, 826, 'Co.', 0, 0, '2016-08-05 03:33:03', 1),
(96, 'Isle of Wight', 0, 826, 'Co.', 0, 0, '2016-08-05 03:33:03', 1),
(97, 'Isles of Scilly', 0, 826, 'Co.', 0, 0, '2016-08-05 03:33:03', 1),
(98, 'Kent', 0, 826, 'Co.', 0, 0, '2016-08-05 03:33:03', 1),
(99, 'Lancashire', 0, 826, 'Co.', 0, 0, '2016-08-05 03:33:03', 1),
(100, 'Leicestershire', 0, 826, 'Co.', 0, 0, '2016-08-05 03:33:03', 1),
(101, 'Lincolnshire', 0, 826, 'Co.', 0, 0, '2016-08-05 03:33:03', 1),
(102, 'London', 0, 826, 'Co.', 0, 0, '2016-08-05 03:33:03', 1),
(103, 'Merseyside', 0, 826, 'Co.', 0, 0, '2016-08-05 03:33:03', 1),
(104, 'Merthyr Tydfil', 0, 826, 'Co.', 0, 0, '2016-08-05 03:33:03', 1),
(105, 'Middlesex', 0, 826, 'Co.', 0, 0, '2016-08-05 03:33:03', 1),
(106, 'Midlothian', 0, 826, 'Co.', 0, 0, '2016-08-05 03:33:03', 1),
(107, 'Monmouthshire', 0, 826, 'Co.', 0, 0, '2016-08-05 03:33:03', 1),
(108, 'Moray', 0, 826, 'Co.', 0, 0, '2016-08-05 03:33:03', 1),
(109, 'Neath Port Talbot', 0, 826, 'Co.', 0, 0, '2016-08-05 03:33:03', 1),
(110, 'Newport', 0, 826, 'Co.', 0, 0, '2016-08-05 03:33:03', 1),
(111, 'Norfolk', 0, 826, 'Co.', 0, 0, '2016-08-05 03:33:03', 1),
(112, 'North Ayrshire', 0, 826, 'Co.', 0, 0, '2016-08-05 03:33:03', 1),
(113, 'North Lanarkshire', 0, 826, 'Co.', 0, 0, '2016-08-05 03:33:03', 1),
(114, 'North Yorkshire', 0, 826, 'Co.', 0, 0, '2016-08-05 03:33:03', 1),
(115, 'Northamptonshire', 0, 826, 'Co.', 0, 0, '2016-08-05 03:33:03', 1),
(116, 'Northumberland', 0, 826, 'Co.', 0, 0, '2016-08-05 03:33:03', 1),
(117, 'Nottinghamshire', 0, 826, 'Co.', 0, 0, '2016-08-05 03:33:03', 1),
(118, 'Orkney', 0, 826, 'Co.', 0, 0, '2016-08-05 03:33:03', 1),
(119, 'Oxfordshire', 0, 826, 'Co.', 0, 0, '2016-08-05 03:33:03', 1),
(120, 'Pembrokeshire', 0, 826, 'Co.', 0, 0, '2016-08-05 03:33:03', 1),
(121, 'Perthshire and Kinross', 0, 826, 'Co.', 0, 0, '2016-08-05 03:33:03', 1),
(122, 'Powys', 0, 826, 'Co.', 0, 0, '2016-08-05 03:33:03', 1),
(123, 'Renfrewshire', 0, 826, 'Co.', 0, 0, '2016-08-05 03:33:03', 1),
(124, 'Rhondda Cynon Taff', 0, 826, 'Co.', 0, 0, '2016-08-05 03:33:03', 1),
(125, 'Roxburghshire', 0, 826, 'Co.', 0, 0, '2016-08-05 03:33:03', 1),
(126, 'Rutland', 0, 826, 'Co.', 0, 0, '2016-08-05 03:33:03', 1),
(127, 'Shetland', 0, 826, 'Co.', 0, 0, '2016-08-05 03:33:03', 1),
(128, 'Shropshire', 0, 826, 'Co.', 0, 0, '2016-08-05 03:33:03', 1),
(129, 'Somerset', 0, 826, 'Co.', 0, 0, '2016-08-05 03:33:03', 1),
(130, 'South Ayrshire', 0, 826, 'Co.', 0, 0, '2016-08-05 03:33:03', 1),
(131, 'South Lanarkshire', 0, 826, 'Co.', 0, 0, '2016-08-05 03:33:03', 1),
(132, 'South Yorkshire', 0, 826, 'Co.', 0, 0, '2016-08-05 03:33:03', 1),
(133, 'Staffordshire', 0, 826, 'Co.', 0, 0, '2016-08-05 03:33:03', 1),
(134, 'Sterling', 0, 826, 'Co.', 0, 0, '2016-08-05 03:33:03', 1),
(135, 'Suffolk', 0, 826, 'Co.', 0, 0, '2016-08-05 03:33:03', 1),
(136, 'Surrey', 0, 826, 'Co.', 0, 0, '2016-08-05 03:33:03', 1),
(137, 'Swansea', 0, 826, 'Co.', 0, 0, '2016-08-05 03:33:03', 1),
(138, 'The Vale of Glamorgan', 0, 826, 'Co.', 0, 0, '2016-08-05 03:33:03', 1),
(139, 'Torfaen', 0, 826, 'Co.', 0, 0, '2016-08-05 03:33:03', 1),
(140, 'Tyne and Wear', 0, 826, 'Co.', 0, 0, '2016-08-05 03:33:03', 1),
(141, 'Warwickshire', 0, 826, 'Co.', 0, 0, '2016-08-05 03:33:03', 1),
(142, 'West Dunbartonshire', 0, 826, 'Co.', 0, 0, '2016-08-05 03:33:03', 1),
(143, 'West Lothian', 0, 826, 'Co.', 0, 0, '2016-08-05 03:33:03', 1),
(144, 'West Midlands', 0, 826, 'Co.', 0, 0, '2016-08-05 03:33:03', 1),
(145, 'West Sussex', 0, 826, 'Co.', 0, 0, '2016-08-05 03:33:03', 1),
(146, 'West Yorkshire', 0, 826, 'Co.', 0, 0, '2016-08-05 03:33:03', 1),
(147, 'Western Isles', 0, 826, 'Co.', 0, 0, '2016-08-05 03:33:03', 1),
(148, 'Wiltshire', 0, 826, 'Co.', 0, 0, '2016-08-05 03:33:03', 1),
(149, 'Worcestershire', 0, 826, 'Co.', 0, 0, '2016-08-05 03:33:03', 1),
(150, 'Wrexham', 0, 826, 'Co.', 0, 0, '2016-08-05 03:33:03', 1);

-- --------------------------------------------------------

--
-- Table structure for table `prm_iep_venues`
--

CREATE TABLE `prm_iep_venues` (
  `id` int(10) UNSIGNED NOT NULL,
  `title` varchar(100) COLLATE utf8_bin NOT NULL,
  `pod_restrained` tinyint(1) UNSIGNED NOT NULL DEFAULT '0',
  `parent_id` int(10) UNSIGNED DEFAULT NULL,
  `attribute` tinytext CHARACTER SET latin1 COLLATE latin1_bin,
  `weight` tinyint(4) UNSIGNED NOT NULL DEFAULT '0',
  `active` tinyint(1) UNSIGNED NOT NULL DEFAULT '1',
  `updated` datetime NOT NULL,
  `updated_by` int(11) NOT NULL
) ENGINE=InnoDB DEFAULT CHARSET=utf8 COLLATE=utf8_bin;

--
-- Dumping data for table `prm_iep_venues`
--

INSERT INTO `prm_iep_venues` (`id`, `title`, `pod_restrained`, `parent_id`, `attribute`, `weight`, `active`, `updated`, `updated_by`) VALUES
(1, 'Rm 1', 0, NULL, NULL, 0, 1, '2017-12-05 00:00:00', -1),
(2, 'Rm 2', 0, NULL, NULL, 0, 1, '2017-12-05 00:00:00', -1),
(3, 'Rm 3', 0, NULL, NULL, 0, 1, '2017-12-05 00:00:00', -1),
(4, 'Rm 4', 0, NULL, NULL, 0, 1, '2017-12-05 00:00:00', -1),
(5, 'Rm 6', 0, NULL, NULL, 0, 1, '2017-12-05 00:00:00', -1),
(6, 'Rm 7', 0, NULL, NULL, 0, 1, '2017-12-05 00:00:00', -1),
(7, 'Rm 8', 0, NULL, NULL, 0, 1, '2017-12-05 00:00:00', -1),
(8, 'Rm 9', 0, NULL, NULL, 0, 1, '2017-12-05 00:00:00', -1),
(9, 'Rm 11', 0, NULL, NULL, 0, 1, '2017-12-05 00:00:00', -1),
(10, 'Rm 12', 0, NULL, NULL, 0, 1, '2017-12-05 00:00:00', -1),
(11, 'Rm 13', 0, NULL, NULL, 0, 1, '2017-12-05 00:00:00', -1),
(12, 'Rm 14', 0, NULL, NULL, 0, 1, '2017-12-05 00:00:00', -1),
(13, 'Rm 15', 0, NULL, NULL, 0, 1, '2017-12-05 00:00:00', -1),
(14, 'Rm 16', 0, NULL, NULL, 0, 1, '2017-12-05 00:00:00', -1);

-- --------------------------------------------------------

--
-- Table structure for table `prm_salutation`
--

CREATE TABLE `prm_salutation` (
  `id` int(10) UNSIGNED NOT NULL,
  `title` varchar(100) COLLATE utf8_bin NOT NULL,
  `pod_restrained` tinyint(1) UNSIGNED NOT NULL DEFAULT '0',
  `parent_id` int(10) UNSIGNED DEFAULT NULL,
  `attribute` tinytext CHARACTER SET latin1 COLLATE latin1_bin,
  `weight` tinyint(4) UNSIGNED NOT NULL DEFAULT '0',
  `active` tinyint(1) UNSIGNED NOT NULL DEFAULT '1',
  `updated` datetime NOT NULL,
  `updated_by` int(11) NOT NULL
) ENGINE=InnoDB DEFAULT CHARSET=utf8 COLLATE=utf8_bin;

--
-- Dumping data for table `prm_salutation`
--

INSERT INTO `prm_salutation` (`id`, `title`, `pod_restrained`, `parent_id`, `attribute`, `weight`, `active`, `updated`, `updated_by`) VALUES
(1, 'Ath.', 1, NULL, NULL, 4, 1, '2017-11-09 16:57:04', 1),
(2, 'Br.', 1, NULL, NULL, 5, 1, '2017-11-09 16:57:04', 1),
(3, 'Dr.', 1, NULL, NULL, 6, 1, '2017-11-09 16:57:04', 1),
(4, 'Fr.', 1, NULL, NULL, 7, 1, '2017-11-09 16:57:04', 1),
(5, 'Miss', 1, NULL, NULL, 2, 1, '2017-11-09 16:57:04', 1),
(6, 'Mr.', 1, NULL, NULL, 0, 1, '2017-11-09 16:57:04', 1),
(7, 'Mrs.', 1, NULL, NULL, 1, 1, '2017-11-09 16:57:04', 1),
(8, 'Ms.', 1, NULL, NULL, 3, 1, '2017-11-09 16:57:04', 1),
(9, 'Rev.', 1, NULL, NULL, 8, 1, '2017-11-09 16:57:04', 1),
(10, 'Senator', 1, NULL, NULL, 11, 1, '2017-11-09 16:57:04', 1),
(11, 'Sr.', 1, NULL, NULL, 9, 1, '2017-11-09 16:57:04', 1),
(12, 'Uas.', 1, NULL, NULL, 10, 1, '2017-11-09 16:57:04', 1),
(13, 'Most Reverend', 1, NULL, NULL, 12, 1, '2017-11-09 16:57:04', 1),
(14, 'The Right Rev.', 1, NULL, NULL, 13, 1, '2017-11-09 16:57:04', 1),
(15, 'Very Rev.', 1, NULL, NULL, 14, 1, '2017-11-09 16:57:04', 1),
(16, 'Canon', 1, NULL, NULL, 15, 1, '2017-11-09 16:57:04', 1),
(17, 'Mons.', 1, NULL, NULL, 16, 1, '2017-11-09 16:57:04', 1),
(18, 'Prof.', 1, NULL, NULL, 17, 1, '2017-11-09 16:57:04', 1),
(19, 'The', 1, NULL, NULL, 18, 1, '2017-11-09 16:57:04', 1);

-- --------------------------------------------------------

--
-- Table structure for table `prm_staff_role`
--

CREATE TABLE `prm_staff_role` (
  `id` tinyint(3) UNSIGNED NOT NULL,
  `title` varchar(100) COLLATE utf8_bin NOT NULL,
  `pod_restrained` tinyint(1) UNSIGNED NOT NULL DEFAULT '0',
  `parent_id` tinyint(3) UNSIGNED DEFAULT NULL,
  `attribute` tinytext CHARACTER SET latin1 COLLATE latin1_bin,
  `weight` tinyint(4) UNSIGNED NOT NULL DEFAULT '0',
  `active` tinyint(1) UNSIGNED NOT NULL DEFAULT '1',
  `updated` datetime NOT NULL,
  `updated_by` int(6) NOT NULL
) ENGINE=InnoDB DEFAULT CHARSET=utf8 COLLATE=utf8_bin;

--
-- Dumping data for table `prm_staff_role`
--

INSERT INTO `prm_staff_role` (`id`, `title`, `pod_restrained`, `parent_id`, `attribute`, `weight`, `active`, `updated`, `updated_by`) VALUES
(1, 'Developer', 0, 1, '1', 6, 1, '2016-07-11 00:00:00', 1),
(2, 'Administrator', 0, 2, '11', 5, 1, '2016-07-11 00:00:00', 1),
(3, 'Teacher', 0, 3, '21', 2, 1, '2016-07-11 00:00:00', 1),
(4, 'LS Teacher', 0, 4, '25', 3, 1, '2016-07-11 00:00:00', 1),
(5, 'SNA', 0, 5, '27', 4, 1, '2016-07-11 00:00:00', 1),
(6, 'Guardian', 0, 6, '31', 1, 1, '2016-07-25 00:00:00', 1),
(7, 'Pupil', 0, 7, '41', 0, 1, '2017-02-13 00:00:00', 1);

-- --------------------------------------------------------

--
-- Table structure for table `prm_support_category`
--

CREATE TABLE `prm_support_category` (
  `id` int(10) UNSIGNED NOT NULL,
  `title` varchar(100) COLLATE utf8_bin NOT NULL,
  `pod_restrained` tinyint(1) UNSIGNED NOT NULL DEFAULT '0',
  `parent_id` int(10) UNSIGNED DEFAULT NULL,
  `attribute` tinytext CHARACTER SET latin1 COLLATE latin1_bin,
  `weight` tinyint(4) UNSIGNED NOT NULL DEFAULT '0',
  `active` tinyint(1) UNSIGNED NOT NULL DEFAULT '1',
  `updated` datetime NOT NULL,
  `updated_by` int(11) NOT NULL
) ENGINE=InnoDB DEFAULT CHARSET=utf8 COLLATE=utf8_bin;

--
-- Dumping data for table `prm_support_category`
--

INSERT INTO `prm_support_category` (`id`, `title`, `pod_restrained`, `parent_id`, `attribute`, `weight`, `active`, `updated`, `updated_by`) VALUES
(1, 'Early Intervention', 0, NULL, NULL, 0, 1, '2017-12-05 00:00:00', -1),
(2, 'Language Support', 0, NULL, NULL, 0, 1, '2017-12-05 00:00:00', -1),
(3, 'Learning Support', 0, NULL, NULL, 0, 1, '2017-12-05 00:00:00', -1),
(4, 'Resource', 0, NULL, NULL, 0, 1, '2017-12-05 00:00:00', -1);

-- --------------------------------------------------------

--
-- Table structure for table `prm_support_sub_category`
--

CREATE TABLE `prm_support_sub_category` (
  `id` int(10) UNSIGNED NOT NULL,
  `title` varchar(100) COLLATE utf8_bin NOT NULL,
  `pod_restrained` tinyint(1) UNSIGNED NOT NULL DEFAULT '0',
  `parent_id` int(10) UNSIGNED DEFAULT NULL,
  `attribute` tinytext CHARACTER SET latin1 COLLATE latin1_bin,
  `weight` tinyint(4) UNSIGNED NOT NULL DEFAULT '0',
  `active` tinyint(1) UNSIGNED NOT NULL DEFAULT '1',
  `updated` datetime NOT NULL,
  `updated_by` int(11) NOT NULL
) ENGINE=InnoDB DEFAULT CHARSET=utf8 COLLATE=utf8_bin;

--
-- Dumping data for table `prm_support_sub_category`
--

INSERT INTO `prm_support_sub_category` (`id`, `title`, `pod_restrained`, `parent_id`, `attribute`, `weight`, `active`, `updated`, `updated_by`) VALUES
(1, 'Literacy', 0, 1, NULL, 0, 1, '2017-12-05 00:00:00', -1),
(2, 'Numeracy', 0, 1, NULL, 0, 1, '2017-12-05 00:00:00', -1),
(3, 'Both Literacy and Numeracy', 0, 1, NULL, 0, 1, '2017-12-05 00:00:00', -1),
(4, 'Social Skills', 0, 1, NULL, 0, 1, '2017-12-05 00:00:00', -1),
(5, 'Behavioural Support', 0, 1, NULL, 0, 1, '2017-12-05 00:00:00', -1),
(6, 'Fine Motor Skills', 0, 1, NULL, 0, 1, '2017-12-05 00:00:00', -1),
(7, 'Gross Motor Skills', 0, 1, NULL, 0, 1, '2017-12-05 00:00:00', -1),
(8, 'Reading Recovery', 0, 1, NULL, 0, 1, '2017-12-05 00:00:00', -1),
(9, 'Maths Recovery', 0, 1, NULL, 0, 1, '2017-12-05 00:00:00', -1),
(11, 'Literacy', 0, 3, NULL, 0, 1, '2017-12-05 00:00:00', -1),
(12, 'Numeracy', 0, 3, NULL, 0, 1, '2017-12-05 00:00:00', -1),
(13, 'Both Literacy and Numeracy', 0, 3, NULL, 0, 1, '2017-12-05 00:00:00', -1),
(14, 'Social Skills', 0, 3, NULL, 0, 1, '2017-12-05 00:00:00', -1),
(15, 'Behavioural Support', 0, 3, NULL, 0, 1, '2017-12-05 00:00:00', -1),
(16, 'Fine Motor Skills', 0, 3, NULL, 0, 1, '2017-12-05 00:00:00', -1),
(17, 'Gross Motor Skills', 0, 3, NULL, 0, 1, '2017-12-05 00:00:00', -1),
(18, 'Speech & Language (External)', 0, 3, NULL, 0, 1, '2017-12-05 00:00:00', -1),
(19, 'Speech & Language (Internal)', 0, 3, NULL, 0, 1, '2017-12-05 00:00:00', -1),
(20, 'Physical Disability', 0, 4, NULL, 0, 1, '2017-12-05 00:00:00', -1),
(21, 'Hearing Impairment', 0, 4, NULL, 0, 1, '2017-12-05 00:00:00', -1),
(22, 'Visual Impairment', 0, 4, NULL, 0, 1, '2017-12-05 00:00:00', -1),
(23, 'Emotional Disturbance', 0, 4, NULL, 0, 1, '2017-12-05 00:00:00', -1),
(24, 'Severe Emotional Disturbance', 0, 4, NULL, 0, 1, '2017-12-05 00:00:00', -1),
(25, 'Moderate General Learning Disability', 0, 4, NULL, 0, 1, '2017-12-05 00:00:00', -1),
(26, 'Severe / Profound General Learning Disability', 0, 4, NULL, 0, 1, '2017-12-05 00:00:00', -1),
(27, 'Autism / Autistic Spectrum Disorders', 0, 4, NULL, 0, 1, '2017-12-05 00:00:00', -1),
(28, 'Specific Speech and Language Disorder', 0, 4, NULL, 0, 1, '2017-12-05 00:00:00', -1),
(29, 'Assessed Syndrome + One of the Above', 0, 4, NULL, 0, 1, '2017-12-05 00:00:00', -1),
(30, 'Multiple Disabilities', 0, 4, NULL, 0, 1, '2017-12-05 00:00:00', -1),
(31, 'Dyspraxia', 0, 4, NULL, 0, 1, '2017-12-05 00:00:00', -1),
(32, 'EAL Social Language', 0, 2, NULL, 0, 1, '2017-12-05 00:00:00', -1),
(33, 'EAL-CALP', 0, 2, NULL, 0, 1, '2017-12-05 00:00:00', -1);

-- --------------------------------------------------------

--
-- Table structure for table `ptm_day`
--

CREATE TABLE `ptm_day` (
  `id` smallint(5) UNSIGNED NOT NULL,
  `event_id` smallint(5) UNSIGNED NOT NULL,
  `day_date` date NOT NULL,
  `day_start` time NOT NULL,
  `day_end` time NOT NULL,
  `venue` varchar(35) NOT NULL,
  `slot_mins` tinyint(2) UNSIGNED NOT NULL,
  `num_slots` tinyint(2) UNSIGNED NOT NULL DEFAULT '1'
) ENGINE=InnoDB DEFAULT CHARSET=utf8;

--
-- Dumping data for table `ptm_day`
--

INSERT INTO `ptm_day` (`id`, `event_id`, `day_date`, `day_start`, `day_end`, `venue`, `slot_mins`, `num_slots`) VALUES
(18, 6, '2018-01-17', '11:00:00', '15:00:00', 'Room 8', 10, 24),
(19, 6, '2018-01-18', '11:00:00', '15:00:00', 'Room 8', 10, 24),
(20, 6, '2018-01-19', '11:00:00', '15:00:00', 'Room 8', 10, 24);

-- --------------------------------------------------------

--
-- Table structure for table `ptm_event`
--

CREATE TABLE `ptm_event` (
  `id` smallint(5) UNSIGNED NOT NULL,
  `title` varchar(50) NOT NULL,
  `year_starting` year(4) NOT NULL,
  `event_starting` date NOT NULL,
  `active` tinyint(1) UNSIGNED NOT NULL DEFAULT '0',
  `show_to_staff` tinyint(1) NOT NULL DEFAULT '0',
  `require_registration` tinyint(1) UNSIGNED NOT NULL DEFAULT '1',
  `group_id` tinytext CHARACTER SET latin1 COLLATE latin1_bin NOT NULL,
  `staff_option` tinytext CHARACTER SET latin1 COLLATE latin1_bin NOT NULL,
  `updated` datetime NOT NULL,
  `updated_by` int(10) NOT NULL
) ENGINE=InnoDB DEFAULT CHARSET=utf8;

--
-- Dumping data for table `ptm_event`
--

INSERT INTO `ptm_event` (`id`, `title`, `year_starting`, `event_starting`, `active`, `show_to_staff`, `require_registration`, `group_id`, `staff_option`, `updated`, `updated_by`) VALUES
(6, 'Test Event', 2017, '2018-01-17', 0, 0, 1, '["1","2","3","4","5","6","7","8","12","13","14","15"]', 'teacher', '2018-01-26 11:36:20', 1);

-- --------------------------------------------------------

--
-- Table structure for table `ptm_reservation`
--

CREATE TABLE `ptm_reservation` (
  `id` int(10) UNSIGNED NOT NULL,
  `event_id` smallint(5) UNSIGNED NOT NULL,
  `day_id` smallint(5) UNSIGNED NOT NULL,
  `slot_id` smallint(5) UNSIGNED NOT NULL,
  `pupil_id` int(11) UNSIGNED NOT NULL,
  `classroom_teacher_id` int(10) UNSIGNED NOT NULL,
  `support_teacher_id` int(10) UNSIGNED NOT NULL DEFAULT '0',
  `is_break` tinyint(1) UNSIGNED NOT NULL DEFAULT '0',
  `is_locked` tinyint(1) UNSIGNED NOT NULL DEFAULT '0',
  `is_temp` tinyint(1) UNSIGNED NOT NULL DEFAULT '1',
  `created` datetime NOT NULL,
  `created_by` int(11) NOT NULL,
  `updated` datetime NOT NULL,
  `updated_by` int(11) NOT NULL
) ENGINE=InnoDB DEFAULT CHARSET=utf8;

-- --------------------------------------------------------

--
-- Table structure for table `ptm_setting`
--

CREATE TABLE `ptm_setting` (
  `tbl_id` int(10) UNSIGNED NOT NULL,
  `setting_key` tinytext NOT NULL,
  `setting_value` varchar(50) DEFAULT NULL,
  `setting_year_starting` year(4) NOT NULL
) ENGINE=InnoDB DEFAULT CHARSET=utf8;

--
-- Dumping data for table `ptm_setting`
--

INSERT INTO `ptm_setting` (`tbl_id`, `setting_key`, `setting_value`, `setting_year_starting`) VALUES
(1, 'year_starting', '2017', 2017);

-- --------------------------------------------------------

--
-- Table structure for table `ptm_slot`
--

CREATE TABLE `ptm_slot` (
  `id` smallint(5) UNSIGNED NOT NULL,
  `event_id` smallint(5) UNSIGNED NOT NULL,
  `day_id` smallint(5) UNSIGNED NOT NULL,
  `slot_start` time NOT NULL,
  `slot_end` time NOT NULL
) ENGINE=InnoDB DEFAULT CHARSET=utf8;

--
-- Dumping data for table `ptm_slot`
--

INSERT INTO `ptm_slot` (`id`, `event_id`, `day_id`, `slot_start`, `slot_end`) VALUES
(203, 6, 18, '11:00:00', '11:10:00'),
(204, 6, 18, '11:10:00', '11:20:00'),
(205, 6, 18, '11:20:00', '11:30:00'),
(206, 6, 18, '11:30:00', '11:40:00'),
(207, 6, 18, '11:40:00', '11:50:00'),
(208, 6, 18, '11:50:00', '12:00:00'),
(209, 6, 18, '12:00:00', '12:10:00'),
(210, 6, 18, '12:10:00', '12:20:00'),
(211, 6, 18, '12:20:00', '12:30:00'),
(212, 6, 18, '12:30:00', '12:40:00'),
(213, 6, 18, '12:40:00', '12:50:00'),
(214, 6, 18, '12:50:00', '13:00:00'),
(215, 6, 18, '13:00:00', '13:10:00'),
(216, 6, 18, '13:10:00', '13:20:00'),
(217, 6, 18, '13:20:00', '13:30:00'),
(218, 6, 18, '13:30:00', '13:40:00'),
(219, 6, 18, '13:40:00', '13:50:00'),
(220, 6, 18, '13:50:00', '14:00:00'),
(221, 6, 18, '14:00:00', '14:10:00'),
(222, 6, 18, '14:10:00', '14:20:00'),
(223, 6, 18, '14:20:00', '14:30:00'),
(224, 6, 18, '14:30:00', '14:40:00'),
(225, 6, 18, '14:40:00', '14:50:00'),
(226, 6, 18, '14:50:00', '15:00:00'),
(227, 6, 19, '11:00:00', '11:10:00'),
(228, 6, 19, '11:10:00', '11:20:00'),
(229, 6, 19, '11:20:00', '11:30:00'),
(230, 6, 19, '11:30:00', '11:40:00'),
(231, 6, 19, '11:40:00', '11:50:00'),
(232, 6, 19, '11:50:00', '12:00:00'),
(233, 6, 19, '12:00:00', '12:10:00'),
(234, 6, 19, '12:10:00', '12:20:00'),
(235, 6, 19, '12:20:00', '12:30:00'),
(236, 6, 19, '12:30:00', '12:40:00'),
(237, 6, 19, '12:40:00', '12:50:00'),
(238, 6, 19, '12:50:00', '13:00:00'),
(239, 6, 19, '13:00:00', '13:10:00'),
(240, 6, 19, '13:10:00', '13:20:00'),
(241, 6, 19, '13:20:00', '13:30:00'),
(242, 6, 19, '13:30:00', '13:40:00'),
(243, 6, 19, '13:40:00', '13:50:00'),
(244, 6, 19, '13:50:00', '14:00:00'),
(245, 6, 19, '14:00:00', '14:10:00'),
(246, 6, 19, '14:10:00', '14:20:00'),
(247, 6, 19, '14:20:00', '14:30:00'),
(248, 6, 19, '14:30:00', '14:40:00'),
(249, 6, 19, '14:40:00', '14:50:00'),
(250, 6, 19, '14:50:00', '15:00:00'),
(251, 6, 20, '11:00:00', '11:10:00'),
(252, 6, 20, '11:10:00', '11:20:00'),
(253, 6, 20, '11:20:00', '11:30:00'),
(254, 6, 20, '11:30:00', '11:40:00'),
(255, 6, 20, '11:40:00', '11:50:00'),
(256, 6, 20, '11:50:00', '12:00:00'),
(257, 6, 20, '12:00:00', '12:10:00'),
(258, 6, 20, '12:10:00', '12:20:00'),
(259, 6, 20, '12:20:00', '12:30:00'),
(260, 6, 20, '12:30:00', '12:40:00'),
(261, 6, 20, '12:40:00', '12:50:00'),
(262, 6, 20, '12:50:00', '13:00:00'),
(263, 6, 20, '13:00:00', '13:10:00'),
(264, 6, 20, '13:10:00', '13:20:00'),
(265, 6, 20, '13:20:00', '13:30:00'),
(266, 6, 20, '13:30:00', '13:40:00'),
(267, 6, 20, '13:40:00', '13:50:00'),
(268, 6, 20, '13:50:00', '14:00:00'),
(269, 6, 20, '14:00:00', '14:10:00'),
(270, 6, 20, '14:10:00', '14:20:00'),
(271, 6, 20, '14:20:00', '14:30:00'),
(272, 6, 20, '14:30:00', '14:40:00'),
(273, 6, 20, '14:40:00', '14:50:00'),
(274, 6, 20, '14:50:00', '15:00:00');

-- --------------------------------------------------------

--
-- Table structure for table `pupil_support_teacher`
--

CREATE TABLE `pupil_support_teacher` (
  `tbl_id` int(6) UNSIGNED NOT NULL,
  `id` int(10) UNSIGNED NOT NULL,
  `support_teacher_id` int(10) UNSIGNED NOT NULL,
  `support_teacher_begin` date NOT NULL,
  `support_teacher_end` date DEFAULT NULL,
  `updated` datetime NOT NULL,
  `updated_by` int(6) NOT NULL
) ENGINE=InnoDB DEFAULT CHARSET=latin1 COMMENT='used by both nsadmin and ptm modules';

--
-- Dumping data for table `pupil_support_teacher`
--

INSERT INTO `pupil_support_teacher` (`tbl_id`, `id`, `support_teacher_id`, `support_teacher_begin`, `support_teacher_end`, `updated`, `updated_by`) VALUES
(1, 27, 21, '2017-10-29', NULL, '2017-10-29 12:13:00', -1),
(2, 65, 19, '2017-10-29', NULL, '2017-10-29 12:13:00', -1),
(3, 77, 19, '2017-10-29', NULL, '2017-10-29 12:13:00', -1),
(4, 84, 19, '2017-10-29', NULL, '2017-10-29 12:13:00', -1),
(5, 87, 20, '2017-10-29', NULL, '2017-10-29 12:13:00', -1),
(6, 90, 20, '2017-10-29', NULL, '2017-10-29 12:13:00', -1),
(7, 93, 20, '2017-10-29', NULL, '2017-10-29 12:13:00', -1),
(8, 94, 20, '2017-10-29', NULL, '2017-10-29 12:13:00', -1),
(9, 99, 20, '2017-10-29', NULL, '2017-10-29 12:13:00', -1),
(10, 100, 20, '2017-10-29', NULL, '2017-10-29 12:13:00', -1),
(11, 103, 20, '2017-10-29', NULL, '2017-10-29 12:13:00', -1),
(12, 114, 23, '2017-10-29', NULL, '2017-10-29 12:13:00', -1),
(13, 117, 23, '2017-10-29', NULL, '2017-10-29 12:13:00', -1),
(14, 118, 20, '2017-10-29', '2017-11-03', '2017-10-29 12:13:00', -1),
(15, 121, 23, '2017-10-29', NULL, '2017-10-29 12:13:00', -1),
(16, 122, 23, '2017-10-29', NULL, '2017-10-29 12:13:00', -1),
(17, 124, 23, '2017-10-29', NULL, '2017-10-29 12:13:00', -1),
(18, 125, 23, '2017-10-29', NULL, '2017-10-29 12:13:00', -1),
(19, 129, 23, '2017-10-29', NULL, '2017-10-29 12:13:00', -1),
(20, 130, 20, '2017-10-29', NULL, '2017-10-29 12:13:00', -1),
(21, 132, 20, '2017-10-29', NULL, '2017-10-29 12:13:00', -1),
(22, 137, 20, '2017-10-29', NULL, '2017-10-29 12:13:00', -1),
(23, 138, 20, '2017-10-29', '2017-11-03', '2017-10-29 12:13:00', -1),
(24, 140, 23, '2017-10-29', NULL, '2017-10-29 12:13:00', -1),
(25, 141, 24, '2017-10-29', NULL, '2017-10-29 12:13:00', -1),
(26, 146, 21, '2017-10-29', NULL, '2017-10-29 12:13:00', -1),
(27, 147, 26, '2017-10-29', NULL, '2017-10-29 12:13:00', -1),
(28, 155, 21, '2017-10-29', NULL, '2017-10-29 12:13:00', -1),
(29, 156, 21, '2017-10-29', NULL, '2017-10-29 12:13:00', -1),
(30, 157, 26, '2017-10-29', NULL, '2017-10-29 12:13:00', -1),
(31, 161, 26, '2017-10-29', NULL, '2017-10-29 12:13:00', -1),
(32, 163, 26, '2017-10-29', NULL, '2017-10-29 12:13:00', -1),
(33, 164, 26, '2017-10-29', NULL, '2017-10-29 12:13:00', -1),
(34, 171, 21, '2017-10-29', NULL, '2017-10-29 12:13:00', -1),
(35, 173, 19, '2017-10-29', NULL, '2017-10-29 12:13:00', -1),
(36, 175, 19, '2017-10-29', NULL, '2017-10-29 12:13:00', -1),
(37, 177, 19, '2017-10-29', NULL, '2017-10-29 12:13:00', -1),
(38, 194, 19, '2017-10-29', NULL, '2017-10-29 12:13:00', -1),
(39, 197, 19, '2017-10-29', NULL, '2017-10-29 12:13:00', -1),
(40, 200, 19, '2017-10-29', NULL, '2017-10-29 12:13:00', -1),
(41, 201, 19, '2017-10-29', NULL, '2017-10-29 12:13:00', -1),
(42, 205, 21, '2017-10-29', NULL, '2017-10-29 12:13:00', -1),
(43, 208, 24, '2017-10-29', NULL, '2017-10-29 12:13:00', -1),
(44, 209, 24, '2017-10-29', NULL, '2017-10-29 12:13:00', -1),
(45, 210, 24, '2017-10-29', NULL, '2017-10-29 12:13:00', -1),
(46, 212, 24, '2017-10-29', NULL, '2017-10-29 12:13:00', -1),
(47, 214, 24, '2017-10-29', NULL, '2017-10-29 12:13:00', -1),
(48, 219, 24, '2017-10-29', NULL, '2017-10-29 12:13:00', -1),
(49, 230, 26, '2017-10-29', NULL, '2017-10-29 12:13:00', -1),
(50, 234, 19, '2017-10-29', NULL, '2017-10-29 12:13:00', -1),
(51, 236, 19, '2017-10-29', NULL, '2017-10-29 12:13:00', -1),
(52, 241, 19, '2017-10-29', NULL, '2017-10-29 12:13:00', -1),
(53, 244, 24, '2017-10-29', NULL, '2017-10-29 12:13:00', -1),
(54, 246, 24, '2017-10-29', NULL, '2017-10-29 12:13:00', -1),
(55, 250, 24, '2017-10-29', NULL, '2017-10-29 12:13:00', -1),
(56, 254, 26, '2017-10-29', NULL, '2017-10-29 12:13:00', -1),
(57, 257, 26, '2017-10-29', NULL, '2017-10-29 12:13:00', -1),
(58, 260, 26, '2017-10-29', NULL, '2017-10-29 12:13:00', -1),
(59, 267, 26, '2017-10-29', NULL, '2017-10-29 12:13:00', -1),
(60, 268, 26, '2017-10-29', NULL, '2017-10-29 12:13:00', -1),
(61, 270, 20, '2017-10-29', NULL, '2017-10-29 12:13:00', -1),
(62, 271, 20, '2017-10-29', NULL, '2017-10-29 12:13:00', -1),
(63, 274, 20, '2017-10-29', NULL, '2017-10-29 12:13:00', -1),
(64, 276, 20, '2017-10-29', NULL, '2017-10-29 12:13:00', -1),
(65, 282, 26, '2017-10-29', NULL, '2017-10-29 12:13:00', -1),
(66, 284, 20, '2017-10-29', NULL, '2017-10-29 12:13:00', -1),
(67, 290, 25, '2017-10-29', NULL, '2017-10-29 12:13:00', -1),
(68, 291, 22, '2017-10-29', NULL, '2017-10-29 12:13:00', -1),
(69, 296, 22, '2017-10-29', NULL, '2017-10-29 12:13:00', -1),
(70, 299, 22, '2017-10-29', NULL, '2017-10-29 12:13:00', -1),
(71, 300, 22, '2017-10-29', NULL, '2017-10-29 12:13:00', -1),
(72, 302, 22, '2017-10-29', NULL, '2017-10-29 12:13:00', -1),
(73, 310, 22, '2017-10-29', NULL, '2017-10-29 12:13:00', -1),
(74, 316, 22, '2017-10-29', NULL, '2017-10-29 12:13:00', -1),
(75, 317, 22, '2017-10-29', NULL, '2017-10-29 12:13:00', -1),
(76, 320, 22, '2017-10-29', NULL, '2017-10-29 12:13:00', -1),
(77, 324, 22, '2017-10-29', NULL, '2017-10-29 12:13:00', -1),
(78, 329, 22, '2017-10-29', NULL, '2017-10-29 12:13:00', -1),
(79, 330, 22, '2017-10-29', NULL, '2017-10-29 12:13:00', -1),
(80, 333, 22, '2017-10-29', NULL, '2017-10-29 12:13:00', -1),
(81, 337, 22, '2017-10-29', NULL, '2017-10-29 12:13:00', -1),
(82, 342, 21, '2017-10-29', NULL, '2017-10-29 12:13:00', -1),
(83, 352, 21, '2017-10-29', NULL, '2017-10-29 12:13:00', -1),
(84, 364, 21, '2017-10-29', NULL, '2017-10-29 12:13:00', -1),
(85, 393, 24, '2017-10-29', NULL, '2017-10-29 12:13:00', -1),
(86, 399, 25, '2017-10-29', NULL, '2017-10-29 12:13:00', -1),
(87, 410, 25, '2017-10-29', NULL, '2017-10-29 12:13:00', -1),
(88, 413, 25, '2017-10-29', NULL, '2017-10-29 12:13:00', -1),
(89, 415, 25, '2017-10-29', NULL, '2017-10-29 12:13:00', -1),
(90, 418, 25, '2017-10-29', NULL, '2017-10-29 12:13:00', -1),
(91, 419, 25, '2017-10-29', NULL, '2017-10-29 12:13:00', -1),
(92, 422, 25, '2017-10-29', NULL, '2017-10-29 12:13:00', -1),
(93, 424, 25, '2017-10-29', NULL, '2017-10-29 12:13:00', -1),
(94, 439, 23, '2017-10-29', NULL, '2017-10-29 12:13:00', -1),
(95, 440, 23, '2017-10-29', NULL, '2017-10-29 12:13:00', -1),
(96, 445, 25, '2017-10-29', NULL, '2017-10-29 12:13:00', -1),
(97, 455, 25, '2017-10-29', NULL, '2017-10-29 12:13:00', -1),
(98, 460, 25, '2017-10-29', NULL, '2017-10-29 12:13:00', -1),
(99, 469, 25, '2017-10-29', NULL, '2017-10-29 12:13:00', -1),
(100, 479, 23, '2017-10-29', NULL, '2017-10-29 12:13:00', -1),
(101, 481, 26, '2017-11-03', NULL, '2017-11-03 00:00:00', -1),
(102, 315, 25, '2017-11-03', NULL, '2017-11-03 00:00:00', -1),
(103, 118, 23, '2017-11-03', NULL, '2017-11-03 00:00:00', -1),
(104, 138, 23, '2017-11-03', NULL, '2017-11-03 00:00:00', -1),
(105, 110, 20, '2017-11-03', NULL, '2017-11-10 00:00:00', -1),
(106, 387, 24, '2017-11-03', NULL, '2017-11-03 00:00:00', -1),
(107, 474, 25, '2017-11-03', NULL, '2017-11-03 00:00:00', -1),
(108, 480, 25, '2017-11-03', NULL, '2017-11-03 00:00:00', -1),
(109, 459, 25, '2017-11-03', NULL, '2017-11-03 00:00:00', -1),
(110, 471, 25, '2017-11-03', NULL, '2017-11-03 00:00:00', -1);

-- --------------------------------------------------------

--
-- Table structure for table `staff_options`
--

CREATE TABLE `staff_options` (
  `id` smallint(5) UNSIGNED NOT NULL,
  `active` tinyint(1) UNSIGNED NOT NULL DEFAULT '1',
  `is_classroom_teacher` tinyint(1) UNSIGNED NOT NULL DEFAULT '1',
  `is_support_teacher` tinyint(1) UNSIGNED NOT NULL DEFAULT '0',
  `is_sna` tinyint(1) UNSIGNED NOT NULL DEFAULT '0',
  `updated_by` smallint(6) NOT NULL,
  `updated` datetime NOT NULL
) ENGINE=InnoDB DEFAULT CHARSET=utf8 COMMENT='used by both nsadmin and ptm modules';

--
-- Dumping data for table `staff_options`
--

INSERT INTO `staff_options` (`id`, `active`, `is_classroom_teacher`, `is_support_teacher`, `is_sna`, `updated_by`, `updated`) VALUES
(1, 1, 1, 0, 0, -1, '2017-12-04 10:49:48'),
(2, 1, 1, 0, 0, -1, '2017-12-04 10:49:48'),
(3, 1, 1, 0, 0, -1, '2017-12-04 10:49:48'),
(4, 1, 1, 0, 0, -1, '2017-12-04 10:49:48'),
(5, 1, 1, 0, 0, -1, '2017-12-04 10:49:48'),
(6, 1, 1, 0, 0, -1, '2017-12-04 10:49:48'),
(7, 1, 1, 0, 0, -1, '2017-12-04 10:49:48'),
(8, 1, 1, 0, 0, -1, '2017-12-04 10:49:49'),
(9, 1, 1, 0, 0, -1, '2017-12-04 10:49:49'),
(10, 1, 1, 0, 0, -1, '2017-12-04 10:49:49'),
(11, 1, 1, 0, 0, -1, '2017-12-04 10:49:49'),
(12, 1, 1, 0, 0, -1, '2017-12-04 10:49:49'),
(13, 1, 1, 0, 0, -1, '2017-12-04 10:49:49'),
(14, 1, 1, 0, 0, -1, '2017-12-04 10:49:49'),
(15, 1, 1, 0, 0, -1, '2017-12-04 10:49:49'),
(16, 1, 1, 0, 0, -1, '2017-12-04 10:49:49'),
(17, 1, 1, 0, 0, -1, '2017-12-04 10:49:49'),
(18, 1, 1, 0, 0, -1, '2017-12-04 10:49:49'),
(19, 1, 0, 1, 0, -1, '2017-12-04 10:50:20'),
(20, 1, 0, 1, 0, -1, '2017-12-04 10:50:20'),
(21, 1, 0, 1, 0, -1, '2017-12-04 10:50:20'),
(22, 1, 0, 1, 0, -1, '2017-12-04 10:50:20'),
(23, 1, 0, 1, 0, -1, '2017-12-04 10:50:20'),
(24, 1, 0, 1, 0, -1, '2017-12-04 10:50:20'),
(25, 1, 0, 1, 0, -1, '2017-12-04 10:50:20'),
(26, 1, 0, 1, 0, -1, '2017-12-04 10:50:20'),
(1102, 1, 0, 0, 1, -1, '2017-12-05 00:00:00'),
(1103, 1, 0, 0, 1, -1, '2017-12-05 00:00:00'),
(1104, 1, 0, 0, 1, -1, '2017-12-05 00:00:00'),
(1105, 1, 0, 0, 1, -1, '2017-12-05 00:00:00'),
(1106, 1, 0, 0, 1, -1, '2017-12-05 00:00:00'),
(1107, 1, 0, 0, 1, -1, '2017-12-05 00:00:00'),
(1108, 1, 0, 0, 1, -1, '2017-12-05 00:00:00');

-- --------------------------------------------------------

--
-- Table structure for table `staff_role`
--

CREATE TABLE `staff_role` (
  `tbl_id` tinyint(3) UNSIGNED NOT NULL,
  `id` tinyint(10) UNSIGNED NOT NULL,
  `role` tinyint(3) UNSIGNED NOT NULL,
  `role_begin` date NOT NULL,
  `role_end` date DEFAULT NULL,
  `updated` datetime NOT NULL,
  `updated_by` smallint(6) NOT NULL
) ENGINE=InnoDB DEFAULT CHARSET=latin1;

--
-- Dumping data for table `staff_role`
--

INSERT INTO `staff_role` (`tbl_id`, `id`, `role`, `role_begin`, `role_end`, `updated`, `updated_by`) VALUES
(1, 2, 3, '2017-10-29', NULL, '2017-10-29 12:12:59', -1),
(2, 3, 3, '2017-10-29', NULL, '2017-10-29 12:12:59', -1),
(3, 4, 3, '2017-10-29', NULL, '2017-10-29 12:12:59', -1),
(4, 5, 3, '2017-10-29', NULL, '2017-10-29 12:12:59', -1),
(5, 6, 3, '2017-10-29', NULL, '2017-10-29 12:12:59', -1),
(6, 7, 3, '2017-10-29', NULL, '2017-10-29 12:12:59', -1),
(7, 8, 3, '2017-10-29', NULL, '2017-10-29 12:12:59', -1),
(8, 9, 3, '2017-10-29', NULL, '2017-10-29 12:12:59', -1),
(9, 10, 3, '2017-10-29', NULL, '2017-10-29 12:12:59', -1),
(10, 11, 3, '2017-10-29', NULL, '2017-10-29 12:12:59', -1),
(11, 12, 3, '2017-10-29', NULL, '2017-10-29 12:12:59', -1),
(12, 13, 3, '2017-10-29', NULL, '2017-10-29 12:12:59', -1),
(13, 14, 3, '2017-10-29', NULL, '2017-10-29 12:12:59', -1),
(14, 15, 3, '2017-10-29', NULL, '2017-10-29 12:12:59', -1),
(15, 16, 3, '2017-10-29', NULL, '2017-10-29 12:12:59', -1),
(16, 17, 3, '2017-10-29', NULL, '2017-10-29 12:12:59', -1),
(17, 18, 3, '2017-10-29', NULL, '2017-10-29 12:12:59', -1),
(18, 19, 4, '2017-10-29', NULL, '2017-10-29 12:12:59', -1),
(19, 20, 4, '2017-10-29', NULL, '2017-10-29 12:12:59', -1),
(20, 21, 4, '2017-10-29', NULL, '2017-10-29 12:12:59', -1),
(21, 22, 4, '2017-10-29', NULL, '2017-10-29 12:12:59', -1),
(22, 23, 4, '2017-10-29', NULL, '2017-10-29 12:12:59', -1),
(23, 24, 4, '2017-10-29', NULL, '2017-10-29 12:12:59', -1),
(24, 25, 4, '2017-10-29', NULL, '2017-10-29 12:12:59', -1),
(25, 26, 4, '2017-10-29', NULL, '2017-10-29 12:12:59', -1);

-- --------------------------------------------------------

--
-- Table structure for table `tp_period_cm`
--

CREATE TABLE `tp_period_cm` (
  `id` int(10) UNSIGNED NOT NULL,
  `year_starting` year(4) NOT NULL,
  `ltp_id` int(10) UNSIGNED NOT NULL,
  `cm_starting` date NOT NULL,
  `updated` datetime NOT NULL,
  `updated_by` int(11) NOT NULL
) ENGINE=InnoDB DEFAULT CHARSET=latin1;

--
-- Dumping data for table `tp_period_cm`
--

INSERT INTO `tp_period_cm` (`id`, `year_starting`, `ltp_id`, `cm_starting`, `updated`, `updated_by`) VALUES
(309, 2017, 57, '2017-09-01', '2018-01-25 14:00:09', 1),
(310, 2017, 57, '2017-10-01', '2018-01-25 14:00:09', 1),
(311, 2017, 57, '2017-11-01', '2018-01-25 14:00:09', 1),
(312, 2017, 57, '2017-12-01', '2018-01-25 14:00:09', 1),
(313, 2017, 57, '2018-01-01', '2018-01-25 14:00:09', 1),
(314, 2017, 58, '2018-02-01', '2018-01-25 14:00:09', 1),
(315, 2017, 58, '2018-03-01', '2018-01-25 14:00:09', 1),
(316, 2017, 58, '2018-04-01', '2018-01-25 14:00:09', 1),
(317, 2017, 58, '2018-05-01', '2018-01-25 14:00:09', 1),
(318, 2017, 58, '2018-06-01', '2018-01-25 14:00:09', 1),
(319, 2017, 58, '2018-07-01', '2018-01-25 14:00:09', 1);

-- --------------------------------------------------------

--
-- Table structure for table `tp_period_ltp`
--

CREATE TABLE `tp_period_ltp` (
  `id` int(10) UNSIGNED NOT NULL,
  `year_starting` year(4) NOT NULL,
  `title` tinytext NOT NULL,
  `updated` datetime NOT NULL,
  `updated_by` int(11) NOT NULL
) ENGINE=InnoDB DEFAULT CHARSET=latin1;

--
-- Dumping data for table `tp_period_ltp`
--

INSERT INTO `tp_period_ltp` (`id`, `year_starting`, `title`, `updated`, `updated_by`) VALUES
(57, 2017, '17-18 LTP 1', '2018-01-25 14:00:09', 1),
(58, 2017, '17-18 LTP 2', '2018-01-25 14:00:09', 1);

-- --------------------------------------------------------

--
-- Table structure for table `tp_period_stp`
--

CREATE TABLE `tp_period_stp` (
  `id` int(10) UNSIGNED NOT NULL,
  `user_id` int(5) UNSIGNED NOT NULL,
  `year_starting` year(4) NOT NULL,
  `ltp_id` int(5) UNSIGNED NOT NULL,
  `stp_starting` date NOT NULL,
  `stp_ending` date NOT NULL,
  `updated` datetime NOT NULL,
  `updated_by` int(5) NOT NULL
) ENGINE=InnoDB DEFAULT CHARSET=latin1;

--
-- Dumping data for table `tp_period_stp`
--

INSERT INTO `tp_period_stp` (`id`, `user_id`, `year_starting`, `ltp_id`, `stp_starting`, `stp_ending`, `updated`, `updated_by`) VALUES
(37, 1, 2017, 57, '2017-09-01', '2017-09-15', '2018-01-25 14:00:50', 1),
(38, 1, 2017, 57, '2017-09-18', '2017-09-29', '2018-01-25 14:00:50', 1),
(39, 1, 2017, 57, '2017-10-02', '2017-10-13', '2018-01-25 14:00:50', 1),
(40, 1, 2017, 57, '2017-10-16', '2017-10-30', '2018-01-25 14:00:50', 1),
(41, 1, 2017, 57, '2017-11-07', '2017-11-17', '2018-01-25 14:00:50', 1),
(42, 1, 2017, 57, '2017-11-20', '2017-11-30', '2018-01-25 14:00:50', 1),
(43, 1, 2017, 57, '2017-12-01', '2017-12-15', '2018-01-25 14:00:50', 1),
(44, 1, 2017, 57, '2017-12-18', '2018-01-12', '2018-01-25 14:00:50', 1),
(45, 1, 2017, 57, '2018-01-15', '2018-01-31', '2018-01-25 14:00:50', 1),
(46, 1, 2017, 58, '2018-02-01', '2018-02-16', '2018-01-25 14:02:07', 1),
(47, 1, 2017, 58, '2018-02-19', '2018-03-09', '2018-01-25 14:02:07', 1),
(48, 1, 2017, 58, '2018-03-12', '2018-03-23', '2018-01-25 14:02:07', 1),
(49, 1, 2017, 58, '2018-03-26', '2018-04-09', '2018-01-25 14:02:07', 1),
(50, 1, 2017, 58, '2018-04-24', '2018-05-11', '2018-01-25 14:02:07', 1),
(51, 1, 2017, 58, '2018-05-14', '2018-05-25', '2018-01-25 14:02:07', 1),
(52, 1, 2017, 58, '2018-05-28', '2018-06-08', '2018-01-25 14:02:07', 1),
(53, 1, 2017, 58, '2018-06-11', '2018-06-22', '2018-01-25 14:02:07', 1),
(54, 1, 2017, 58, '2018-06-25', '2018-07-02', '2018-01-25 14:02:07', 1);

-- --------------------------------------------------------

--
-- Table structure for table `tp_plan_ltp`
--

CREATE TABLE `tp_plan_ltp` (
  `id` int(11) NOT NULL,
  `user_id` int(5) UNSIGNED NOT NULL,
  `year_starting` year(4) NOT NULL,
  `ltp_id` int(5) UNSIGNED NOT NULL,
  `subject_id` int(11) NOT NULL,
  `title` varchar(35) CHARACTER SET utf8 COLLATE utf8_bin NOT NULL,
  `plan` longtext CHARACTER SET utf8 COLLATE utf8_bin NOT NULL,
  `updated` datetime NOT NULL,
  `updated_by` int(11) NOT NULL
) ENGINE=InnoDB DEFAULT CHARSET=latin1;

--
-- Dumping data for table `tp_plan_ltp`
--

INSERT INTO `tp_plan_ltp` (`id`, `user_id`, `year_starting`, `ltp_id`, `subject_id`, `title`, `plan`, `updated`, `updated_by`) VALUES
(6, 1, 2017, 57, 1, 'Visual Arts 17-18 LTP 1', '<p>Lorem ipsum dolor sit amet, consectetur adipiscing elit. Donec non consequat ex. Suspendisse sit amet nisi at ante gravida mattis nec in nisl. Nulla in tortor mattis ante fringilla vulputate. Ut dapibus nunc mauris, id faucibus dui iaculis eu. Phasellus placerat lacus diam, eget sodales tortor placerat fringilla. Duis porttitor magna id interdum elementum. In laoreet diam at libero interdum feugiat sed egestas velit. Ut accumsan, sem vitae semper scelerisque, nibh nibh blandit elit, et viverra ex odio quis diam. Suspendisse dui massa, feugiat a libero id, eleifend varius nisl. Suspendisse aliquet elementum lectus, a rutrum eros condimentum eget. Nulla viverra dui in est ultricies feugiat.</p>\n<p>Aliquam ullamcorper massa sed purus volutpat porttitor. Nullam a dictum sapien. Proin sed ipsum in mi consectetur congue quis a eros. Phasellus semper est non nulla pretium, quis semper erat ultricies. Vivamus eu nisl ut elit placerat laoreet sed vitae erat. Etiam vulputate efficitur quam, ut sollicitudin velit porttitor vitae. Donec sodales dapibus ultricies. Aenean nisl nibh, convallis ac arcu ac, mollis efficitur mi. Quisque consectetur, lectus at sodales venenatis, felis magna semper leo, sit amet vehicula enim dolor ac magna.</p>\n<p>Praesent ut gravida risus, nec faucibus metus. Aenean at pellentesque felis. Duis vitae consectetur tellus. Duis dapibus turpis id fringilla lobortis. Ut nibh elit, porta ac sem quis, consequat faucibus risus. Aenean vitae orci augue. Morbi auctor nibh et turpis efficitur, at ultrices diam dapibus.</p>\n<p>Proin vehicula rhoncus quam, et congue orci fermentum sed. Nullam vel nisl in neque maximus vestibulum sit amet id erat. Pellentesque ut iaculis eros. Phasellus at eleifend purus. Mauris pharetra venenatis nunc iaculis luctus. Nullam accumsan risus quis molestie vestibulum. Donec auctor vel diam in iaculis. In consectetur ac enim non consectetur. Proin in orci sollicitudin, ornare risus at, ullamcorper odio. Vivamus auctor tempor lorem in iaculis. Aenean bibendum nisl at tortor mattis, sed volutpat velit tempus. In sed mollis nibh. Mauris facilisis nec felis imperdiet sagittis. Curabitur a convallis tortor, vulputate porta mi. Pellentesque hendrerit mattis massa, vitae aliquet ligula ultrices ut.</p>\n<p>Proin est justo, malesuada in dolor vitae, vehicula rutrum odio. Donec vitae tempor augue. Nam euismod id felis elementum hendrerit. Integer pharetra hendrerit sem, nec condimentum erat lobortis eget. Lorem ipsum dolor sit amet, consectetur adipiscing elit. Morbi sed ligula placerat, suscipit ligula in, fermentum sapien. Class aptent taciti sociosqu ad litora torquent per conubia nostra, per inceptos himenaeos. Curabitur sed velit pulvinar, placerat quam sit amet, finibus odio. Curabitur ut fringilla ligula, eget vestibulum ex. Nunc ac augue orci. Cras rutrum nisl urna, quis consectetur lectus elementum in. Aliquam erat volutpat. Morbi ultrices vestibulum lacus sed pharetra. Aliquam lacinia, magna in maximus fermentum, mi dui fermentum nulla, at sollicitudin eros erat a augue. Suspendisse ullamcorper augue a tellus rhoncus, in commodo tellus pretium.</p>', '2018-01-25 14:05:12', 1);

-- --------------------------------------------------------

--
-- Table structure for table `tp_plan_school`
--

CREATE TABLE `tp_plan_school` (
  `id` int(11) NOT NULL,
  `year_starting` year(4) NOT NULL,
  `title` varchar(35) CHARACTER SET utf8 COLLATE utf8_bin NOT NULL,
  `plan` longtext CHARACTER SET utf8 COLLATE utf8_bin NOT NULL,
  `updated` datetime NOT NULL,
  `updated_by` int(11) NOT NULL
) ENGINE=InnoDB DEFAULT CHARSET=latin1;

--
-- Dumping data for table `tp_plan_school`
--

INSERT INTO `tp_plan_school` (`id`, `year_starting`, `title`, `plan`, `updated`, `updated_by`) VALUES
(4, 2017, 'School Plan 2017', '<p>Contents of school plan 2017-18</p>\n<p>Lorem ipsum dolor sit amet, consectetur adipiscing elit. Vestibulum dapibus tristique venenatis. Nam tincidunt justo varius sem tristique, nec fermentum dolor eleifend. Etiam volutpat nulla id dui tincidunt, ac semper nisl lacinia. Nunc venenatis cursus urna, vitae dignissim sem convallis vel. Sed semper congue ultrices. Sed finibus lacus lacus, quis dapibus leo suscipit ac. Praesent tempor est ac sem mollis porta. Aenean iaculis odio gravida risus aliquam rutrum.</p>\n<p>Fusce augue est, luctus a felis eu, sagittis finibus massa. Pellentesque tincidunt dapibus ligula, quis suscipit diam mattis eu. In blandit a lectus in auctor. Donec dui justo, elementum tempor pretium eget, ornare quis enim. Praesent sagittis ipsum varius urna ullamcorper vestibulum. Mauris congue lacus non accumsan suscipit. Fusce ultrices libero et scelerisque tincidunt.</p>\n<p>Nulla vel auctor metus. Proin ultrices est sit amet consectetur suscipit. Suspendisse a molestie elit. Mauris et orci sodales, feugiat sem vel, laoreet lacus. Sed dictum vestibulum mauris, ut venenatis urna venenatis eu. Phasellus condimentum tincidunt vulputate. In pretium scelerisque condimentum. Duis semper nisl metus, non eleifend est sollicitudin id. Integer turpis erat, porta id tortor a, tempor dapibus libero. Mauris tempus imperdiet justo non mollis. Mauris mollis at arcu condimentum lacinia. Ut porta neque turpis, non varius ex hendrerit et.</p>\n<p>In tristique augue quis metus ultricies, id pulvinar orci molestie. Vestibulum porta, est eu consequat blandit, orci eros scelerisque ante, eu tristique orci lorem sit amet eros. Integer dapibus a nunc non cursus. Fusce eu vulputate nulla, ac sodales magna. Vestibulum sit amet lacus mi. Ut non ex iaculis, euismod mi eget, congue diam. Quisque eu lacus efficitur, tempus lorem quis, tincidunt magna. Maecenas euismod convallis ornare. Sed posuere mauris nec magna pretium posuere. Phasellus sagittis nibh vel nisl accumsan mattis. Aenean id orci pharetra, congue magna nec, feugiat diam. Nulla facilisi. Cras eget felis in ipsum tristique interdum vel nec arcu. Sed non justo et felis lobortis iaculis et ut justo. In eget bibendum urna. Vestibulum lobortis quam lobortis nisi volutpat pharetra.</p>\n<p>Fusce suscipit mauris mi, sed pretium mauris mollis consectetur. Sed elit augue, egestas a enim sit amet, vehicula tempor leo. Etiam condimentum a tortor vitae cursus. In risus ligula, elementum at ultricies non, maximus in orci. Mauris ultricies lobortis ligula, vitae sollicitudin mauris semper non. Vestibulum lacinia pulvinar semper. Ut ultrices et justo et sollicitudin. Mauris sed consectetur magna. Mauris nunc tortor, venenatis id tortor cursus, bibendum tincidunt felis. Curabitur venenatis velit ut erat fringilla tristique. Sed semper auctor tellus, nec porta eros pharetra vitae. Integer eu sapien a diam pharetra condimentum. Quisque faucibus quis libero eget ullamcorper. Donec scelerisque, lectus id sagittis semper, elit dolor pretium nulla, luctus scelerisque neque sem eu erat. Pellentesque ac mi quis massa consectetur gravida.</p>', '2017-12-14 16:40:50', 1);

-- --------------------------------------------------------

--
-- Table structure for table `tp_plan_stp`
--

CREATE TABLE `tp_plan_stp` (
  `id` int(11) NOT NULL,
  `user_id` int(5) UNSIGNED NOT NULL,
  `year_starting` year(4) NOT NULL,
  `group_class_id` tinytext CHARACTER SET latin1 COLLATE latin1_bin NOT NULL,
  `ltp_id` int(5) UNSIGNED NOT NULL,
  `subject_id` int(11) NOT NULL,
  `standard_id` tinyint(1) UNSIGNED NOT NULL DEFAULT '0',
  `language_code` tinytext CHARACTER SET latin1 COLLATE latin1_bin NOT NULL,
  `stp_id` int(10) UNSIGNED NOT NULL,
  `title` varchar(35) CHARACTER SET utf8 COLLATE utf8_bin NOT NULL,
  `plan` longtext CHARACTER SET utf8 COLLATE utf8_bin NOT NULL,
  `updated` datetime NOT NULL,
  `updated_by` int(11) NOT NULL
) ENGINE=InnoDB DEFAULT CHARSET=latin1;

-- --------------------------------------------------------

--
-- Table structure for table `tp_setting`
--

CREATE TABLE `tp_setting` (
  `tbl_id` int(10) UNSIGNED NOT NULL,
  `setting_key` tinytext NOT NULL,
  `setting_value` varchar(50) DEFAULT NULL,
  `setting_year_starting` year(4) NOT NULL
) ENGINE=InnoDB DEFAULT CHARSET=utf8;

--
-- Dumping data for table `tp_setting`
--

INSERT INTO `tp_setting` (`tbl_id`, `setting_key`, `setting_value`, `setting_year_starting`) VALUES
(1, 'year_starting', '2017', 2017),
(2, 'stp_can_span_months', '1', 2017);

--
-- Indexes for dumped tables
--

--
-- Indexes for table `app_screen_user`
--
ALTER TABLE `app_screen_user`
  ADD PRIMARY KEY (`tbl_id`),
  ADD UNIQUE KEY `id_app_model` (`id`,`role_id`,`app_slug`(15),`module`(35),`model`(35)) USING BTREE,
  ADD KEY `ind_id` (`id`),
  ADD KEY `app_slug` (`app_slug`(15)) USING BTREE;

--
-- Indexes for table `app_screen_user_tmp`
--
ALTER TABLE `app_screen_user_tmp`
  ADD PRIMARY KEY (`tbl_id`),
  ADD UNIQUE KEY `id_app_model` (`id`,`role_id`,`app_slug`(15),`model`(35)) USING BTREE,
  ADD KEY `ind_id` (`id`),
  ADD KEY `app_slug` (`app_slug`(15)) USING BTREE;

--
-- Indexes for table `group_class`
--
ALTER TABLE `group_class`
  ADD PRIMARY KEY (`id`),
  ADD UNIQUE KEY `abbr` (`abbr`) USING BTREE,
  ADD UNIQUE KEY `title` (`title`),
  ADD UNIQUE KEY `ext_id` (`ext_id`) USING BTREE,
  ADD KEY `active` (`active`),
  ADD KEY `type_id` (`type_id`),
  ADD KEY `supergroup_id` (`group_super_id`) USING BTREE;

--
-- Indexes for table `group_leader`
--
ALTER TABLE `group_leader`
  ADD PRIMARY KEY (`tbl_id`),
  ADD KEY `id` (`id`),
  ADD KEY `group_id` (`group_class_id`),
  ADD KEY `id_group` (`id`,`group_class_id`) USING BTREE,
  ADD KEY `group_super_id` (`group_super_id`);

--
-- Indexes for table `group_super`
--
ALTER TABLE `group_super`
  ADD PRIMARY KEY (`id`),
  ADD UNIQUE KEY `title` (`title`) USING BTREE,
  ADD UNIQUE KEY `abbr` (`abbr`) USING BTREE,
  ADD UNIQUE KEY `ext_id` (`ext_id`) USING BTREE,
  ADD KEY `active` (`active`),
  ADD KEY `current` (`current`);

--
-- Indexes for table `manager_setting`
--
ALTER TABLE `manager_setting`
  ADD PRIMARY KEY (`tbl_id`),
  ADD UNIQUE KEY `param` (`setting_key`(35));

--
-- Indexes for table `member_assistant`
--
ALTER TABLE `member_assistant`
  ADD PRIMARY KEY (`tbl_id`),
  ADD KEY `assistant_end` (`assistant_end`) USING BTREE,
  ADD KEY `assistant_id` (`assistant_id`) USING BTREE,
  ADD KEY `id` (`id`);

--
-- Indexes for table `member_group_class`
--
ALTER TABLE `member_group_class`
  ADD PRIMARY KEY (`tbl_id`),
  ADD UNIQUE KEY `id_group_end` (`id`,`group_class_id`,`in_group_end`),
  ADD KEY `id` (`id`),
  ADD KEY `group_id` (`group_class_id`),
  ADD KEY `id_group` (`id`,`group_class_id`) USING BTREE,
  ADD KEY `group_super_id` (`group_super_id`);

--
-- Indexes for table `member_guardian`
--
ALTER TABLE `member_guardian`
  ADD PRIMARY KEY (`tbl_id`),
  ADD KEY `guardian_end` (`guardian_end`) USING BTREE,
  ADD KEY `guardian_id` (`guardian_id`),
  ADD KEY `id` (`id`),
  ADD KEY `is_default` (`is_default`);

--
-- Indexes for table `member_sibling`
--
ALTER TABLE `member_sibling`
  ADD PRIMARY KEY (`tbl_id`),
  ADD KEY `sibling_end` (`sibling_end`),
  ADD KEY `sibling_id` (`sibling_id`),
  ADD KEY `id` (`id`);

--
-- Indexes for table `nsadmin_appointment_event`
--
ALTER TABLE `nsadmin_appointment_event`
  ADD PRIMARY KEY (`id`),
  ADD KEY `year_starting` (`year_starting`),
  ADD KEY `active` (`active`);

--
-- Indexes for table `nsadmin_appointment_window`
--
ALTER TABLE `nsadmin_appointment_window`
  ADD PRIMARY KEY (`id`),
  ADD KEY `event_id` (`event_id`);

--
-- Indexes for table `nsadmin_appointment_window_slot`
--
ALTER TABLE `nsadmin_appointment_window_slot`
  ADD PRIMARY KEY (`id`),
  ADD KEY `event_id` (`event_id`),
  ADD KEY `window_id` (`window_id`);

--
-- Indexes for table `nsadmin_iep_day`
--
ALTER TABLE `nsadmin_iep_day`
  ADD PRIMARY KEY (`id`),
  ADD KEY `event_id` (`event_id`);

--
-- Indexes for table `nsadmin_iep_event`
--
ALTER TABLE `nsadmin_iep_event`
  ADD PRIMARY KEY (`id`),
  ADD KEY `active` (`active`),
  ADD KEY `year_starting` (`year_starting`);

--
-- Indexes for table `nsadmin_iep_reservation`
--
ALTER TABLE `nsadmin_iep_reservation`
  ADD PRIMARY KEY (`id`),
  ADD KEY `slot_id` (`slot_id`),
  ADD KEY `member_id` (`pupil_id`),
  ADD KEY `event_id` (`event_id`),
  ADD KEY `day_id` (`day_id`),
  ADD KEY `staff_id` (`classroom_teacher_id`),
  ADD KEY `support_staff_id` (`support_teacher_id`),
  ADD KEY `sna_id` (`sna_id`);

--
-- Indexes for table `nsadmin_iep_slot`
--
ALTER TABLE `nsadmin_iep_slot`
  ADD PRIMARY KEY (`id`),
  ADD KEY `event_id` (`event_id`),
  ADD KEY `day_id` (`day_id`);

--
-- Indexes for table `nsadmin_pupil_iep`
--
ALTER TABLE `nsadmin_pupil_iep`
  ADD PRIMARY KEY (`tbl_id`),
  ADD KEY `id` (`id`),
  ADD KEY `support_end` (`iep_end`);

--
-- Indexes for table `nsadmin_pupil_sna`
--
ALTER TABLE `nsadmin_pupil_sna`
  ADD PRIMARY KEY (`tbl_id`),
  ADD KEY `id` (`id`),
  ADD KEY `sna_id` (`sna_id`),
  ADD KEY `sna_end` (`sna_end`);

--
-- Indexes for table `nsadmin_pupil_support`
--
ALTER TABLE `nsadmin_pupil_support`
  ADD PRIMARY KEY (`tbl_id`),
  ADD KEY `id` (`id`),
  ADD KEY `support_category_id` (`support_category_id`),
  ADD KEY `support_sub_category_id` (`support_sub_category_id`),
  ADD KEY `support_end` (`support_end`);

--
-- Indexes for table `nsadmin_setting`
--
ALTER TABLE `nsadmin_setting`
  ADD PRIMARY KEY (`tbl_id`),
  ADD UNIQUE KEY `param` (`setting_key`(35),`setting_year_starting`) USING BTREE,
  ADD KEY `setting_year` (`setting_year_starting`);

--
-- Indexes for table `person`
--
ALTER TABLE `person`
  ADD PRIMARY KEY (`id`),
  ADD UNIQUE KEY `ext_id` (`ext_id`) USING BTREE,
  ADD UNIQUE KEY `email` (`email`(50)),
  ADD UNIQUE KEY `mobile` (`mobile`(20)) USING BTREE,
  ADD UNIQUE KEY `mobile_alt` (`mobile_alt`(20)),
  ADD UNIQUE KEY `email_alt` (`email_alt`(50)),
  ADD KEY `active` (`active`),
  ADD KEY `lname_index` (`indexed_lname`(35)) USING BTREE,
  ADD KEY `is_staff` (`is_staff`),
  ADD KEY `is_guardian` (`is_guardian`),
  ADD KEY `is_member` (`is_member`);

--
-- Indexes for table `prm_country`
--
ALTER TABLE `prm_country`
  ADD PRIMARY KEY (`id`);

--
-- Indexes for table `prm_county`
--
ALTER TABLE `prm_county`
  ADD PRIMARY KEY (`id`);

--
-- Indexes for table `prm_iep_venues`
--
ALTER TABLE `prm_iep_venues`
  ADD PRIMARY KEY (`id`);

--
-- Indexes for table `prm_salutation`
--
ALTER TABLE `prm_salutation`
  ADD PRIMARY KEY (`id`);

--
-- Indexes for table `prm_staff_role`
--
ALTER TABLE `prm_staff_role`
  ADD PRIMARY KEY (`id`),
  ADD KEY `active` (`active`),
  ADD KEY `pod_restrained` (`pod_restrained`),
  ADD KEY `param_weight` (`weight`);

--
-- Indexes for table `prm_support_category`
--
ALTER TABLE `prm_support_category`
  ADD PRIMARY KEY (`id`),
  ADD UNIQUE KEY `title` (`title`),
  ADD KEY `active` (`active`);

--
-- Indexes for table `prm_support_sub_category`
--
ALTER TABLE `prm_support_sub_category`
  ADD PRIMARY KEY (`id`),
  ADD KEY `active` (`active`);

--
-- Indexes for table `ptm_day`
--
ALTER TABLE `ptm_day`
  ADD PRIMARY KEY (`id`),
  ADD KEY `event_id` (`event_id`);

--
-- Indexes for table `ptm_event`
--
ALTER TABLE `ptm_event`
  ADD PRIMARY KEY (`id`),
  ADD KEY `year_starting` (`year_starting`),
  ADD KEY `active` (`active`),
  ADD KEY `show_to_staff` (`show_to_staff`);

--
-- Indexes for table `ptm_reservation`
--
ALTER TABLE `ptm_reservation`
  ADD PRIMARY KEY (`id`),
  ADD KEY `slot_id` (`slot_id`),
  ADD KEY `member_id` (`pupil_id`),
  ADD KEY `event_id` (`event_id`),
  ADD KEY `day_id` (`day_id`),
  ADD KEY `staff_id` (`classroom_teacher_id`),
  ADD KEY `support_staff_id` (`support_teacher_id`),
  ADD KEY `is_temp` (`is_temp`);

--
-- Indexes for table `ptm_setting`
--
ALTER TABLE `ptm_setting`
  ADD PRIMARY KEY (`tbl_id`),
  ADD UNIQUE KEY `param` (`setting_key`(35),`setting_year_starting`) USING BTREE,
  ADD KEY `setting_year` (`setting_year_starting`);

--
-- Indexes for table `ptm_slot`
--
ALTER TABLE `ptm_slot`
  ADD PRIMARY KEY (`id`),
  ADD KEY `event_id` (`event_id`),
  ADD KEY `day_id` (`day_id`);

--
-- Indexes for table `pupil_support_teacher`
--
ALTER TABLE `pupil_support_teacher`
  ADD PRIMARY KEY (`tbl_id`),
  ADD KEY `assistant_end` (`support_teacher_end`) USING BTREE,
  ADD KEY `assistant_id` (`support_teacher_id`) USING BTREE,
  ADD KEY `id` (`id`);

--
-- Indexes for table `staff_options`
--
ALTER TABLE `staff_options`
  ADD UNIQUE KEY `id` (`id`),
  ADD KEY `active` (`active`),
  ADD KEY `is_classroom_teacher` (`is_classroom_teacher`),
  ADD KEY `is_support_teacher` (`is_support_teacher`),
  ADD KEY `is_sna` (`is_sna`);

--
-- Indexes for table `staff_role`
--
ALTER TABLE `staff_role`
  ADD PRIMARY KEY (`tbl_id`),
  ADD UNIQUE KEY `id_role` (`id`,`role`),
  ADD KEY `id` (`id`),
  ADD KEY `role` (`role`);

--
-- Indexes for table `tp_period_cm`
--
ALTER TABLE `tp_period_cm`
  ADD PRIMARY KEY (`id`),
  ADD KEY `year_starting` (`year_starting`),
  ADD KEY `ltp_id` (`ltp_id`);

--
-- Indexes for table `tp_period_ltp`
--
ALTER TABLE `tp_period_ltp`
  ADD PRIMARY KEY (`id`);

--
-- Indexes for table `tp_period_stp`
--
ALTER TABLE `tp_period_stp`
  ADD PRIMARY KEY (`id`),
  ADD KEY `ltp_id` (`ltp_id`),
  ADD KEY `year_starting` (`year_starting`),
  ADD KEY `user_id` (`user_id`);

--
-- Indexes for table `tp_plan_ltp`
--
ALTER TABLE `tp_plan_ltp`
  ADD PRIMARY KEY (`id`),
  ADD UNIQUE KEY `user_year_ltp_subject` (`user_id`,`year_starting`,`ltp_id`,`subject_id`),
  ADD KEY `ltp_id` (`ltp_id`);

--
-- Indexes for table `tp_plan_school`
--
ALTER TABLE `tp_plan_school`
  ADD PRIMARY KEY (`id`),
  ADD UNIQUE KEY `year_starting` (`year_starting`);

--
-- Indexes for table `tp_plan_stp`
--
ALTER TABLE `tp_plan_stp`
  ADD PRIMARY KEY (`id`),
  ADD UNIQUE KEY `user_year_ltp_subject` (`user_id`,`year_starting`,`ltp_id`,`subject_id`),
  ADD KEY `ltp_id` (`ltp_id`);

--
-- Indexes for table `tp_setting`
--
ALTER TABLE `tp_setting`
  ADD PRIMARY KEY (`tbl_id`),
  ADD UNIQUE KEY `param` (`setting_key`(35),`setting_year_starting`) USING BTREE,
  ADD KEY `setting_year` (`setting_year_starting`);

--
-- AUTO_INCREMENT for dumped tables
--

--
-- AUTO_INCREMENT for table `app_screen_user`
--
ALTER TABLE `app_screen_user`
  MODIFY `tbl_id` int(10) UNSIGNED NOT NULL AUTO_INCREMENT, AUTO_INCREMENT=10;
--
-- AUTO_INCREMENT for table `app_screen_user_tmp`
--
ALTER TABLE `app_screen_user_tmp`
  MODIFY `tbl_id` int(10) UNSIGNED NOT NULL AUTO_INCREMENT, AUTO_INCREMENT=1260;
--
-- AUTO_INCREMENT for table `group_class`
--
ALTER TABLE `group_class`
  MODIFY `id` tinyint(2) NOT NULL AUTO_INCREMENT, AUTO_INCREMENT=18;
--
-- AUTO_INCREMENT for table `group_leader`
--
ALTER TABLE `group_leader`
  MODIFY `tbl_id` int(6) UNSIGNED NOT NULL AUTO_INCREMENT, AUTO_INCREMENT=20;
--
-- AUTO_INCREMENT for table `group_super`
--
ALTER TABLE `group_super`
  MODIFY `id` tinyint(2) NOT NULL AUTO_INCREMENT, AUTO_INCREMENT=12;
--
-- AUTO_INCREMENT for table `manager_setting`
--
ALTER TABLE `manager_setting`
  MODIFY `tbl_id` int(10) UNSIGNED NOT NULL AUTO_INCREMENT, AUTO_INCREMENT=2;
--
-- AUTO_INCREMENT for table `member_assistant`
--
ALTER TABLE `member_assistant`
  MODIFY `tbl_id` int(6) UNSIGNED NOT NULL AUTO_INCREMENT, AUTO_INCREMENT=111;
--
-- AUTO_INCREMENT for table `member_group_class`
--
ALTER TABLE `member_group_class`
  MODIFY `tbl_id` int(6) UNSIGNED NOT NULL AUTO_INCREMENT, AUTO_INCREMENT=456;
--
-- AUTO_INCREMENT for table `member_guardian`
--
ALTER TABLE `member_guardian`
  MODIFY `tbl_id` int(6) UNSIGNED NOT NULL AUTO_INCREMENT, AUTO_INCREMENT=788;
--
-- AUTO_INCREMENT for table `member_sibling`
--
ALTER TABLE `member_sibling`
  MODIFY `tbl_id` int(6) UNSIGNED NOT NULL AUTO_INCREMENT, AUTO_INCREMENT=364;
--
-- AUTO_INCREMENT for table `nsadmin_appointment_event`
--
ALTER TABLE `nsadmin_appointment_event`
  MODIFY `id` smallint(5) UNSIGNED NOT NULL AUTO_INCREMENT;
--
-- AUTO_INCREMENT for table `nsadmin_appointment_window`
--
ALTER TABLE `nsadmin_appointment_window`
  MODIFY `id` smallint(5) UNSIGNED NOT NULL AUTO_INCREMENT;
--
-- AUTO_INCREMENT for table `nsadmin_appointment_window_slot`
--
ALTER TABLE `nsadmin_appointment_window_slot`
  MODIFY `id` smallint(5) UNSIGNED NOT NULL AUTO_INCREMENT;
--
-- AUTO_INCREMENT for table `nsadmin_iep_day`
--
ALTER TABLE `nsadmin_iep_day`
  MODIFY `id` smallint(5) UNSIGNED NOT NULL AUTO_INCREMENT, AUTO_INCREMENT=5;
--
-- AUTO_INCREMENT for table `nsadmin_iep_event`
--
ALTER TABLE `nsadmin_iep_event`
  MODIFY `id` smallint(5) UNSIGNED NOT NULL AUTO_INCREMENT, AUTO_INCREMENT=2;
--
-- AUTO_INCREMENT for table `nsadmin_iep_reservation`
--
ALTER TABLE `nsadmin_iep_reservation`
  MODIFY `id` int(10) UNSIGNED NOT NULL AUTO_INCREMENT, AUTO_INCREMENT=219;
--
-- AUTO_INCREMENT for table `nsadmin_iep_slot`
--
ALTER TABLE `nsadmin_iep_slot`
  MODIFY `id` smallint(5) UNSIGNED NOT NULL AUTO_INCREMENT, AUTO_INCREMENT=25;
--
-- AUTO_INCREMENT for table `nsadmin_pupil_iep`
--
ALTER TABLE `nsadmin_pupil_iep`
  MODIFY `tbl_id` int(10) UNSIGNED NOT NULL AUTO_INCREMENT, AUTO_INCREMENT=68;
--
-- AUTO_INCREMENT for table `nsadmin_pupil_sna`
--
ALTER TABLE `nsadmin_pupil_sna`
  MODIFY `tbl_id` int(10) UNSIGNED NOT NULL AUTO_INCREMENT, AUTO_INCREMENT=34;
--
-- AUTO_INCREMENT for table `nsadmin_pupil_support`
--
ALTER TABLE `nsadmin_pupil_support`
  MODIFY `tbl_id` int(10) UNSIGNED NOT NULL AUTO_INCREMENT, AUTO_INCREMENT=67;
--
-- AUTO_INCREMENT for table `nsadmin_setting`
--
ALTER TABLE `nsadmin_setting`
  MODIFY `tbl_id` int(10) UNSIGNED NOT NULL AUTO_INCREMENT, AUTO_INCREMENT=4;
--
-- AUTO_INCREMENT for table `prm_country`
--
ALTER TABLE `prm_country`
  MODIFY `id` int(10) UNSIGNED NOT NULL AUTO_INCREMENT, AUTO_INCREMENT=1000;
--
-- AUTO_INCREMENT for table `prm_county`
--
ALTER TABLE `prm_county`
  MODIFY `id` int(10) UNSIGNED NOT NULL AUTO_INCREMENT, AUTO_INCREMENT=151;
--
-- AUTO_INCREMENT for table `prm_iep_venues`
--
ALTER TABLE `prm_iep_venues`
  MODIFY `id` int(10) UNSIGNED NOT NULL AUTO_INCREMENT, AUTO_INCREMENT=15;
--
-- AUTO_INCREMENT for table `prm_salutation`
--
ALTER TABLE `prm_salutation`
  MODIFY `id` int(10) UNSIGNED NOT NULL AUTO_INCREMENT, AUTO_INCREMENT=20;
--
-- AUTO_INCREMENT for table `prm_staff_role`
--
ALTER TABLE `prm_staff_role`
  MODIFY `id` tinyint(3) UNSIGNED NOT NULL AUTO_INCREMENT, AUTO_INCREMENT=8;
--
-- AUTO_INCREMENT for table `prm_support_category`
--
ALTER TABLE `prm_support_category`
  MODIFY `id` int(10) UNSIGNED NOT NULL AUTO_INCREMENT, AUTO_INCREMENT=5;
--
-- AUTO_INCREMENT for table `prm_support_sub_category`
--
ALTER TABLE `prm_support_sub_category`
  MODIFY `id` int(10) UNSIGNED NOT NULL AUTO_INCREMENT, AUTO_INCREMENT=34;
--
-- AUTO_INCREMENT for table `ptm_day`
--
ALTER TABLE `ptm_day`
  MODIFY `id` smallint(5) UNSIGNED NOT NULL AUTO_INCREMENT, AUTO_INCREMENT=21;
--
-- AUTO_INCREMENT for table `ptm_event`
--
ALTER TABLE `ptm_event`
  MODIFY `id` smallint(5) UNSIGNED NOT NULL AUTO_INCREMENT, AUTO_INCREMENT=7;
--
-- AUTO_INCREMENT for table `ptm_reservation`
--
ALTER TABLE `ptm_reservation`
  MODIFY `id` int(10) UNSIGNED NOT NULL AUTO_INCREMENT;
--
-- AUTO_INCREMENT for table `ptm_setting`
--
ALTER TABLE `ptm_setting`
  MODIFY `tbl_id` int(10) UNSIGNED NOT NULL AUTO_INCREMENT, AUTO_INCREMENT=2;
--
-- AUTO_INCREMENT for table `ptm_slot`
--
ALTER TABLE `ptm_slot`
  MODIFY `id` smallint(5) UNSIGNED NOT NULL AUTO_INCREMENT, AUTO_INCREMENT=275;
--
-- AUTO_INCREMENT for table `pupil_support_teacher`
--
ALTER TABLE `pupil_support_teacher`
  MODIFY `tbl_id` int(6) UNSIGNED NOT NULL AUTO_INCREMENT, AUTO_INCREMENT=111;
--
-- AUTO_INCREMENT for table `staff_role`
--
ALTER TABLE `staff_role`
  MODIFY `tbl_id` tinyint(3) UNSIGNED NOT NULL AUTO_INCREMENT, AUTO_INCREMENT=26;
--
-- AUTO_INCREMENT for table `tp_period_cm`
--
ALTER TABLE `tp_period_cm`
  MODIFY `id` int(10) UNSIGNED NOT NULL AUTO_INCREMENT, AUTO_INCREMENT=320;
--
-- AUTO_INCREMENT for table `tp_period_ltp`
--
ALTER TABLE `tp_period_ltp`
  MODIFY `id` int(10) UNSIGNED NOT NULL AUTO_INCREMENT, AUTO_INCREMENT=59;
--
-- AUTO_INCREMENT for table `tp_period_stp`
--
ALTER TABLE `tp_period_stp`
  MODIFY `id` int(10) UNSIGNED NOT NULL AUTO_INCREMENT, AUTO_INCREMENT=55;
--
-- AUTO_INCREMENT for table `tp_plan_ltp`
--
ALTER TABLE `tp_plan_ltp`
  MODIFY `id` int(11) NOT NULL AUTO_INCREMENT, AUTO_INCREMENT=7;
--
-- AUTO_INCREMENT for table `tp_plan_school`
--
ALTER TABLE `tp_plan_school`
  MODIFY `id` int(11) NOT NULL AUTO_INCREMENT, AUTO_INCREMENT=5;
--
-- AUTO_INCREMENT for table `tp_plan_stp`
--
ALTER TABLE `tp_plan_stp`
  MODIFY `id` int(11) NOT NULL AUTO_INCREMENT;
--
-- AUTO_INCREMENT for table `tp_setting`
--
ALTER TABLE `tp_setting`
  MODIFY `tbl_id` int(10) UNSIGNED NOT NULL AUTO_INCREMENT, AUTO_INCREMENT=3;
--
-- Constraints for dumped tables
--

--
-- Constraints for table `ptm_day`
--
ALTER TABLE `ptm_day`
  ADD CONSTRAINT `ptm_event_day` FOREIGN KEY (`event_id`) REFERENCES `ptm_event` (`id`) ON DELETE CASCADE ON UPDATE CASCADE;

--
-- Constraints for table `ptm_reservation`
--
ALTER TABLE `ptm_reservation`
  ADD CONSTRAINT `ptm_day_reservation` FOREIGN KEY (`day_id`) REFERENCES `ptm_day` (`id`) ON UPDATE CASCADE,
  ADD CONSTRAINT `ptm_event_reservation` FOREIGN KEY (`event_id`) REFERENCES `ptm_event` (`id`) ON UPDATE CASCADE,
  ADD CONSTRAINT `ptm_slot_reservation` FOREIGN KEY (`slot_id`) REFERENCES `ptm_slot` (`id`) ON UPDATE CASCADE;

--
-- Constraints for table `ptm_slot`
--
ALTER TABLE `ptm_slot`
  ADD CONSTRAINT `ptm_day_slot` FOREIGN KEY (`day_id`) REFERENCES `ptm_day` (`id`) ON DELETE CASCADE ON UPDATE CASCADE,
  ADD CONSTRAINT `ptm_event_slot` FOREIGN KEY (`event_id`) REFERENCES `ptm_event` (`id`) ON DELETE CASCADE ON UPDATE CASCADE;

--
-- Constraints for table `tp_period_cm`
--
ALTER TABLE `tp_period_cm`
  ADD CONSTRAINT `cm_ltp` FOREIGN KEY (`ltp_id`) REFERENCES `tp_period_ltp` (`id`) ON DELETE CASCADE ON UPDATE NO ACTION;

--
-- Constraints for table `tp_period_stp`
--
ALTER TABLE `tp_period_stp`
  ADD CONSTRAINT `stp_ltp` FOREIGN KEY (`ltp_id`) REFERENCES `tp_period_ltp` (`id`) ON DELETE CASCADE ON UPDATE NO ACTION;

--
-- Constraints for table `tp_plan_ltp`
--
ALTER TABLE `tp_plan_ltp`
  ADD CONSTRAINT `plan_ltp` FOREIGN KEY (`ltp_id`) REFERENCES `tp_period_ltp` (`id`) ON DELETE CASCADE ON UPDATE NO ACTION;

/*!40101 SET CHARACTER_SET_CLIENT=@OLD_CHARACTER_SET_CLIENT */;
/*!40101 SET CHARACTER_SET_RESULTS=@OLD_CHARACTER_SET_RESULTS */;
/*!40101 SET COLLATION_CONNECTION=@OLD_COLLATION_CONNECTION */;
